{"CategoryName":"CywareIntelExchangePlaybooks","OverviewTemplatesDetails":[],"WidgetTemplates":[],"Definition":{"Identifier":"1559b488-0e82-426d-b38a-9e00d5f078e5","IsEnable":true,"Version":0.0,"IsArchived":false,"IsAutomatic":false,"Name":"Manual IOC - JIRA Issue Creation Input Block - Cyware Intel Exchange","Category":12,"Description":"Fetch the IOC fields as input for Cyware IOC - JIRA Issue Creation playbook.","ExecutionScope":1,"Priority":2,"Creator":"3177f40c-bbb5-41d0-a90f-557c6f4bb822","VersionCreator":null,"VersionComment":null,"OriginalWorkflowIdentifier":"58fa01e4-4317-4e4a-82f2-1786b690083b","TemplateName":null,"PlaybookType":1,"IsDebugMode":false,"DebugBaseAlertIdentifier":null,"DebugAlertIdentifier":null,"SimulationClone":false,"DefaultAccessLevel":2,"CreationSource":1,"Steps":[{"Identifier":"86f9a9b6-9493-4783-9ef5-13bc52baf69f","OriginalStepIdentifier":"a489d4e4-5423-443c-a09a-624b4eef43b2","ParentWorkflowIdentifier":"1559b488-0e82-426d-b38a-9e00d5f078e5","ParentStepIdentifiers":[],"ParentStepIdentifier":"","PreviousResultCondition":"{}","InstanceName":"Extract Input","IsAutomatic":true,"Name":"Tools_Unflatten JSON","IsSkippable":false,"Description":"Extract input params.","ActionProvider":"Scripts","ActionName":"Tools_Unflatten JSON","Type":0,"Integration":"Tools","Parameters":[{"ParentStepIdentifier":"86f9a9b6-9493-4783-9ef5-13bc52baf69f","ParentWorkflowIdentifier":"1559b488-0e82-426d-b38a-9e00d5f078e5","Name":"AssignedUsers","Value":null},{"ParentStepIdentifier":"86f9a9b6-9493-4783-9ef5-13bc52baf69f","ParentWorkflowIdentifier":"1559b488-0e82-426d-b38a-9e00d5f078e5","Name":"DynamicInjectionInstancePlaceholder","Value":""},{"ParentStepIdentifier":"86f9a9b6-9493-4783-9ef5-13bc52baf69f","ParentWorkflowIdentifier":"1559b488-0e82-426d-b38a-9e00d5f078e5","Name":"FallbackIntegrationInstance","Value":"0d774e7b-6e5f-4e6e-9915-a242701644f9"},{"ParentStepIdentifier":"86f9a9b6-9493-4783-9ef5-13bc52baf69f","ParentWorkflowIdentifier":"1559b488-0e82-426d-b38a-9e00d5f078e5","Name":"FetchInstanceByName","Value":"false"},{"ParentStepIdentifier":"86f9a9b6-9493-4783-9ef5-13bc52baf69f","ParentWorkflowIdentifier":"1559b488-0e82-426d-b38a-9e00d5f078e5","Name":"HasApprovalLink","Value":null},{"ParentStepIdentifier":"86f9a9b6-9493-4783-9ef5-13bc52baf69f","ParentWorkflowIdentifier":"1559b488-0e82-426d-b38a-9e00d5f078e5","Name":"IntegrationInstance","Value":"AutomaticEnvironment"},{"ParentStepIdentifier":"86f9a9b6-9493-4783-9ef5-13bc52baf69f","ParentWorkflowIdentifier":"1559b488-0e82-426d-b38a-9e00d5f078e5","Name":"MessageToAssignee","Value":null},{"ParentStepIdentifier":"86f9a9b6-9493-4783-9ef5-13bc52baf69f","ParentWorkflowIdentifier":"1559b488-0e82-426d-b38a-9e00d5f078e5","Name":"PendingActionTimeout","Value":null},{"ParentStepIdentifier":"86f9a9b6-9493-4783-9ef5-13bc52baf69f","ParentWorkflowIdentifier":"1559b488-0e82-426d-b38a-9e00d5f078e5","Name":"RetryConfiguration","Value":"{\"Enabled\":false,\"IntervalInSeconds\":30,\"NumberOfRetries\":1}"},{"ParentStepIdentifier":"86f9a9b6-9493-4783-9ef5-13bc52baf69f","ParentWorkflowIdentifier":"1559b488-0e82-426d-b38a-9e00d5f078e5","Name":"ScriptName","Value":"Tools_Unflatten JSON"},{"ParentStepIdentifier":"86f9a9b6-9493-4783-9ef5-13bc52baf69f","ParentWorkflowIdentifier":"1559b488-0e82-426d-b38a-9e00d5f078e5","Name":"ScriptParametersEntityFields","Value":"{\"JSON Object\":\"{\\n\\\"data\\\":{\\n\\\"ioc_fields\\\":\\\"[Input.IOC Fields]\\\",\\n\\\"jira_project_key\\\":\\\"[Input.Jira Project Key]\\\"\\n}\\n}\",\"Delimiter\":\"_\"}"},{"ParentStepIdentifier":"86f9a9b6-9493-4783-9ef5-13bc52baf69f","ParentWorkflowIdentifier":"1559b488-0e82-426d-b38a-9e00d5f078e5","Name":"SelectedScopeName","Value":"All entities"},{"ParentStepIdentifier":"86f9a9b6-9493-4783-9ef5-13bc52baf69f","ParentWorkflowIdentifier":"1559b488-0e82-426d-b38a-9e00d5f078e5","Name":"UseEntitiesLoopScope","Value":null}],"AutoSkipOnFailure":false,"IsDebugMockData":false,"StepDebugData":null,"ParentStepContainerId":null,"IsTouchedByAi":false,"StartLoopStepIdentifier":null,"ParallelActions":[]},{"Identifier":"d9e2d476-0379-4647-82a6-b6b58e98b7e2","OriginalStepIdentifier":"f76c5b00-00c3-4d39-b366-e0486dd06c74","ParentWorkflowIdentifier":"1559b488-0e82-426d-b38a-9e00d5f078e5","ParentStepIdentifiers":["86f9a9b6-9493-4783-9ef5-13bc52baf69f"],"ParentStepIdentifier":"86f9a9b6-9493-4783-9ef5-13bc52baf69f","PreviousResultCondition":"{}","InstanceName":"Output_1","IsAutomatic":true,"Name":"Output","IsSkippable":false,"Description":"","ActionProvider":"Flow","ActionName":"OutputAction","Type":6,"Integration":"Flow","Parameters":[{"ParentStepIdentifier":"d9e2d476-0379-4647-82a6-b6b58e98b7e2","ParentWorkflowIdentifier":"1559b488-0e82-426d-b38a-9e00d5f078e5","Name":"NestedWorkflowOutput","Value":"[Extract Input.JsonResult]"}],"AutoSkipOnFailure":false,"IsDebugMockData":false,"StepDebugData":null,"ParentStepContainerId":null,"IsTouchedByAi":false,"StartLoopStepIdentifier":null,"ParallelActions":[]}],"Triggers":[{"Identifier":"05060dba-fdfc-44b3-9e65-5a1d31f6d172","IsEnabled":true,"DefinitionIdentifier":"1559b488-0e82-426d-b38a-9e00d5f078e5","Type":11,"WorkflowName":null,"LogicalOperator":0,"Conditions":[{"FieldName":"IOC Fields","MatchType":0,"Value":null,"CustomOperatorName":null},{"FieldName":"Jira Project Key","MatchType":0,"Value":null,"CustomOperatorName":null}],"ReactionLogicalOperator":1,"ReactionConditions":null,"Environments":["*"]}],"OverviewTemplates":[],"Permissions":[],"Environments":["*"]}}