{"CategoryName":"CywareIntelExchangePlaybooks","OverviewTemplatesDetails":[],"WidgetTemplates":[],"Definition":{"Identifier":"24364c2a-098d-477d-9e2f-abb6661a5f6a","IsEnable":true,"Version":0.0,"IsArchived":false,"IsAutomatic":false,"Name":"Add-Remove IOC from Allowed List - Cyware Intel Exchange","Category":12,"Description":"Add or remove IOC from allowed list based on confidence score of IOC in Cyware Intel Exchange.","ExecutionScope":1,"Priority":1,"Creator":"2ad92bfc-4521-467b-afef-7163569481dc","VersionCreator":null,"VersionComment":null,"OriginalWorkflowIdentifier":"408fa0ff-8973-4a8b-b781-58d962971953","TemplateName":null,"PlaybookType":0,"IsDebugMode":false,"DebugBaseAlertIdentifier":null,"DebugAlertIdentifier":null,"SimulationClone":false,"DefaultAccessLevel":2,"CreationSource":1,"Steps":[{"Identifier":"0c8214cf-825e-41d1-b1a8-4048bb650f5d","OriginalStepIdentifier":"8bd80d89-673b-4d40-85c4-6b8fc2bb3287","ParentWorkflowIdentifier":"24364c2a-098d-477d-9e2f-abb6661a5f6a","ParentStepIdentifiers":["f697688d-b66c-4ed0-83ec-0db5d56f73b7"],"ParentStepIdentifier":"f697688d-b66c-4ed0-83ec-0db5d56f73b7","PreviousResultCondition":"{\"f697688d-b66c-4ed0-83ec-0db5d56f73b7\":\"2\"}","InstanceName":"Case Comment","IsAutomatic":true,"Name":"Siemplify_Case Comment","IsSkippable":false,"Description":"Add a comment to the case the current alert has been grouped to","ActionProvider":"Scripts","ActionName":"Siemplify_Case Comment","Type":0,"Integration":"Siemplify","Parameters":[{"ParentStepIdentifier":"0c8214cf-825e-41d1-b1a8-4048bb650f5d","ParentWorkflowIdentifier":"24364c2a-098d-477d-9e2f-abb6661a5f6a","Name":"AssignedUsers","Value":null},{"ParentStepIdentifier":"0c8214cf-825e-41d1-b1a8-4048bb650f5d","ParentWorkflowIdentifier":"24364c2a-098d-477d-9e2f-abb6661a5f6a","Name":"DynamicInjectionInstancePlaceholder","Value":""},{"ParentStepIdentifier":"0c8214cf-825e-41d1-b1a8-4048bb650f5d","ParentWorkflowIdentifier":"24364c2a-098d-477d-9e2f-abb6661a5f6a","Name":"FallbackIntegrationInstance","Value":null},{"ParentStepIdentifier":"0c8214cf-825e-41d1-b1a8-4048bb650f5d","ParentWorkflowIdentifier":"24364c2a-098d-477d-9e2f-abb6661a5f6a","Name":"FetchInstanceByName","Value":"false"},{"ParentStepIdentifier":"0c8214cf-825e-41d1-b1a8-4048bb650f5d","ParentWorkflowIdentifier":"24364c2a-098d-477d-9e2f-abb6661a5f6a","Name":"HasApprovalLink","Value":null},{"ParentStepIdentifier":"0c8214cf-825e-41d1-b1a8-4048bb650f5d","ParentWorkflowIdentifier":"24364c2a-098d-477d-9e2f-abb6661a5f6a","Name":"IntegrationInstance","Value":"AutomaticEnvironment"},{"ParentStepIdentifier":"0c8214cf-825e-41d1-b1a8-4048bb650f5d","ParentWorkflowIdentifier":"24364c2a-098d-477d-9e2f-abb6661a5f6a","Name":"MessageToAssignee","Value":null},{"ParentStepIdentifier":"0c8214cf-825e-41d1-b1a8-4048bb650f5d","ParentWorkflowIdentifier":"24364c2a-098d-477d-9e2f-abb6661a5f6a","Name":"PendingActionTimeout","Value":null},{"ParentStepIdentifier":"0c8214cf-825e-41d1-b1a8-4048bb650f5d","ParentWorkflowIdentifier":"24364c2a-098d-477d-9e2f-abb6661a5f6a","Name":"RetryConfiguration","Value":"{\"Enabled\":false,\"IntervalInSeconds\":30,\"NumberOfRetries\":1}"},{"ParentStepIdentifier":"0c8214cf-825e-41d1-b1a8-4048bb650f5d","ParentWorkflowIdentifier":"24364c2a-098d-477d-9e2f-abb6661a5f6a","Name":"ScriptName","Value":"Siemplify_Case Comment"},{"ParentStepIdentifier":"0c8214cf-825e-41d1-b1a8-4048bb650f5d","ParentWorkflowIdentifier":"24364c2a-098d-477d-9e2f-abb6661a5f6a","Name":"ScriptParametersEntityFields","Value":"{\"Comment\":\"IOC - [Loop.Entity.Identifier] does not exist in Cyware Intel Exchange.\"}"},{"ParentStepIdentifier":"0c8214cf-825e-41d1-b1a8-4048bb650f5d","ParentWorkflowIdentifier":"24364c2a-098d-477d-9e2f-abb6661a5f6a","Name":"SelectedScopeName","Value":"All entities"},{"ParentStepIdentifier":"0c8214cf-825e-41d1-b1a8-4048bb650f5d","ParentWorkflowIdentifier":"24364c2a-098d-477d-9e2f-abb6661a5f6a","Name":"UseEntitiesLoopScope","Value":"true"}],"AutoSkipOnFailure":false,"IsDebugMockData":false,"StepDebugData":{"CreationTimeUnixTimeInMs":0,"ModificationTimeUnixTimeInMs":0,"OriginalWorkflowIdentifier":"408fa0ff-8973-4a8b-b781-58d962971953","OriginalStepIdentifier":"8bd80d89-673b-4d40-85c4-6b8fc2bb3287","ResultValue":"","ResultJson":"","ScopeEntitiesEnrichmentData":[],"ScopeEntitiesEnrichmentDataJson":"[]"},"ParentStepContainerId":null,"IsTouchedByAi":false,"StartLoopStepIdentifier":"a3ad8870-969d-40d1-ae09-a0ebbd2d3fc0","ParallelActions":[]},{"Identifier":"17854213-1dd3-4abe-9891-5c99ccab1977","OriginalStepIdentifier":"b7992364-5803-42a4-963e-2f92f4ed6b68","ParentWorkflowIdentifier":"24364c2a-098d-477d-9e2f-abb6661a5f6a","ParentStepIdentifiers":["29f97643-71a6-4813-8668-d9f7aa5011e0"],"ParentStepIdentifier":"29f97643-71a6-4813-8668-d9f7aa5011e0","PreviousResultCondition":"{}","InstanceName":"Check IP Type","IsAutomatic":true,"Name":"Condition","IsSkippable":false,"Description":"This condition determines the progress of the playbook. Conditions are built based on cases data (cases, alerts, vents, entities and environment properties) as-well as data that comes back from previous playbook steps.","ActionProvider":"Flow","ActionName":"IfFlowCondition","Type":4,"Integration":"Flow","Parameters":[{"ParentStepIdentifier":"17854213-1dd3-4abe-9891-5c99ccab1977","ParentWorkflowIdentifier":"24364c2a-098d-477d-9e2f-abb6661a5f6a","Name":"AssignedUsers","Value":null},{"ParentStepIdentifier":"17854213-1dd3-4abe-9891-5c99ccab1977","ParentWorkflowIdentifier":"24364c2a-098d-477d-9e2f-abb6661a5f6a","Name":"Branches","Value":"[{\"LogicalOperator\":0,\"Conditions\":[{\"Operator\":0,\"FieldName\":\"[Detect IP Type.JsonResult| \\\"IPType\\\" | getByIndex(\\\"0\\\")]\",\"Type\":7,\"Value\":\"IPV4\",\"CustomOperatorName\":null}],\"Order\":1,\"IsDefaultBranch\":false,\"Name\":\"IPV4\"},{\"LogicalOperator\":0,\"Conditions\":[],\"Order\":3,\"IsDefaultBranch\":true,\"Name\":\"Branch\"},{\"LogicalOperator\":0,\"Conditions\":[{\"Operator\":0,\"FieldName\":\"[Detect IP Type.JsonResult| \\\"IPType\\\" | getByIndex(\\\"0\\\")]\",\"Type\":7,\"Value\":\"IPV6\",\"CustomOperatorName\":null}],\"Order\":2,\"IsDefaultBranch\":false,\"Name\":\"IPV6\"}]"},{"ParentStepIdentifier":"17854213-1dd3-4abe-9891-5c99ccab1977","ParentWorkflowIdentifier":"24364c2a-098d-477d-9e2f-abb6661a5f6a","Name":"ErrorFallbackBranch","Value":null},{"ParentStepIdentifier":"17854213-1dd3-4abe-9891-5c99ccab1977","ParentWorkflowIdentifier":"24364c2a-098d-477d-9e2f-abb6661a5f6a","Name":"HasApprovalLink","Value":null},{"ParentStepIdentifier":"17854213-1dd3-4abe-9891-5c99ccab1977","ParentWorkflowIdentifier":"24364c2a-098d-477d-9e2f-abb6661a5f6a","Name":"MessageToAssignee","Value":null},{"ParentStepIdentifier":"17854213-1dd3-4abe-9891-5c99ccab1977","ParentWorkflowIdentifier":"24364c2a-098d-477d-9e2f-abb6661a5f6a","Name":"PendingActionTimeout","Value":null},{"ParentStepIdentifier":"17854213-1dd3-4abe-9891-5c99ccab1977","ParentWorkflowIdentifier":"24364c2a-098d-477d-9e2f-abb6661a5f6a","Name":"SelectedScopeName","Value":"All entities"},{"ParentStepIdentifier":"17854213-1dd3-4abe-9891-5c99ccab1977","ParentWorkflowIdentifier":"24364c2a-098d-477d-9e2f-abb6661a5f6a","Name":"UseEntitiesLoopScope","Value":"true"}],"AutoSkipOnFailure":false,"IsDebugMockData":false,"StepDebugData":null,"ParentStepContainerId":null,"IsTouchedByAi":false,"StartLoopStepIdentifier":"a3ad8870-969d-40d1-ae09-a0ebbd2d3fc0","ParallelActions":[]},{"Identifier":"1c4b6eea-f1a4-49e7-935d-666f6d3f0478","OriginalStepIdentifier":"a3e2d93b-37d6-46c7-8bab-efbc9e19539d","ParentWorkflowIdentifier":"24364c2a-098d-477d-9e2f-abb6661a5f6a","ParentStepIdentifiers":["17854213-1dd3-4abe-9891-5c99ccab1977"],"ParentStepIdentifier":"17854213-1dd3-4abe-9891-5c99ccab1977","PreviousResultCondition":"{\"17854213-1dd3-4abe-9891-5c99ccab1977\":\"2\"}","InstanceName":"Add-Remove IOC from Allowed List Block - Cyware Intel Exchange_1","IsAutomatic":true,"Name":"Add-Remove IOC from Allowed List Block - Cyware Intel Exchange","IsSkippable":false,"Description":"An embedded workflow that can receive inputs and \n\nSimulator\nPlaybook\n\n\n\n\nreturn an output.","ActionProvider":"Flow","ActionName":"NestedAction","Type":5,"Integration":"Siemplify","Parameters":[{"ParentStepIdentifier":"1c4b6eea-f1a4-49e7-935d-666f6d3f0478","ParentWorkflowIdentifier":"24364c2a-098d-477d-9e2f-abb6661a5f6a","Name":"AssignedUsers","Value":null},{"ParentStepIdentifier":"1c4b6eea-f1a4-49e7-935d-666f6d3f0478","ParentWorkflowIdentifier":"24364c2a-098d-477d-9e2f-abb6661a5f6a","Name":"HasApprovalLink","Value":"false"},{"ParentStepIdentifier":"1c4b6eea-f1a4-49e7-935d-666f6d3f0478","ParentWorkflowIdentifier":"24364c2a-098d-477d-9e2f-abb6661a5f6a","Name":"MessageToAssignee","Value":null},{"ParentStepIdentifier":"1c4b6eea-f1a4-49e7-935d-666f6d3f0478","ParentWorkflowIdentifier":"24364c2a-098d-477d-9e2f-abb6661a5f6a","Name":"NestedWorkflowIdentifier","Value":"3fb35446-d661-41b6-af36-5294c7d25583"},{"ParentStepIdentifier":"1c4b6eea-f1a4-49e7-935d-666f6d3f0478","ParentWorkflowIdentifier":"24364c2a-098d-477d-9e2f-abb6661a5f6a","Name":"NestedWorkflowInputs","Value":"[{\"FieldName\":\"Confidence Score\",\"Value\":\"[Get IOC Details.JsonResult| \\\"results.confidence_score\\\" | getByIndex(\\\"0\\\")]\"},{\"FieldName\":\"IOC Value\",\"Value\":\"[Loop.Entity.Identifier]\"},{\"FieldName\":\"IOC Type\",\"Value\":\"ipv6-addr\"}]"},{"ParentStepIdentifier":"1c4b6eea-f1a4-49e7-935d-666f6d3f0478","ParentWorkflowIdentifier":"24364c2a-098d-477d-9e2f-abb6661a5f6a","Name":"PendingActionTimeout","Value":null},{"ParentStepIdentifier":"1c4b6eea-f1a4-49e7-935d-666f6d3f0478","ParentWorkflowIdentifier":"24364c2a-098d-477d-9e2f-abb6661a5f6a","Name":"UseEntitiesLoopScope","Value":"true"}],"AutoSkipOnFailure":false,"IsDebugMockData":false,"StepDebugData":null,"ParentStepContainerId":null,"IsTouchedByAi":false,"StartLoopStepIdentifier":"a3ad8870-969d-40d1-ae09-a0ebbd2d3fc0","ParallelActions":[]},{"Identifier":"29c01149-84ff-4468-a824-1442949ea622","OriginalStepIdentifier":"8e9620a1-d307-4549-819f-ac6aefbf10c0","ParentWorkflowIdentifier":"24364c2a-098d-477d-9e2f-abb6661a5f6a","ParentStepIdentifiers":["c5fa2e48-8bd7-4a04-9f93-73a63b5ef808"],"ParentStepIdentifier":"c5fa2e48-8bd7-4a04-9f93-73a63b5ef808","PreviousResultCondition":"{\"c5fa2e48-8bd7-4a04-9f93-73a63b5ef808\":\"1\"}","InstanceName":"Add-Remove Indicator in Allowed List Block - Cyware Intel Exchange_1","IsAutomatic":true,"Name":"Add-Remove IOC from Allowed List Block - Cyware Intel Exchange","IsSkippable":false,"Description":"An embedded workflow that can receive inputs and \n\nSimulator\nPlaybook\n\n\n\n\nreturn an output.","ActionProvider":"Flow","ActionName":"NestedAction","Type":5,"Integration":"Siemplify","Parameters":[{"ParentStepIdentifier":"29c01149-84ff-4468-a824-1442949ea622","ParentWorkflowIdentifier":"24364c2a-098d-477d-9e2f-abb6661a5f6a","Name":"AssignedUsers","Value":null},{"ParentStepIdentifier":"29c01149-84ff-4468-a824-1442949ea622","ParentWorkflowIdentifier":"24364c2a-098d-477d-9e2f-abb6661a5f6a","Name":"HasApprovalLink","Value":null},{"ParentStepIdentifier":"29c01149-84ff-4468-a824-1442949ea622","ParentWorkflowIdentifier":"24364c2a-098d-477d-9e2f-abb6661a5f6a","Name":"MessageToAssignee","Value":null},{"ParentStepIdentifier":"29c01149-84ff-4468-a824-1442949ea622","ParentWorkflowIdentifier":"24364c2a-098d-477d-9e2f-abb6661a5f6a","Name":"NestedWorkflowIdentifier","Value":"3fb35446-d661-41b6-af36-5294c7d25583"},{"ParentStepIdentifier":"29c01149-84ff-4468-a824-1442949ea622","ParentWorkflowIdentifier":"24364c2a-098d-477d-9e2f-abb6661a5f6a","Name":"NestedWorkflowInputs","Value":"[{\"FieldName\":\"Confidence Score\",\"Value\":\"[Get IOC Details.JsonResult| \\\"results.confidence_score\\\" | getByIndex(\\\"0\\\")]\\n\"},{\"FieldName\":\"IOC Value\",\"Value\":\"[Loop.Entity.Identifier]\"},{\"FieldName\":\"IOC Type\",\"Value\":\"url\"}]"},{"ParentStepIdentifier":"29c01149-84ff-4468-a824-1442949ea622","ParentWorkflowIdentifier":"24364c2a-098d-477d-9e2f-abb6661a5f6a","Name":"PendingActionTimeout","Value":null},{"ParentStepIdentifier":"29c01149-84ff-4468-a824-1442949ea622","ParentWorkflowIdentifier":"24364c2a-098d-477d-9e2f-abb6661a5f6a","Name":"UseEntitiesLoopScope","Value":"true"}],"AutoSkipOnFailure":false,"IsDebugMockData":false,"StepDebugData":null,"ParentStepContainerId":null,"IsTouchedByAi":false,"StartLoopStepIdentifier":"a3ad8870-969d-40d1-ae09-a0ebbd2d3fc0","ParallelActions":[]},{"Identifier":"29f97643-71a6-4813-8668-d9f7aa5011e0","OriginalStepIdentifier":"1a2b6f14-44f5-4292-a5dd-a25f186f1507","ParentWorkflowIdentifier":"24364c2a-098d-477d-9e2f-abb6661a5f6a","ParentStepIdentifiers":["c5fa2e48-8bd7-4a04-9f93-73a63b5ef808"],"ParentStepIdentifier":"c5fa2e48-8bd7-4a04-9f93-73a63b5ef808","PreviousResultCondition":"{\"c5fa2e48-8bd7-4a04-9f93-73a63b5ef808\":\"4\"}","InstanceName":"Detect IP Type","IsAutomatic":true,"Name":"Functions_Detect IP Type","IsSkippable":false,"Description":"This action checks if an IP is an IPv4 address or IPv6 address.  IP Address entities will be enriched with IPType field.","ActionProvider":"Scripts","ActionName":"Functions_Detect IP Type","Type":0,"Integration":"Functions","Parameters":[{"ParentStepIdentifier":"29f97643-71a6-4813-8668-d9f7aa5011e0","ParentWorkflowIdentifier":"24364c2a-098d-477d-9e2f-abb6661a5f6a","Name":"AssignedUsers","Value":null},{"ParentStepIdentifier":"29f97643-71a6-4813-8668-d9f7aa5011e0","ParentWorkflowIdentifier":"24364c2a-098d-477d-9e2f-abb6661a5f6a","Name":"DynamicInjectionInstancePlaceholder","Value":""},{"ParentStepIdentifier":"29f97643-71a6-4813-8668-d9f7aa5011e0","ParentWorkflowIdentifier":"24364c2a-098d-477d-9e2f-abb6661a5f6a","Name":"FallbackIntegrationInstance","Value":null},{"ParentStepIdentifier":"29f97643-71a6-4813-8668-d9f7aa5011e0","ParentWorkflowIdentifier":"24364c2a-098d-477d-9e2f-abb6661a5f6a","Name":"FetchInstanceByName","Value":"false"},{"ParentStepIdentifier":"29f97643-71a6-4813-8668-d9f7aa5011e0","ParentWorkflowIdentifier":"24364c2a-098d-477d-9e2f-abb6661a5f6a","Name":"HasApprovalLink","Value":null},{"ParentStepIdentifier":"29f97643-71a6-4813-8668-d9f7aa5011e0","ParentWorkflowIdentifier":"24364c2a-098d-477d-9e2f-abb6661a5f6a","Name":"IntegrationInstance","Value":"AutomaticEnvironment"},{"ParentStepIdentifier":"29f97643-71a6-4813-8668-d9f7aa5011e0","ParentWorkflowIdentifier":"24364c2a-098d-477d-9e2f-abb6661a5f6a","Name":"MessageToAssignee","Value":null},{"ParentStepIdentifier":"29f97643-71a6-4813-8668-d9f7aa5011e0","ParentWorkflowIdentifier":"24364c2a-098d-477d-9e2f-abb6661a5f6a","Name":"PendingActionTimeout","Value":null},{"ParentStepIdentifier":"29f97643-71a6-4813-8668-d9f7aa5011e0","ParentWorkflowIdentifier":"24364c2a-098d-477d-9e2f-abb6661a5f6a","Name":"RetryConfiguration","Value":"{\"Enabled\":false,\"IntervalInSeconds\":30,\"NumberOfRetries\":1}"},{"ParentStepIdentifier":"29f97643-71a6-4813-8668-d9f7aa5011e0","ParentWorkflowIdentifier":"24364c2a-098d-477d-9e2f-abb6661a5f6a","Name":"ScriptName","Value":"Functions_Detect IP Type"},{"ParentStepIdentifier":"29f97643-71a6-4813-8668-d9f7aa5011e0","ParentWorkflowIdentifier":"24364c2a-098d-477d-9e2f-abb6661a5f6a","Name":"ScriptParametersEntityFields","Value":"{\"IP Addresses\":\"[Loop.Entity.Identifier]\"}"},{"ParentStepIdentifier":"29f97643-71a6-4813-8668-d9f7aa5011e0","ParentWorkflowIdentifier":"24364c2a-098d-477d-9e2f-abb6661a5f6a","Name":"SelectedScopeName","Value":"All entities"},{"ParentStepIdentifier":"29f97643-71a6-4813-8668-d9f7aa5011e0","ParentWorkflowIdentifier":"24364c2a-098d-477d-9e2f-abb6661a5f6a","Name":"UseEntitiesLoopScope","Value":"true"}],"AutoSkipOnFailure":false,"IsDebugMockData":false,"StepDebugData":null,"ParentStepContainerId":null,"IsTouchedByAi":false,"StartLoopStepIdentifier":"a3ad8870-969d-40d1-ae09-a0ebbd2d3fc0","ParallelActions":[]},{"Identifier":"3ee2fe06-24e7-4b76-8e05-6083f7a3604f","OriginalStepIdentifier":"0b422047-f2a6-4b98-8b01-276169ee10f3","ParentWorkflowIdentifier":"24364c2a-098d-477d-9e2f-abb6661a5f6a","ParentStepIdentifiers":["c5fa2e48-8bd7-4a04-9f93-73a63b5ef808"],"ParentStepIdentifier":"c5fa2e48-8bd7-4a04-9f93-73a63b5ef808","PreviousResultCondition":"{\"c5fa2e48-8bd7-4a04-9f93-73a63b5ef808\":\"2\"}","InstanceName":"Add-Remove Indicator in Allowed List Block - Cyware Intel Exchange_2","IsAutomatic":true,"Name":"Add-Remove IOC from Allowed List Block - Cyware Intel Exchange","IsSkippable":false,"Description":"An embedded workflow that can receive inputs and \n\nSimulator\nPlaybook\n\n\n\n\nreturn an output.","ActionProvider":"Flow","ActionName":"NestedAction","Type":5,"Integration":"Siemplify","Parameters":[{"ParentStepIdentifier":"3ee2fe06-24e7-4b76-8e05-6083f7a3604f","ParentWorkflowIdentifier":"24364c2a-098d-477d-9e2f-abb6661a5f6a","Name":"AssignedUsers","Value":null},{"ParentStepIdentifier":"3ee2fe06-24e7-4b76-8e05-6083f7a3604f","ParentWorkflowIdentifier":"24364c2a-098d-477d-9e2f-abb6661a5f6a","Name":"HasApprovalLink","Value":"false"},{"ParentStepIdentifier":"3ee2fe06-24e7-4b76-8e05-6083f7a3604f","ParentWorkflowIdentifier":"24364c2a-098d-477d-9e2f-abb6661a5f6a","Name":"MessageToAssignee","Value":null},{"ParentStepIdentifier":"3ee2fe06-24e7-4b76-8e05-6083f7a3604f","ParentWorkflowIdentifier":"24364c2a-098d-477d-9e2f-abb6661a5f6a","Name":"NestedWorkflowIdentifier","Value":"3fb35446-d661-41b6-af36-5294c7d25583"},{"ParentStepIdentifier":"3ee2fe06-24e7-4b76-8e05-6083f7a3604f","ParentWorkflowIdentifier":"24364c2a-098d-477d-9e2f-abb6661a5f6a","Name":"NestedWorkflowInputs","Value":"[{\"FieldName\":\"Confidence Score\",\"Value\":\"[Get IOC Details.JsonResult| \\\"results.confidence_score\\\" | getByIndex(\\\"0\\\")]\"},{\"FieldName\":\"IOC Value\",\"Value\":\"[Loop.Entity.Identifier]\"},{\"FieldName\":\"IOC Type\",\"Value\":\"domain-name\"}]"},{"ParentStepIdentifier":"3ee2fe06-24e7-4b76-8e05-6083f7a3604f","ParentWorkflowIdentifier":"24364c2a-098d-477d-9e2f-abb6661a5f6a","Name":"PendingActionTimeout","Value":null},{"ParentStepIdentifier":"3ee2fe06-24e7-4b76-8e05-6083f7a3604f","ParentWorkflowIdentifier":"24364c2a-098d-477d-9e2f-abb6661a5f6a","Name":"UseEntitiesLoopScope","Value":"true"}],"AutoSkipOnFailure":false,"IsDebugMockData":false,"StepDebugData":null,"ParentStepContainerId":null,"IsTouchedByAi":false,"StartLoopStepIdentifier":"a3ad8870-969d-40d1-ae09-a0ebbd2d3fc0","ParallelActions":[]},{"Identifier":"62abe01c-5bec-4965-a23b-151d8fbe4444","OriginalStepIdentifier":"2e3612f9-e030-493b-bc97-aa6442f9d3d7","ParentWorkflowIdentifier":"24364c2a-098d-477d-9e2f-abb6661a5f6a","ParentStepIdentifiers":["c5fa2e48-8bd7-4a04-9f93-73a63b5ef808"],"ParentStepIdentifier":"c5fa2e48-8bd7-4a04-9f93-73a63b5ef808","PreviousResultCondition":"{\"c5fa2e48-8bd7-4a04-9f93-73a63b5ef808\":\"5\"}","InstanceName":"Case Comment 2","IsAutomatic":true,"Name":"Siemplify_Case Comment","IsSkippable":false,"Description":"Add a comment to the case the current alert has been grouped to","ActionProvider":"Scripts","ActionName":"Siemplify_Case Comment","Type":0,"Integration":"Siemplify","Parameters":[{"ParentStepIdentifier":"62abe01c-5bec-4965-a23b-151d8fbe4444","ParentWorkflowIdentifier":"24364c2a-098d-477d-9e2f-abb6661a5f6a","Name":"AssignedUsers","Value":null},{"ParentStepIdentifier":"62abe01c-5bec-4965-a23b-151d8fbe4444","ParentWorkflowIdentifier":"24364c2a-098d-477d-9e2f-abb6661a5f6a","Name":"DynamicInjectionInstancePlaceholder","Value":""},{"ParentStepIdentifier":"62abe01c-5bec-4965-a23b-151d8fbe4444","ParentWorkflowIdentifier":"24364c2a-098d-477d-9e2f-abb6661a5f6a","Name":"FallbackIntegrationInstance","Value":null},{"ParentStepIdentifier":"62abe01c-5bec-4965-a23b-151d8fbe4444","ParentWorkflowIdentifier":"24364c2a-098d-477d-9e2f-abb6661a5f6a","Name":"FetchInstanceByName","Value":"false"},{"ParentStepIdentifier":"62abe01c-5bec-4965-a23b-151d8fbe4444","ParentWorkflowIdentifier":"24364c2a-098d-477d-9e2f-abb6661a5f6a","Name":"HasApprovalLink","Value":"false"},{"ParentStepIdentifier":"62abe01c-5bec-4965-a23b-151d8fbe4444","ParentWorkflowIdentifier":"24364c2a-098d-477d-9e2f-abb6661a5f6a","Name":"IntegrationInstance","Value":"AutomaticEnvironment"},{"ParentStepIdentifier":"62abe01c-5bec-4965-a23b-151d8fbe4444","ParentWorkflowIdentifier":"24364c2a-098d-477d-9e2f-abb6661a5f6a","Name":"MessageToAssignee","Value":null},{"ParentStepIdentifier":"62abe01c-5bec-4965-a23b-151d8fbe4444","ParentWorkflowIdentifier":"24364c2a-098d-477d-9e2f-abb6661a5f6a","Name":"PendingActionTimeout","Value":null},{"ParentStepIdentifier":"62abe01c-5bec-4965-a23b-151d8fbe4444","ParentWorkflowIdentifier":"24364c2a-098d-477d-9e2f-abb6661a5f6a","Name":"RetryConfiguration","Value":"{\"Enabled\":false,\"IntervalInSeconds\":30,\"NumberOfRetries\":1}"},{"ParentStepIdentifier":"62abe01c-5bec-4965-a23b-151d8fbe4444","ParentWorkflowIdentifier":"24364c2a-098d-477d-9e2f-abb6661a5f6a","Name":"ScriptName","Value":"Siemplify_Case Comment"},{"ParentStepIdentifier":"62abe01c-5bec-4965-a23b-151d8fbe4444","ParentWorkflowIdentifier":"24364c2a-098d-477d-9e2f-abb6661a5f6a","Name":"ScriptParametersEntityFields","Value":"{\"Comment\":\"For IOC - [Loop.Entity.Identifier], IOC Type - [Entity.Type] is unsupported for the playbook.\"}"},{"ParentStepIdentifier":"62abe01c-5bec-4965-a23b-151d8fbe4444","ParentWorkflowIdentifier":"24364c2a-098d-477d-9e2f-abb6661a5f6a","Name":"SelectedScopeName","Value":"All entities"},{"ParentStepIdentifier":"62abe01c-5bec-4965-a23b-151d8fbe4444","ParentWorkflowIdentifier":"24364c2a-098d-477d-9e2f-abb6661a5f6a","Name":"UseEntitiesLoopScope","Value":"true"}],"AutoSkipOnFailure":false,"IsDebugMockData":false,"StepDebugData":null,"ParentStepContainerId":null,"IsTouchedByAi":false,"StartLoopStepIdentifier":"a3ad8870-969d-40d1-ae09-a0ebbd2d3fc0","ParallelActions":[]},{"Identifier":"6c9f37d6-ebef-4f02-beda-89f03bca872e","OriginalStepIdentifier":"2e67320e-74f1-4eb0-8b13-bbf4731b30f9","ParentWorkflowIdentifier":"24364c2a-098d-477d-9e2f-abb6661a5f6a","ParentStepIdentifiers":["c5fa2e48-8bd7-4a04-9f93-73a63b5ef808"],"ParentStepIdentifier":"c5fa2e48-8bd7-4a04-9f93-73a63b5ef808","PreviousResultCondition":"{\"c5fa2e48-8bd7-4a04-9f93-73a63b5ef808\":\"3\"}","InstanceName":"Add-Remove Indicator in Allowed List Block - Cyware Intel Exchange_3","IsAutomatic":true,"Name":"Add-Remove IOC from Allowed List Block - Cyware Intel Exchange","IsSkippable":false,"Description":"An embedded workflow that can receive inputs and \n\nSimulator\nPlaybook\n\n\n\n\nreturn an output.","ActionProvider":"Flow","ActionName":"NestedAction","Type":5,"Integration":"Siemplify","Parameters":[{"ParentStepIdentifier":"6c9f37d6-ebef-4f02-beda-89f03bca872e","ParentWorkflowIdentifier":"24364c2a-098d-477d-9e2f-abb6661a5f6a","Name":"AssignedUsers","Value":null},{"ParentStepIdentifier":"6c9f37d6-ebef-4f02-beda-89f03bca872e","ParentWorkflowIdentifier":"24364c2a-098d-477d-9e2f-abb6661a5f6a","Name":"HasApprovalLink","Value":"false"},{"ParentStepIdentifier":"6c9f37d6-ebef-4f02-beda-89f03bca872e","ParentWorkflowIdentifier":"24364c2a-098d-477d-9e2f-abb6661a5f6a","Name":"MessageToAssignee","Value":null},{"ParentStepIdentifier":"6c9f37d6-ebef-4f02-beda-89f03bca872e","ParentWorkflowIdentifier":"24364c2a-098d-477d-9e2f-abb6661a5f6a","Name":"NestedWorkflowIdentifier","Value":"3fb35446-d661-41b6-af36-5294c7d25583"},{"ParentStepIdentifier":"6c9f37d6-ebef-4f02-beda-89f03bca872e","ParentWorkflowIdentifier":"24364c2a-098d-477d-9e2f-abb6661a5f6a","Name":"NestedWorkflowInputs","Value":"[{\"FieldName\":\"Confidence Score\",\"Value\":\"[Get IOC Details.JsonResult| \\\"results.confidence_score\\\" | getByIndex(\\\"0\\\")]\"},{\"FieldName\":\"IOC Value\",\"Value\":\"[Loop.Entity.Identifier]\"},{\"FieldName\":\"IOC Type\",\"Value\":\"email-addr\"}]"},{"ParentStepIdentifier":"6c9f37d6-ebef-4f02-beda-89f03bca872e","ParentWorkflowIdentifier":"24364c2a-098d-477d-9e2f-abb6661a5f6a","Name":"PendingActionTimeout","Value":null},{"ParentStepIdentifier":"6c9f37d6-ebef-4f02-beda-89f03bca872e","ParentWorkflowIdentifier":"24364c2a-098d-477d-9e2f-abb6661a5f6a","Name":"UseEntitiesLoopScope","Value":"true"}],"AutoSkipOnFailure":false,"IsDebugMockData":false,"StepDebugData":null,"ParentStepContainerId":null,"IsTouchedByAi":false,"StartLoopStepIdentifier":"a3ad8870-969d-40d1-ae09-a0ebbd2d3fc0","ParallelActions":[]},{"Identifier":"778cd09e-f952-43f7-a7e3-175d9bad7c05","OriginalStepIdentifier":"a10dbac1-6e68-4e6d-886d-9a46e7c6e56c","ParentWorkflowIdentifier":"24364c2a-098d-477d-9e2f-abb6661a5f6a","ParentStepIdentifiers":["a3ad8870-969d-40d1-ae09-a0ebbd2d3fc0"],"ParentStepIdentifier":"a3ad8870-969d-40d1-ae09-a0ebbd2d3fc0","PreviousResultCondition":"{}","InstanceName":"Get IOC Details","IsAutomatic":true,"Name":"CywareIntelExchange_Get IOC Details","IsSkippable":false,"Description":"This Action performs a lookup for threat data objects in Intel Exchange and retrieves the details of the objects, such as basic details, enriched data, and relations.","ActionProvider":"Scripts","ActionName":"CywareIntelExchange_Get IOC Details","Type":0,"Integration":"CywareIntelExchange","Parameters":[{"ParentStepIdentifier":"778cd09e-f952-43f7-a7e3-175d9bad7c05","ParentWorkflowIdentifier":"24364c2a-098d-477d-9e2f-abb6661a5f6a","Name":"AssignedUsers","Value":null},{"ParentStepIdentifier":"778cd09e-f952-43f7-a7e3-175d9bad7c05","ParentWorkflowIdentifier":"24364c2a-098d-477d-9e2f-abb6661a5f6a","Name":"DynamicInjectionInstancePlaceholder","Value":""},{"ParentStepIdentifier":"778cd09e-f952-43f7-a7e3-175d9bad7c05","ParentWorkflowIdentifier":"24364c2a-098d-477d-9e2f-abb6661a5f6a","Name":"FallbackIntegrationInstance","Value":null},{"ParentStepIdentifier":"778cd09e-f952-43f7-a7e3-175d9bad7c05","ParentWorkflowIdentifier":"24364c2a-098d-477d-9e2f-abb6661a5f6a","Name":"FetchInstanceByName","Value":"false"},{"ParentStepIdentifier":"778cd09e-f952-43f7-a7e3-175d9bad7c05","ParentWorkflowIdentifier":"24364c2a-098d-477d-9e2f-abb6661a5f6a","Name":"HasApprovalLink","Value":null},{"ParentStepIdentifier":"778cd09e-f952-43f7-a7e3-175d9bad7c05","ParentWorkflowIdentifier":"24364c2a-098d-477d-9e2f-abb6661a5f6a","Name":"IntegrationInstance","Value":"AutomaticEnvironment"},{"ParentStepIdentifier":"778cd09e-f952-43f7-a7e3-175d9bad7c05","ParentWorkflowIdentifier":"24364c2a-098d-477d-9e2f-abb6661a5f6a","Name":"MessageToAssignee","Value":null},{"ParentStepIdentifier":"778cd09e-f952-43f7-a7e3-175d9bad7c05","ParentWorkflowIdentifier":"24364c2a-098d-477d-9e2f-abb6661a5f6a","Name":"PendingActionTimeout","Value":null},{"ParentStepIdentifier":"778cd09e-f952-43f7-a7e3-175d9bad7c05","ParentWorkflowIdentifier":"24364c2a-098d-477d-9e2f-abb6661a5f6a","Name":"RetryConfiguration","Value":"{\"Enabled\":false,\"IntervalInSeconds\":30,\"NumberOfRetries\":1}"},{"ParentStepIdentifier":"778cd09e-f952-43f7-a7e3-175d9bad7c05","ParentWorkflowIdentifier":"24364c2a-098d-477d-9e2f-abb6661a5f6a","Name":"ScriptName","Value":"CywareIntelExchange_Get IOC Details"},{"ParentStepIdentifier":"778cd09e-f952-43f7-a7e3-175d9bad7c05","ParentWorkflowIdentifier":"24364c2a-098d-477d-9e2f-abb6661a5f6a","Name":"ScriptParametersEntityFields","Value":"{\"Enrichment Data\":false,\"Relation Data\":false,\"Fields\":\"id,name,confidence_score\"}"},{"ParentStepIdentifier":"778cd09e-f952-43f7-a7e3-175d9bad7c05","ParentWorkflowIdentifier":"24364c2a-098d-477d-9e2f-abb6661a5f6a","Name":"SelectedScopeName","Value":"All entities"},{"ParentStepIdentifier":"778cd09e-f952-43f7-a7e3-175d9bad7c05","ParentWorkflowIdentifier":"24364c2a-098d-477d-9e2f-abb6661a5f6a","Name":"UseEntitiesLoopScope","Value":"true"}],"AutoSkipOnFailure":false,"IsDebugMockData":false,"StepDebugData":{"CreationTimeUnixTimeInMs":0,"ModificationTimeUnixTimeInMs":0,"OriginalWorkflowIdentifier":"408fa0ff-8973-4a8b-b781-58d962971953","OriginalStepIdentifier":"a10dbac1-6e68-4e6d-886d-9a46e7c6e56c","ResultValue":"","ResultJson":"","ScopeEntitiesEnrichmentData":[],"ScopeEntitiesEnrichmentDataJson":"[]"},"ParentStepContainerId":null,"IsTouchedByAi":false,"StartLoopStepIdentifier":"a3ad8870-969d-40d1-ae09-a0ebbd2d3fc0","ParallelActions":[]},{"Identifier":"80d2c6fd-eaad-450a-91e8-e0b0a978dba4","OriginalStepIdentifier":"f93cc70d-149c-4e83-bbe0-9ef120b16201","ParentWorkflowIdentifier":"24364c2a-098d-477d-9e2f-abb6661a5f6a","ParentStepIdentifiers":["29c01149-84ff-4468-a824-1442949ea622","0c8214cf-825e-41d1-b1a8-4048bb650f5d","3ee2fe06-24e7-4b76-8e05-6083f7a3604f","6c9f37d6-ebef-4f02-beda-89f03bca872e","f1d2fe23-b390-4211-bef8-b091286e60ed","62abe01c-5bec-4965-a23b-151d8fbe4444","17854213-1dd3-4abe-9891-5c99ccab1977","1c4b6eea-f1a4-49e7-935d-666f6d3f0478"],"ParentStepIdentifier":"29c01149-84ff-4468-a824-1442949ea622;0c8214cf-825e-41d1-b1a8-4048bb650f5d;3ee2fe06-24e7-4b76-8e05-6083f7a3604f;6c9f37d6-ebef-4f02-beda-89f03bca872e;f1d2fe23-b390-4211-bef8-b091286e60ed;62abe01c-5bec-4965-a23b-151d8fbe4444;17854213-1dd3-4abe-9891-5c99ccab1977;1c4b6eea-f1a4-49e7-935d-666f6d3f0478","PreviousResultCondition":"{\"17854213-1dd3-4abe-9891-5c99ccab1977\":\"3\"}","InstanceName":"Iterate Entities_End","IsAutomatic":true,"Name":"For Each Loop","IsSkippable":false,"Description":"This returns the results of the loop","ActionProvider":"Flow","ActionName":"ForEachEndLoop","Type":9,"Integration":"Loop","Parameters":[],"AutoSkipOnFailure":false,"IsDebugMockData":false,"StepDebugData":null,"ParentStepContainerId":null,"IsTouchedByAi":false,"StartLoopStepIdentifier":"a3ad8870-969d-40d1-ae09-a0ebbd2d3fc0","ParallelActions":[]},{"Identifier":"a3ad8870-969d-40d1-ae09-a0ebbd2d3fc0","OriginalStepIdentifier":"33267ebe-8280-42e9-8a5a-ca60f4f1ac8d","ParentWorkflowIdentifier":"24364c2a-098d-477d-9e2f-abb6661a5f6a","ParentStepIdentifiers":[],"ParentStepIdentifier":"","PreviousResultCondition":"{}","InstanceName":"Iterate Entities_Start","IsAutomatic":true,"Name":"For Each Loop","IsSkippable":false,"Description":"Use a for-each loop to iterate over an array of entities, events or list items and execute action or series of actions","ActionProvider":"Flow","ActionName":"ForEachStartLoop","Type":8,"Integration":"Loop","Parameters":[{"ParentStepIdentifier":"a3ad8870-969d-40d1-ae09-a0ebbd2d3fc0","ParentWorkflowIdentifier":"24364c2a-098d-477d-9e2f-abb6661a5f6a","Name":"AssignedUsers","Value":null},{"ParentStepIdentifier":"a3ad8870-969d-40d1-ae09-a0ebbd2d3fc0","ParentWorkflowIdentifier":"24364c2a-098d-477d-9e2f-abb6661a5f6a","Name":"EndLoopStepIdentifier","Value":"80d2c6fd-eaad-450a-91e8-e0b0a978dba4"},{"ParentStepIdentifier":"a3ad8870-969d-40d1-ae09-a0ebbd2d3fc0","ParentWorkflowIdentifier":"24364c2a-098d-477d-9e2f-abb6661a5f6a","Name":"HasApprovalLink","Value":null},{"ParentStepIdentifier":"a3ad8870-969d-40d1-ae09-a0ebbd2d3fc0","ParentWorkflowIdentifier":"24364c2a-098d-477d-9e2f-abb6661a5f6a","Name":"ListLoopDelimiter","Value":","},{"ParentStepIdentifier":"a3ad8870-969d-40d1-ae09-a0ebbd2d3fc0","ParentWorkflowIdentifier":"24364c2a-098d-477d-9e2f-abb6661a5f6a","Name":"ListLoopItems","Value":null},{"ParentStepIdentifier":"a3ad8870-969d-40d1-ae09-a0ebbd2d3fc0","ParentWorkflowIdentifier":"24364c2a-098d-477d-9e2f-abb6661a5f6a","Name":"LoopType","Value":"1"},{"ParentStepIdentifier":"a3ad8870-969d-40d1-ae09-a0ebbd2d3fc0","ParentWorkflowIdentifier":"24364c2a-098d-477d-9e2f-abb6661a5f6a","Name":"MessageToAssignee","Value":null},{"ParentStepIdentifier":"a3ad8870-969d-40d1-ae09-a0ebbd2d3fc0","ParentWorkflowIdentifier":"24364c2a-098d-477d-9e2f-abb6661a5f6a","Name":"PendingActionTimeout","Value":null},{"ParentStepIdentifier":"a3ad8870-969d-40d1-ae09-a0ebbd2d3fc0","ParentWorkflowIdentifier":"24364c2a-098d-477d-9e2f-abb6661a5f6a","Name":"SelectedScopeName","Value":"All entities"}],"AutoSkipOnFailure":false,"IsDebugMockData":false,"StepDebugData":null,"ParentStepContainerId":null,"IsTouchedByAi":false,"StartLoopStepIdentifier":"a3ad8870-969d-40d1-ae09-a0ebbd2d3fc0","ParallelActions":[]},{"Identifier":"c5fa2e48-8bd7-4a04-9f93-73a63b5ef808","OriginalStepIdentifier":"eac60784-70f1-44a9-bbd0-5523daf73950","ParentWorkflowIdentifier":"24364c2a-098d-477d-9e2f-abb6661a5f6a","ParentStepIdentifiers":["f697688d-b66c-4ed0-83ec-0db5d56f73b7"],"ParentStepIdentifier":"f697688d-b66c-4ed0-83ec-0db5d56f73b7","PreviousResultCondition":"{\"f697688d-b66c-4ed0-83ec-0db5d56f73b7\":\"1\"}","InstanceName":"Check IOC Type","IsAutomatic":true,"Name":"Condition","IsSkippable":false,"Description":"This condition determines the progress of the playbook. Conditions are built based on cases data (cases, alerts, vents, entities and environment properties) as-well as data that comes back from previous playbook steps.","ActionProvider":"Flow","ActionName":"IfFlowCondition","Type":4,"Integration":"Flow","Parameters":[{"ParentStepIdentifier":"c5fa2e48-8bd7-4a04-9f93-73a63b5ef808","ParentWorkflowIdentifier":"24364c2a-098d-477d-9e2f-abb6661a5f6a","Name":"AssignedUsers","Value":null},{"ParentStepIdentifier":"c5fa2e48-8bd7-4a04-9f93-73a63b5ef808","ParentWorkflowIdentifier":"24364c2a-098d-477d-9e2f-abb6661a5f6a","Name":"Branches","Value":"[{\"LogicalOperator\":0,\"Conditions\":[{\"Operator\":0,\"FieldName\":\"[Entity.Type]\",\"Type\":7,\"Value\":\"DestinationURL\",\"CustomOperatorName\":null}],\"Order\":1,\"IsDefaultBranch\":false,\"Name\":\"URL\"},{\"LogicalOperator\":0,\"Conditions\":[],\"Order\":5,\"IsDefaultBranch\":true,\"Name\":\"Branch\"},{\"LogicalOperator\":0,\"Conditions\":[{\"Operator\":0,\"FieldName\":\"[Entity.Type]\",\"Type\":7,\"Value\":\"DOMAIN\",\"CustomOperatorName\":null}],\"Order\":2,\"IsDefaultBranch\":false,\"Name\":\"Domain\"},{\"LogicalOperator\":0,\"Conditions\":[{\"Operator\":0,\"FieldName\":\"[Entity.Type]\",\"Type\":7,\"Value\":\"EMAILSUBJECT\",\"CustomOperatorName\":null}],\"Order\":3,\"IsDefaultBranch\":false,\"Name\":\"Email\"},{\"LogicalOperator\":0,\"Conditions\":[{\"Operator\":0,\"FieldName\":\"[Entity.Type]\",\"Type\":7,\"Value\":\"ADDRESS\",\"CustomOperatorName\":null}],\"Order\":4,\"IsDefaultBranch\":false,\"Name\":\"Address\"}]"},{"ParentStepIdentifier":"c5fa2e48-8bd7-4a04-9f93-73a63b5ef808","ParentWorkflowIdentifier":"24364c2a-098d-477d-9e2f-abb6661a5f6a","Name":"ErrorFallbackBranch","Value":null},{"ParentStepIdentifier":"c5fa2e48-8bd7-4a04-9f93-73a63b5ef808","ParentWorkflowIdentifier":"24364c2a-098d-477d-9e2f-abb6661a5f6a","Name":"HasApprovalLink","Value":null},{"ParentStepIdentifier":"c5fa2e48-8bd7-4a04-9f93-73a63b5ef808","ParentWorkflowIdentifier":"24364c2a-098d-477d-9e2f-abb6661a5f6a","Name":"MessageToAssignee","Value":null},{"ParentStepIdentifier":"c5fa2e48-8bd7-4a04-9f93-73a63b5ef808","ParentWorkflowIdentifier":"24364c2a-098d-477d-9e2f-abb6661a5f6a","Name":"PendingActionTimeout","Value":null},{"ParentStepIdentifier":"c5fa2e48-8bd7-4a04-9f93-73a63b5ef808","ParentWorkflowIdentifier":"24364c2a-098d-477d-9e2f-abb6661a5f6a","Name":"SelectedScopeName","Value":"All entities"},{"ParentStepIdentifier":"c5fa2e48-8bd7-4a04-9f93-73a63b5ef808","ParentWorkflowIdentifier":"24364c2a-098d-477d-9e2f-abb6661a5f6a","Name":"UseEntitiesLoopScope","Value":"true"}],"AutoSkipOnFailure":false,"IsDebugMockData":false,"StepDebugData":null,"ParentStepContainerId":null,"IsTouchedByAi":false,"StartLoopStepIdentifier":"a3ad8870-969d-40d1-ae09-a0ebbd2d3fc0","ParallelActions":[]},{"Identifier":"f1d2fe23-b390-4211-bef8-b091286e60ed","OriginalStepIdentifier":"1b245689-90d8-4574-adea-1d6f53abd3bf","ParentWorkflowIdentifier":"24364c2a-098d-477d-9e2f-abb6661a5f6a","ParentStepIdentifiers":["17854213-1dd3-4abe-9891-5c99ccab1977"],"ParentStepIdentifier":"17854213-1dd3-4abe-9891-5c99ccab1977","PreviousResultCondition":"{\"17854213-1dd3-4abe-9891-5c99ccab1977\":\"1\"}","InstanceName":"Add-Remove Indicator in Allowed List Block - Cyware Intel Exchange_4","IsAutomatic":true,"Name":"Add-Remove IOC from Allowed List Block - Cyware Intel Exchange","IsSkippable":false,"Description":"An embedded workflow that can receive inputs and \n\nSimulator\nPlaybook\n\n\n\n\nreturn an output.","ActionProvider":"Flow","ActionName":"NestedAction","Type":5,"Integration":"Siemplify","Parameters":[{"ParentStepIdentifier":"f1d2fe23-b390-4211-bef8-b091286e60ed","ParentWorkflowIdentifier":"24364c2a-098d-477d-9e2f-abb6661a5f6a","Name":"AssignedUsers","Value":null},{"ParentStepIdentifier":"f1d2fe23-b390-4211-bef8-b091286e60ed","ParentWorkflowIdentifier":"24364c2a-098d-477d-9e2f-abb6661a5f6a","Name":"HasApprovalLink","Value":"false"},{"ParentStepIdentifier":"f1d2fe23-b390-4211-bef8-b091286e60ed","ParentWorkflowIdentifier":"24364c2a-098d-477d-9e2f-abb6661a5f6a","Name":"MessageToAssignee","Value":null},{"ParentStepIdentifier":"f1d2fe23-b390-4211-bef8-b091286e60ed","ParentWorkflowIdentifier":"24364c2a-098d-477d-9e2f-abb6661a5f6a","Name":"NestedWorkflowIdentifier","Value":"3fb35446-d661-41b6-af36-5294c7d25583"},{"ParentStepIdentifier":"f1d2fe23-b390-4211-bef8-b091286e60ed","ParentWorkflowIdentifier":"24364c2a-098d-477d-9e2f-abb6661a5f6a","Name":"NestedWorkflowInputs","Value":"[{\"FieldName\":\"Confidence Score\",\"Value\":\"[Get IOC Details.JsonResult| \\\"results.confidence_score\\\" | getByIndex(\\\"0\\\")]\"},{\"FieldName\":\"IOC Value\",\"Value\":\"[Loop.Entity.Identifier]\"},{\"FieldName\":\"IOC Type\",\"Value\":\"ipv4-addr\"}]"},{"ParentStepIdentifier":"f1d2fe23-b390-4211-bef8-b091286e60ed","ParentWorkflowIdentifier":"24364c2a-098d-477d-9e2f-abb6661a5f6a","Name":"PendingActionTimeout","Value":null},{"ParentStepIdentifier":"f1d2fe23-b390-4211-bef8-b091286e60ed","ParentWorkflowIdentifier":"24364c2a-098d-477d-9e2f-abb6661a5f6a","Name":"UseEntitiesLoopScope","Value":"true"}],"AutoSkipOnFailure":false,"IsDebugMockData":false,"StepDebugData":null,"ParentStepContainerId":null,"IsTouchedByAi":false,"StartLoopStepIdentifier":"a3ad8870-969d-40d1-ae09-a0ebbd2d3fc0","ParallelActions":[]},{"Identifier":"f697688d-b66c-4ed0-83ec-0db5d56f73b7","OriginalStepIdentifier":"eccdecab-08cc-45b5-a469-76e68dd801d6","ParentWorkflowIdentifier":"24364c2a-098d-477d-9e2f-abb6661a5f6a","ParentStepIdentifiers":["778cd09e-f952-43f7-a7e3-175d9bad7c05"],"ParentStepIdentifier":"778cd09e-f952-43f7-a7e3-175d9bad7c05","PreviousResultCondition":"{}","InstanceName":"Check IOC exists","IsAutomatic":true,"Name":"Condition","IsSkippable":false,"Description":"Check IOC exists in Cyware Intel Exchange.","ActionProvider":"Flow","ActionName":"IfFlowCondition","Type":4,"Integration":"Flow","Parameters":[{"ParentStepIdentifier":"f697688d-b66c-4ed0-83ec-0db5d56f73b7","ParentWorkflowIdentifier":"24364c2a-098d-477d-9e2f-abb6661a5f6a","Name":"AssignedUsers","Value":null},{"ParentStepIdentifier":"f697688d-b66c-4ed0-83ec-0db5d56f73b7","ParentWorkflowIdentifier":"24364c2a-098d-477d-9e2f-abb6661a5f6a","Name":"Branches","Value":"[{\"LogicalOperator\":0,\"Conditions\":[{\"Operator\":8,\"FieldName\":\"[Get IOC Details.JsonResult| \\\"results\\\"]\",\"Type\":7,\"Value\":\"\",\"CustomOperatorName\":null}],\"Order\":1,\"IsDefaultBranch\":false,\"Name\":\"Check IOC exists\"},{\"LogicalOperator\":0,\"Conditions\":[],\"Order\":2,\"IsDefaultBranch\":true,\"Name\":\"Branch\"}]"},{"ParentStepIdentifier":"f697688d-b66c-4ed0-83ec-0db5d56f73b7","ParentWorkflowIdentifier":"24364c2a-098d-477d-9e2f-abb6661a5f6a","Name":"ErrorFallbackBranch","Value":null},{"ParentStepIdentifier":"f697688d-b66c-4ed0-83ec-0db5d56f73b7","ParentWorkflowIdentifier":"24364c2a-098d-477d-9e2f-abb6661a5f6a","Name":"HasApprovalLink","Value":null},{"ParentStepIdentifier":"f697688d-b66c-4ed0-83ec-0db5d56f73b7","ParentWorkflowIdentifier":"24364c2a-098d-477d-9e2f-abb6661a5f6a","Name":"MessageToAssignee","Value":null},{"ParentStepIdentifier":"f697688d-b66c-4ed0-83ec-0db5d56f73b7","ParentWorkflowIdentifier":"24364c2a-098d-477d-9e2f-abb6661a5f6a","Name":"PendingActionTimeout","Value":null},{"ParentStepIdentifier":"f697688d-b66c-4ed0-83ec-0db5d56f73b7","ParentWorkflowIdentifier":"24364c2a-098d-477d-9e2f-abb6661a5f6a","Name":"SelectedScopeName","Value":"All entities"},{"ParentStepIdentifier":"f697688d-b66c-4ed0-83ec-0db5d56f73b7","ParentWorkflowIdentifier":"24364c2a-098d-477d-9e2f-abb6661a5f6a","Name":"UseEntitiesLoopScope","Value":"true"}],"AutoSkipOnFailure":false,"IsDebugMockData":false,"StepDebugData":null,"ParentStepContainerId":null,"IsTouchedByAi":false,"StartLoopStepIdentifier":"a3ad8870-969d-40d1-ae09-a0ebbd2d3fc0","ParallelActions":[]}],"Triggers":[{"Identifier":"1cc49770-1607-4572-b43e-dd68c2d8906d","IsEnabled":true,"DefinitionIdentifier":"24364c2a-098d-477d-9e2f-abb6661a5f6a","Type":3,"WorkflowName":null,"LogicalOperator":0,"Conditions":[{"FieldName":"","MatchType":0,"Value":"Cyware Intel Exchange","CustomOperatorName":null}],"ReactionLogicalOperator":1,"ReactionConditions":null,"Environments":["*"]}],"OverviewTemplates":[],"Permissions":[],"Environments":["*"]}}