{"CategoryName":"CywareIntelExchangePlaybooks","OverviewTemplatesDetails":[],"WidgetTemplates":[],"Definition":{"Identifier":"e36d84af-93e3-4bc5-aae3-44e6a7a64c58","IsEnable":false,"Version":0.0,"IsArchived":false,"IsAutomatic":false,"Name":"Create IOCs on Cyware  Intel Exchange - Cyware Intel Exchange","Category":12,"Description":"This playbook is designed to automatically create IOCs that are associated with case on Cyware Intel Exchange platform. ","ExecutionScope":1,"Priority":2,"Creator":"2ad92bfc-4521-467b-afef-7163569481dc","VersionCreator":null,"VersionComment":null,"OriginalWorkflowIdentifier":"af524121-7d4f-418c-a4e6-4a2227ccaf84","TemplateName":null,"PlaybookType":0,"IsDebugMode":false,"DebugBaseAlertIdentifier":null,"DebugAlertIdentifier":null,"SimulationClone":false,"DefaultAccessLevel":2,"CreationSource":1,"Steps":[{"Identifier":"0473f6f8-b876-4114-9a65-04a244ebe5c0","OriginalStepIdentifier":"462ad42c-f7bb-4bdb-8fcc-e0d5127e7286","ParentWorkflowIdentifier":"e36d84af-93e3-4bc5-aae3-44e6a7a64c58","ParentStepIdentifiers":["d3bb2214-51e7-4696-8b2c-092a482097f5"],"ParentStepIdentifier":"d3bb2214-51e7-4696-8b2c-092a482097f5","PreviousResultCondition":"{}","InstanceName":"Check IOC exists","IsAutomatic":true,"Name":"Condition","IsSkippable":false,"Description":"Check IOC exists in Cyware Intel Exchange.","ActionProvider":"Flow","ActionName":"IfFlowCondition","Type":4,"Integration":"Flow","Parameters":[{"ParentStepIdentifier":"0473f6f8-b876-4114-9a65-04a244ebe5c0","ParentWorkflowIdentifier":"e36d84af-93e3-4bc5-aae3-44e6a7a64c58","Name":"AssignedUsers","Value":null},{"ParentStepIdentifier":"0473f6f8-b876-4114-9a65-04a244ebe5c0","ParentWorkflowIdentifier":"e36d84af-93e3-4bc5-aae3-44e6a7a64c58","Name":"Branches","Value":"[{\"LogicalOperator\":0,\"Conditions\":[{\"Operator\":7,\"FieldName\":\"[Get IOC Details.JsonResult| \\\"results\\\"]\",\"Type\":7,\"Value\":\"\",\"CustomOperatorName\":null}],\"Order\":1,\"IsDefaultBranch\":false,\"Name\":\"IOC not exists on Cyware\"},{\"LogicalOperator\":0,\"Conditions\":[],\"Order\":2,\"IsDefaultBranch\":true,\"Name\":\"Branch\"}]"},{"ParentStepIdentifier":"0473f6f8-b876-4114-9a65-04a244ebe5c0","ParentWorkflowIdentifier":"e36d84af-93e3-4bc5-aae3-44e6a7a64c58","Name":"ErrorFallbackBranch","Value":null},{"ParentStepIdentifier":"0473f6f8-b876-4114-9a65-04a244ebe5c0","ParentWorkflowIdentifier":"e36d84af-93e3-4bc5-aae3-44e6a7a64c58","Name":"HasApprovalLink","Value":null},{"ParentStepIdentifier":"0473f6f8-b876-4114-9a65-04a244ebe5c0","ParentWorkflowIdentifier":"e36d84af-93e3-4bc5-aae3-44e6a7a64c58","Name":"MessageToAssignee","Value":null},{"ParentStepIdentifier":"0473f6f8-b876-4114-9a65-04a244ebe5c0","ParentWorkflowIdentifier":"e36d84af-93e3-4bc5-aae3-44e6a7a64c58","Name":"PendingActionTimeout","Value":null},{"ParentStepIdentifier":"0473f6f8-b876-4114-9a65-04a244ebe5c0","ParentWorkflowIdentifier":"e36d84af-93e3-4bc5-aae3-44e6a7a64c58","Name":"SelectedScopeName","Value":"All entities"},{"ParentStepIdentifier":"0473f6f8-b876-4114-9a65-04a244ebe5c0","ParentWorkflowIdentifier":"e36d84af-93e3-4bc5-aae3-44e6a7a64c58","Name":"UseEntitiesLoopScope","Value":"true"}],"AutoSkipOnFailure":false,"IsDebugMockData":false,"StepDebugData":null,"ParentStepContainerId":null,"IsTouchedByAi":false,"StartLoopStepIdentifier":"5a0d65e4-c8d9-4650-ab00-2e3e7f8e206f","ParallelActions":[]},{"Identifier":"1462997b-e5d2-47cc-8b96-a638e2126572","OriginalStepIdentifier":"a52d93f8-71eb-4c20-abee-e855255ca2d3","ParentWorkflowIdentifier":"e36d84af-93e3-4bc5-aae3-44e6a7a64c58","ParentStepIdentifiers":["db2431fb-f1ba-4d2d-bcda-dc6d84553ad1"],"ParentStepIdentifier":"db2431fb-f1ba-4d2d-bcda-dc6d84553ad1","PreviousResultCondition":"{\"db2431fb-f1ba-4d2d-bcda-dc6d84553ad1\":\"2\"}","InstanceName":"Case Comment_4","IsAutomatic":true,"Name":"Siemplify_Case Comment","IsSkippable":false,"Description":"Add a comment to the case the current alert has been grouped to","ActionProvider":"Scripts","ActionName":"Siemplify_Case Comment","Type":0,"Integration":"Siemplify","Parameters":[{"ParentStepIdentifier":"1462997b-e5d2-47cc-8b96-a638e2126572","ParentWorkflowIdentifier":"e36d84af-93e3-4bc5-aae3-44e6a7a64c58","Name":"AssignedUsers","Value":null},{"ParentStepIdentifier":"1462997b-e5d2-47cc-8b96-a638e2126572","ParentWorkflowIdentifier":"e36d84af-93e3-4bc5-aae3-44e6a7a64c58","Name":"DynamicInjectionInstancePlaceholder","Value":""},{"ParentStepIdentifier":"1462997b-e5d2-47cc-8b96-a638e2126572","ParentWorkflowIdentifier":"e36d84af-93e3-4bc5-aae3-44e6a7a64c58","Name":"FallbackIntegrationInstance","Value":null},{"ParentStepIdentifier":"1462997b-e5d2-47cc-8b96-a638e2126572","ParentWorkflowIdentifier":"e36d84af-93e3-4bc5-aae3-44e6a7a64c58","Name":"FetchInstanceByName","Value":"false"},{"ParentStepIdentifier":"1462997b-e5d2-47cc-8b96-a638e2126572","ParentWorkflowIdentifier":"e36d84af-93e3-4bc5-aae3-44e6a7a64c58","Name":"HasApprovalLink","Value":"false"},{"ParentStepIdentifier":"1462997b-e5d2-47cc-8b96-a638e2126572","ParentWorkflowIdentifier":"e36d84af-93e3-4bc5-aae3-44e6a7a64c58","Name":"IntegrationInstance","Value":"AutomaticEnvironment"},{"ParentStepIdentifier":"1462997b-e5d2-47cc-8b96-a638e2126572","ParentWorkflowIdentifier":"e36d84af-93e3-4bc5-aae3-44e6a7a64c58","Name":"MessageToAssignee","Value":null},{"ParentStepIdentifier":"1462997b-e5d2-47cc-8b96-a638e2126572","ParentWorkflowIdentifier":"e36d84af-93e3-4bc5-aae3-44e6a7a64c58","Name":"PendingActionTimeout","Value":null},{"ParentStepIdentifier":"1462997b-e5d2-47cc-8b96-a638e2126572","ParentWorkflowIdentifier":"e36d84af-93e3-4bc5-aae3-44e6a7a64c58","Name":"RetryConfiguration","Value":"{\"Enabled\":false,\"IntervalInSeconds\":30,\"NumberOfRetries\":1}"},{"ParentStepIdentifier":"1462997b-e5d2-47cc-8b96-a638e2126572","ParentWorkflowIdentifier":"e36d84af-93e3-4bc5-aae3-44e6a7a64c58","Name":"ScriptName","Value":"Siemplify_Case Comment"},{"ParentStepIdentifier":"1462997b-e5d2-47cc-8b96-a638e2126572","ParentWorkflowIdentifier":"e36d84af-93e3-4bc5-aae3-44e6a7a64c58","Name":"ScriptParametersEntityFields","Value":"{\"Comment\":\"Failed, IOC - [Loop.Entity.Identifier] has not been created in Cyware Intel Exchange.\"}"},{"ParentStepIdentifier":"1462997b-e5d2-47cc-8b96-a638e2126572","ParentWorkflowIdentifier":"e36d84af-93e3-4bc5-aae3-44e6a7a64c58","Name":"SelectedScopeName","Value":"All entities"},{"ParentStepIdentifier":"1462997b-e5d2-47cc-8b96-a638e2126572","ParentWorkflowIdentifier":"e36d84af-93e3-4bc5-aae3-44e6a7a64c58","Name":"UseEntitiesLoopScope","Value":"true"}],"AutoSkipOnFailure":false,"IsDebugMockData":false,"StepDebugData":{"CreationTimeUnixTimeInMs":0,"ModificationTimeUnixTimeInMs":0,"OriginalWorkflowIdentifier":"af524121-7d4f-418c-a4e6-4a2227ccaf84","OriginalStepIdentifier":"a52d93f8-71eb-4c20-abee-e855255ca2d3","ResultValue":"","ResultJson":"","ScopeEntitiesEnrichmentData":[],"ScopeEntitiesEnrichmentDataJson":"[]"},"ParentStepContainerId":null,"IsTouchedByAi":false,"StartLoopStepIdentifier":"5a0d65e4-c8d9-4650-ab00-2e3e7f8e206f","ParallelActions":[]},{"Identifier":"19cc2a4e-6fc8-472a-8392-5bfc542e00d8","OriginalStepIdentifier":"440ea846-89c5-4bb9-bbd7-5ac67c771171","ParentWorkflowIdentifier":"e36d84af-93e3-4bc5-aae3-44e6a7a64c58","ParentStepIdentifiers":["f90dae10-3eaf-4a30-80dc-a5975e2c6bd6"],"ParentStepIdentifier":"f90dae10-3eaf-4a30-80dc-a5975e2c6bd6","PreviousResultCondition":"{\"f90dae10-3eaf-4a30-80dc-a5975e2c6bd6\":\"2\"}","InstanceName":"Case Comment_11","IsAutomatic":true,"Name":"Siemplify_Case Comment","IsSkippable":false,"Description":"Add a comment to the case the current alert has been grouped to","ActionProvider":"Scripts","ActionName":"Siemplify_Case Comment","Type":0,"Integration":"Siemplify","Parameters":[{"ParentStepIdentifier":"19cc2a4e-6fc8-472a-8392-5bfc542e00d8","ParentWorkflowIdentifier":"e36d84af-93e3-4bc5-aae3-44e6a7a64c58","Name":"AssignedUsers","Value":null},{"ParentStepIdentifier":"19cc2a4e-6fc8-472a-8392-5bfc542e00d8","ParentWorkflowIdentifier":"e36d84af-93e3-4bc5-aae3-44e6a7a64c58","Name":"DynamicInjectionInstancePlaceholder","Value":""},{"ParentStepIdentifier":"19cc2a4e-6fc8-472a-8392-5bfc542e00d8","ParentWorkflowIdentifier":"e36d84af-93e3-4bc5-aae3-44e6a7a64c58","Name":"FallbackIntegrationInstance","Value":null},{"ParentStepIdentifier":"19cc2a4e-6fc8-472a-8392-5bfc542e00d8","ParentWorkflowIdentifier":"e36d84af-93e3-4bc5-aae3-44e6a7a64c58","Name":"FetchInstanceByName","Value":"false"},{"ParentStepIdentifier":"19cc2a4e-6fc8-472a-8392-5bfc542e00d8","ParentWorkflowIdentifier":"e36d84af-93e3-4bc5-aae3-44e6a7a64c58","Name":"HasApprovalLink","Value":"false"},{"ParentStepIdentifier":"19cc2a4e-6fc8-472a-8392-5bfc542e00d8","ParentWorkflowIdentifier":"e36d84af-93e3-4bc5-aae3-44e6a7a64c58","Name":"IntegrationInstance","Value":"AutomaticEnvironment"},{"ParentStepIdentifier":"19cc2a4e-6fc8-472a-8392-5bfc542e00d8","ParentWorkflowIdentifier":"e36d84af-93e3-4bc5-aae3-44e6a7a64c58","Name":"MessageToAssignee","Value":null},{"ParentStepIdentifier":"19cc2a4e-6fc8-472a-8392-5bfc542e00d8","ParentWorkflowIdentifier":"e36d84af-93e3-4bc5-aae3-44e6a7a64c58","Name":"PendingActionTimeout","Value":null},{"ParentStepIdentifier":"19cc2a4e-6fc8-472a-8392-5bfc542e00d8","ParentWorkflowIdentifier":"e36d84af-93e3-4bc5-aae3-44e6a7a64c58","Name":"RetryConfiguration","Value":"{\"Enabled\":false,\"IntervalInSeconds\":30,\"NumberOfRetries\":1}"},{"ParentStepIdentifier":"19cc2a4e-6fc8-472a-8392-5bfc542e00d8","ParentWorkflowIdentifier":"e36d84af-93e3-4bc5-aae3-44e6a7a64c58","Name":"ScriptName","Value":"Siemplify_Case Comment"},{"ParentStepIdentifier":"19cc2a4e-6fc8-472a-8392-5bfc542e00d8","ParentWorkflowIdentifier":"e36d84af-93e3-4bc5-aae3-44e6a7a64c58","Name":"ScriptParametersEntityFields","Value":"{\"Comment\":\"Failed, IOC - [Loop.Entity.Identifier] has not been created in Cyware Intel Exchange.\"}"},{"ParentStepIdentifier":"19cc2a4e-6fc8-472a-8392-5bfc542e00d8","ParentWorkflowIdentifier":"e36d84af-93e3-4bc5-aae3-44e6a7a64c58","Name":"SelectedScopeName","Value":"All entities"},{"ParentStepIdentifier":"19cc2a4e-6fc8-472a-8392-5bfc542e00d8","ParentWorkflowIdentifier":"e36d84af-93e3-4bc5-aae3-44e6a7a64c58","Name":"UseEntitiesLoopScope","Value":"true"}],"AutoSkipOnFailure":false,"IsDebugMockData":false,"StepDebugData":null,"ParentStepContainerId":null,"IsTouchedByAi":false,"StartLoopStepIdentifier":"5a0d65e4-c8d9-4650-ab00-2e3e7f8e206f","ParallelActions":[]},{"Identifier":"210ae419-ac1d-4488-9bba-1a81080fe2c0","OriginalStepIdentifier":"e50d400a-d264-4d0e-894c-ab63d884dff7","ParentWorkflowIdentifier":"e36d84af-93e3-4bc5-aae3-44e6a7a64c58","ParentStepIdentifiers":["869698f2-e3a3-4726-bd3c-85702ffecfe1"],"ParentStepIdentifier":"869698f2-e3a3-4726-bd3c-85702ffecfe1","PreviousResultCondition":"{}","InstanceName":"Condition_7","IsAutomatic":true,"Name":"Condition","IsSkippable":false,"Description":"This condition determines the progress of the playbook. Conditions are built based on cases data (cases, alerts, vents, entities and environment properties) as-well as data that comes back from previous playbook steps.","ActionProvider":"Flow","ActionName":"IfFlowCondition","Type":4,"Integration":"Flow","Parameters":[{"ParentStepIdentifier":"210ae419-ac1d-4488-9bba-1a81080fe2c0","ParentWorkflowIdentifier":"e36d84af-93e3-4bc5-aae3-44e6a7a64c58","Name":"AssignedUsers","Value":null},{"ParentStepIdentifier":"210ae419-ac1d-4488-9bba-1a81080fe2c0","ParentWorkflowIdentifier":"e36d84af-93e3-4bc5-aae3-44e6a7a64c58","Name":"Branches","Value":"[{\"LogicalOperator\":0,\"Conditions\":[{\"Operator\":0,\"FieldName\":\"[Create Intel in Cyware Intel Exchange - IPV6.JsonResult| \\\"status_response.report_status\\\"]\",\"Type\":7,\"Value\":\"CREATED\",\"CustomOperatorName\":null}],\"Order\":1,\"IsDefaultBranch\":false,\"Name\":\"CREATED\"},{\"LogicalOperator\":0,\"Conditions\":[],\"Order\":2,\"IsDefaultBranch\":true,\"Name\":\"Branch\"}]"},{"ParentStepIdentifier":"210ae419-ac1d-4488-9bba-1a81080fe2c0","ParentWorkflowIdentifier":"e36d84af-93e3-4bc5-aae3-44e6a7a64c58","Name":"ErrorFallbackBranch","Value":null},{"ParentStepIdentifier":"210ae419-ac1d-4488-9bba-1a81080fe2c0","ParentWorkflowIdentifier":"e36d84af-93e3-4bc5-aae3-44e6a7a64c58","Name":"HasApprovalLink","Value":"false"},{"ParentStepIdentifier":"210ae419-ac1d-4488-9bba-1a81080fe2c0","ParentWorkflowIdentifier":"e36d84af-93e3-4bc5-aae3-44e6a7a64c58","Name":"MessageToAssignee","Value":null},{"ParentStepIdentifier":"210ae419-ac1d-4488-9bba-1a81080fe2c0","ParentWorkflowIdentifier":"e36d84af-93e3-4bc5-aae3-44e6a7a64c58","Name":"PendingActionTimeout","Value":null},{"ParentStepIdentifier":"210ae419-ac1d-4488-9bba-1a81080fe2c0","ParentWorkflowIdentifier":"e36d84af-93e3-4bc5-aae3-44e6a7a64c58","Name":"SelectedScopeName","Value":"All entities"},{"ParentStepIdentifier":"210ae419-ac1d-4488-9bba-1a81080fe2c0","ParentWorkflowIdentifier":"e36d84af-93e3-4bc5-aae3-44e6a7a64c58","Name":"UseEntitiesLoopScope","Value":"true"}],"AutoSkipOnFailure":false,"IsDebugMockData":false,"StepDebugData":null,"ParentStepContainerId":null,"IsTouchedByAi":false,"StartLoopStepIdentifier":"5a0d65e4-c8d9-4650-ab00-2e3e7f8e206f","ParallelActions":[]},{"Identifier":"2a687d87-1f96-4725-9135-80f387069442","OriginalStepIdentifier":"a65f2193-b645-40da-97d1-691d6e93e2fe","ParentWorkflowIdentifier":"e36d84af-93e3-4bc5-aae3-44e6a7a64c58","ParentStepIdentifiers":["ae8bbefd-96c5-4709-8fac-d40005c68ca2"],"ParentStepIdentifier":"ae8bbefd-96c5-4709-8fac-d40005c68ca2","PreviousResultCondition":"{\"ae8bbefd-96c5-4709-8fac-d40005c68ca2\":\"2\"}","InstanceName":"Case Comment_8","IsAutomatic":true,"Name":"Siemplify_Case Comment","IsSkippable":false,"Description":"Add a comment to the case the current alert has been grouped to","ActionProvider":"Scripts","ActionName":"Siemplify_Case Comment","Type":0,"Integration":"Siemplify","Parameters":[{"ParentStepIdentifier":"2a687d87-1f96-4725-9135-80f387069442","ParentWorkflowIdentifier":"e36d84af-93e3-4bc5-aae3-44e6a7a64c58","Name":"AssignedUsers","Value":null},{"ParentStepIdentifier":"2a687d87-1f96-4725-9135-80f387069442","ParentWorkflowIdentifier":"e36d84af-93e3-4bc5-aae3-44e6a7a64c58","Name":"DynamicInjectionInstancePlaceholder","Value":""},{"ParentStepIdentifier":"2a687d87-1f96-4725-9135-80f387069442","ParentWorkflowIdentifier":"e36d84af-93e3-4bc5-aae3-44e6a7a64c58","Name":"FallbackIntegrationInstance","Value":null},{"ParentStepIdentifier":"2a687d87-1f96-4725-9135-80f387069442","ParentWorkflowIdentifier":"e36d84af-93e3-4bc5-aae3-44e6a7a64c58","Name":"FetchInstanceByName","Value":"false"},{"ParentStepIdentifier":"2a687d87-1f96-4725-9135-80f387069442","ParentWorkflowIdentifier":"e36d84af-93e3-4bc5-aae3-44e6a7a64c58","Name":"HasApprovalLink","Value":"false"},{"ParentStepIdentifier":"2a687d87-1f96-4725-9135-80f387069442","ParentWorkflowIdentifier":"e36d84af-93e3-4bc5-aae3-44e6a7a64c58","Name":"IntegrationInstance","Value":"AutomaticEnvironment"},{"ParentStepIdentifier":"2a687d87-1f96-4725-9135-80f387069442","ParentWorkflowIdentifier":"e36d84af-93e3-4bc5-aae3-44e6a7a64c58","Name":"MessageToAssignee","Value":null},{"ParentStepIdentifier":"2a687d87-1f96-4725-9135-80f387069442","ParentWorkflowIdentifier":"e36d84af-93e3-4bc5-aae3-44e6a7a64c58","Name":"PendingActionTimeout","Value":null},{"ParentStepIdentifier":"2a687d87-1f96-4725-9135-80f387069442","ParentWorkflowIdentifier":"e36d84af-93e3-4bc5-aae3-44e6a7a64c58","Name":"RetryConfiguration","Value":"{\"Enabled\":false,\"IntervalInSeconds\":30,\"NumberOfRetries\":1}"},{"ParentStepIdentifier":"2a687d87-1f96-4725-9135-80f387069442","ParentWorkflowIdentifier":"e36d84af-93e3-4bc5-aae3-44e6a7a64c58","Name":"ScriptName","Value":"Siemplify_Case Comment"},{"ParentStepIdentifier":"2a687d87-1f96-4725-9135-80f387069442","ParentWorkflowIdentifier":"e36d84af-93e3-4bc5-aae3-44e6a7a64c58","Name":"ScriptParametersEntityFields","Value":"{\"Comment\":\"Failed, IOC - [Loop.Entity.Identifier] has not been created in Cyware Intel Exchange.\"}"},{"ParentStepIdentifier":"2a687d87-1f96-4725-9135-80f387069442","ParentWorkflowIdentifier":"e36d84af-93e3-4bc5-aae3-44e6a7a64c58","Name":"SelectedScopeName","Value":"All entities"},{"ParentStepIdentifier":"2a687d87-1f96-4725-9135-80f387069442","ParentWorkflowIdentifier":"e36d84af-93e3-4bc5-aae3-44e6a7a64c58","Name":"UseEntitiesLoopScope","Value":"true"}],"AutoSkipOnFailure":false,"IsDebugMockData":false,"StepDebugData":{"CreationTimeUnixTimeInMs":0,"ModificationTimeUnixTimeInMs":0,"OriginalWorkflowIdentifier":"af524121-7d4f-418c-a4e6-4a2227ccaf84","OriginalStepIdentifier":"a65f2193-b645-40da-97d1-691d6e93e2fe","ResultValue":"","ResultJson":"","ScopeEntitiesEnrichmentData":[],"ScopeEntitiesEnrichmentDataJson":"[]"},"ParentStepContainerId":null,"IsTouchedByAi":false,"StartLoopStepIdentifier":"5a0d65e4-c8d9-4650-ab00-2e3e7f8e206f","ParallelActions":[]},{"Identifier":"44fe1dbe-7730-49e5-b524-4d0d480678a2","OriginalStepIdentifier":"457181ab-120c-42d9-97ec-894ea8b38c75","ParentWorkflowIdentifier":"e36d84af-93e3-4bc5-aae3-44e6a7a64c58","ParentStepIdentifiers":["5c688bf5-bdbb-44b9-af53-d4d8a939db3a"],"ParentStepIdentifier":"5c688bf5-bdbb-44b9-af53-d4d8a939db3a","PreviousResultCondition":"{\"5c688bf5-bdbb-44b9-af53-d4d8a939db3a\":\"3\"}","InstanceName":"Create Intel in Cyware Intel Exchange - email","IsAutomatic":true,"Name":"Cyware Intel Exchange_Create Intel in Cyware Intel Exchange","IsSkippable":false,"Description":"This action creates a new intelligence record in Cyware Intel Exchange.","ActionProvider":"Scripts","ActionName":"Cyware Intel Exchange_Create Intel in Cyware Intel Exchange","Type":0,"Integration":"Cyware Intel Exchange","Parameters":[{"ParentStepIdentifier":"44fe1dbe-7730-49e5-b524-4d0d480678a2","ParentWorkflowIdentifier":"e36d84af-93e3-4bc5-aae3-44e6a7a64c58","Name":"AssignedUsers","Value":null},{"ParentStepIdentifier":"44fe1dbe-7730-49e5-b524-4d0d480678a2","ParentWorkflowIdentifier":"e36d84af-93e3-4bc5-aae3-44e6a7a64c58","Name":"DynamicInjectionInstancePlaceholder","Value":""},{"ParentStepIdentifier":"44fe1dbe-7730-49e5-b524-4d0d480678a2","ParentWorkflowIdentifier":"e36d84af-93e3-4bc5-aae3-44e6a7a64c58","Name":"FallbackIntegrationInstance","Value":null},{"ParentStepIdentifier":"44fe1dbe-7730-49e5-b524-4d0d480678a2","ParentWorkflowIdentifier":"e36d84af-93e3-4bc5-aae3-44e6a7a64c58","Name":"FetchInstanceByName","Value":"false"},{"ParentStepIdentifier":"44fe1dbe-7730-49e5-b524-4d0d480678a2","ParentWorkflowIdentifier":"e36d84af-93e3-4bc5-aae3-44e6a7a64c58","Name":"HasApprovalLink","Value":"false"},{"ParentStepIdentifier":"44fe1dbe-7730-49e5-b524-4d0d480678a2","ParentWorkflowIdentifier":"e36d84af-93e3-4bc5-aae3-44e6a7a64c58","Name":"IntegrationInstance","Value":"AutomaticEnvironment"},{"ParentStepIdentifier":"44fe1dbe-7730-49e5-b524-4d0d480678a2","ParentWorkflowIdentifier":"e36d84af-93e3-4bc5-aae3-44e6a7a64c58","Name":"MessageToAssignee","Value":null},{"ParentStepIdentifier":"44fe1dbe-7730-49e5-b524-4d0d480678a2","ParentWorkflowIdentifier":"e36d84af-93e3-4bc5-aae3-44e6a7a64c58","Name":"PendingActionTimeout","Value":null},{"ParentStepIdentifier":"44fe1dbe-7730-49e5-b524-4d0d480678a2","ParentWorkflowIdentifier":"e36d84af-93e3-4bc5-aae3-44e6a7a64c58","Name":"RetryConfiguration","Value":"{\"Enabled\":false,\"IntervalInSeconds\":30,\"NumberOfRetries\":1}"},{"ParentStepIdentifier":"44fe1dbe-7730-49e5-b524-4d0d480678a2","ParentWorkflowIdentifier":"e36d84af-93e3-4bc5-aae3-44e6a7a64c58","Name":"ScriptName","Value":"Cyware Intel Exchange_Create Intel in Cyware Intel Exchange"},{"ParentStepIdentifier":"44fe1dbe-7730-49e5-b524-4d0d480678a2","ParentWorkflowIdentifier":"e36d84af-93e3-4bc5-aae3-44e6a7a64c58","Name":"ScriptParametersEntityFields","Value":"{\"Title\":\"[Alert.Name]\",\"TLP\":\"NONE\",\"Metadata Confidence Score\":\"\",\"Tags\":\"Created by Google SecOps\",\"Deprecates After\":\"180\",\"Description\":\"\",\"IOC Type\":\"email-addr\"}"},{"ParentStepIdentifier":"44fe1dbe-7730-49e5-b524-4d0d480678a2","ParentWorkflowIdentifier":"e36d84af-93e3-4bc5-aae3-44e6a7a64c58","Name":"SelectedScopeName","Value":"All entities"},{"ParentStepIdentifier":"44fe1dbe-7730-49e5-b524-4d0d480678a2","ParentWorkflowIdentifier":"e36d84af-93e3-4bc5-aae3-44e6a7a64c58","Name":"UseEntitiesLoopScope","Value":"true"}],"AutoSkipOnFailure":false,"IsDebugMockData":false,"StepDebugData":{"CreationTimeUnixTimeInMs":0,"ModificationTimeUnixTimeInMs":0,"OriginalWorkflowIdentifier":"af524121-7d4f-418c-a4e6-4a2227ccaf84","OriginalStepIdentifier":"457181ab-120c-42d9-97ec-894ea8b38c75","ResultValue":"","ResultJson":"","ScopeEntitiesEnrichmentData":[],"ScopeEntitiesEnrichmentDataJson":"[]"},"ParentStepContainerId":null,"IsTouchedByAi":false,"StartLoopStepIdentifier":"5a0d65e4-c8d9-4650-ab00-2e3e7f8e206f","ParallelActions":[]},{"Identifier":"469241f1-9463-4bfa-a176-7bee2e7dc16b","OriginalStepIdentifier":"bee1364d-9e24-44a6-b3ff-2c474e2553ed","ParentWorkflowIdentifier":"e36d84af-93e3-4bc5-aae3-44e6a7a64c58","ParentStepIdentifiers":["5c688bf5-bdbb-44b9-af53-d4d8a939db3a"],"ParentStepIdentifier":"5c688bf5-bdbb-44b9-af53-d4d8a939db3a","PreviousResultCondition":"{\"5c688bf5-bdbb-44b9-af53-d4d8a939db3a\":\"5\"}","InstanceName":"Case Comment_9","IsAutomatic":true,"Name":"Siemplify_Case Comment","IsSkippable":false,"Description":"Add a comment to the case the current alert has been grouped to","ActionProvider":"Scripts","ActionName":"Siemplify_Case Comment","Type":0,"Integration":"Siemplify","Parameters":[{"ParentStepIdentifier":"469241f1-9463-4bfa-a176-7bee2e7dc16b","ParentWorkflowIdentifier":"e36d84af-93e3-4bc5-aae3-44e6a7a64c58","Name":"AssignedUsers","Value":null},{"ParentStepIdentifier":"469241f1-9463-4bfa-a176-7bee2e7dc16b","ParentWorkflowIdentifier":"e36d84af-93e3-4bc5-aae3-44e6a7a64c58","Name":"DynamicInjectionInstancePlaceholder","Value":""},{"ParentStepIdentifier":"469241f1-9463-4bfa-a176-7bee2e7dc16b","ParentWorkflowIdentifier":"e36d84af-93e3-4bc5-aae3-44e6a7a64c58","Name":"FallbackIntegrationInstance","Value":null},{"ParentStepIdentifier":"469241f1-9463-4bfa-a176-7bee2e7dc16b","ParentWorkflowIdentifier":"e36d84af-93e3-4bc5-aae3-44e6a7a64c58","Name":"FetchInstanceByName","Value":"false"},{"ParentStepIdentifier":"469241f1-9463-4bfa-a176-7bee2e7dc16b","ParentWorkflowIdentifier":"e36d84af-93e3-4bc5-aae3-44e6a7a64c58","Name":"HasApprovalLink","Value":"false"},{"ParentStepIdentifier":"469241f1-9463-4bfa-a176-7bee2e7dc16b","ParentWorkflowIdentifier":"e36d84af-93e3-4bc5-aae3-44e6a7a64c58","Name":"IntegrationInstance","Value":"AutomaticEnvironment"},{"ParentStepIdentifier":"469241f1-9463-4bfa-a176-7bee2e7dc16b","ParentWorkflowIdentifier":"e36d84af-93e3-4bc5-aae3-44e6a7a64c58","Name":"MessageToAssignee","Value":null},{"ParentStepIdentifier":"469241f1-9463-4bfa-a176-7bee2e7dc16b","ParentWorkflowIdentifier":"e36d84af-93e3-4bc5-aae3-44e6a7a64c58","Name":"PendingActionTimeout","Value":null},{"ParentStepIdentifier":"469241f1-9463-4bfa-a176-7bee2e7dc16b","ParentWorkflowIdentifier":"e36d84af-93e3-4bc5-aae3-44e6a7a64c58","Name":"RetryConfiguration","Value":"{\"Enabled\":false,\"IntervalInSeconds\":30,\"NumberOfRetries\":1}"},{"ParentStepIdentifier":"469241f1-9463-4bfa-a176-7bee2e7dc16b","ParentWorkflowIdentifier":"e36d84af-93e3-4bc5-aae3-44e6a7a64c58","Name":"ScriptName","Value":"Siemplify_Case Comment"},{"ParentStepIdentifier":"469241f1-9463-4bfa-a176-7bee2e7dc16b","ParentWorkflowIdentifier":"e36d84af-93e3-4bc5-aae3-44e6a7a64c58","Name":"ScriptParametersEntityFields","Value":"{\"Comment\":\"For IOC - [Loop.Entity.Identifier], IOC Type - [Entity.Type] is unsupported for the playbook.\"}"},{"ParentStepIdentifier":"469241f1-9463-4bfa-a176-7bee2e7dc16b","ParentWorkflowIdentifier":"e36d84af-93e3-4bc5-aae3-44e6a7a64c58","Name":"SelectedScopeName","Value":"All entities"},{"ParentStepIdentifier":"469241f1-9463-4bfa-a176-7bee2e7dc16b","ParentWorkflowIdentifier":"e36d84af-93e3-4bc5-aae3-44e6a7a64c58","Name":"UseEntitiesLoopScope","Value":"true"}],"AutoSkipOnFailure":false,"IsDebugMockData":false,"StepDebugData":null,"ParentStepContainerId":null,"IsTouchedByAi":false,"StartLoopStepIdentifier":"5a0d65e4-c8d9-4650-ab00-2e3e7f8e206f","ParallelActions":[]},{"Identifier":"497aaf09-779b-41e3-8b09-44721d2b06fb","OriginalStepIdentifier":"b8a911e6-fa0e-47e1-abd7-a2640a27e17b","ParentWorkflowIdentifier":"e36d84af-93e3-4bc5-aae3-44e6a7a64c58","ParentStepIdentifiers":["210ae419-ac1d-4488-9bba-1a81080fe2c0"],"ParentStepIdentifier":"210ae419-ac1d-4488-9bba-1a81080fe2c0","PreviousResultCondition":"{\"210ae419-ac1d-4488-9bba-1a81080fe2c0\":\"2\"}","InstanceName":"Case Comment_13","IsAutomatic":true,"Name":"Siemplify_Case Comment","IsSkippable":false,"Description":"Add a comment to the case the current alert has been grouped to","ActionProvider":"Scripts","ActionName":"Siemplify_Case Comment","Type":0,"Integration":"Siemplify","Parameters":[{"ParentStepIdentifier":"497aaf09-779b-41e3-8b09-44721d2b06fb","ParentWorkflowIdentifier":"e36d84af-93e3-4bc5-aae3-44e6a7a64c58","Name":"AssignedUsers","Value":null},{"ParentStepIdentifier":"497aaf09-779b-41e3-8b09-44721d2b06fb","ParentWorkflowIdentifier":"e36d84af-93e3-4bc5-aae3-44e6a7a64c58","Name":"DynamicInjectionInstancePlaceholder","Value":""},{"ParentStepIdentifier":"497aaf09-779b-41e3-8b09-44721d2b06fb","ParentWorkflowIdentifier":"e36d84af-93e3-4bc5-aae3-44e6a7a64c58","Name":"FallbackIntegrationInstance","Value":null},{"ParentStepIdentifier":"497aaf09-779b-41e3-8b09-44721d2b06fb","ParentWorkflowIdentifier":"e36d84af-93e3-4bc5-aae3-44e6a7a64c58","Name":"FetchInstanceByName","Value":"false"},{"ParentStepIdentifier":"497aaf09-779b-41e3-8b09-44721d2b06fb","ParentWorkflowIdentifier":"e36d84af-93e3-4bc5-aae3-44e6a7a64c58","Name":"HasApprovalLink","Value":"false"},{"ParentStepIdentifier":"497aaf09-779b-41e3-8b09-44721d2b06fb","ParentWorkflowIdentifier":"e36d84af-93e3-4bc5-aae3-44e6a7a64c58","Name":"IntegrationInstance","Value":"AutomaticEnvironment"},{"ParentStepIdentifier":"497aaf09-779b-41e3-8b09-44721d2b06fb","ParentWorkflowIdentifier":"e36d84af-93e3-4bc5-aae3-44e6a7a64c58","Name":"MessageToAssignee","Value":null},{"ParentStepIdentifier":"497aaf09-779b-41e3-8b09-44721d2b06fb","ParentWorkflowIdentifier":"e36d84af-93e3-4bc5-aae3-44e6a7a64c58","Name":"PendingActionTimeout","Value":null},{"ParentStepIdentifier":"497aaf09-779b-41e3-8b09-44721d2b06fb","ParentWorkflowIdentifier":"e36d84af-93e3-4bc5-aae3-44e6a7a64c58","Name":"RetryConfiguration","Value":"{\"Enabled\":false,\"IntervalInSeconds\":30,\"NumberOfRetries\":1}"},{"ParentStepIdentifier":"497aaf09-779b-41e3-8b09-44721d2b06fb","ParentWorkflowIdentifier":"e36d84af-93e3-4bc5-aae3-44e6a7a64c58","Name":"ScriptName","Value":"Siemplify_Case Comment"},{"ParentStepIdentifier":"497aaf09-779b-41e3-8b09-44721d2b06fb","ParentWorkflowIdentifier":"e36d84af-93e3-4bc5-aae3-44e6a7a64c58","Name":"ScriptParametersEntityFields","Value":"{\"Comment\":\"Failed, IOC - [Loop.Entity.Identifier] has not been created in Cyware Intel Exchange.\"}"},{"ParentStepIdentifier":"497aaf09-779b-41e3-8b09-44721d2b06fb","ParentWorkflowIdentifier":"e36d84af-93e3-4bc5-aae3-44e6a7a64c58","Name":"SelectedScopeName","Value":"All entities"},{"ParentStepIdentifier":"497aaf09-779b-41e3-8b09-44721d2b06fb","ParentWorkflowIdentifier":"e36d84af-93e3-4bc5-aae3-44e6a7a64c58","Name":"UseEntitiesLoopScope","Value":"true"}],"AutoSkipOnFailure":false,"IsDebugMockData":false,"StepDebugData":null,"ParentStepContainerId":null,"IsTouchedByAi":false,"StartLoopStepIdentifier":"5a0d65e4-c8d9-4650-ab00-2e3e7f8e206f","ParallelActions":[]},{"Identifier":"4c921121-5f50-442f-b785-026627ba3857","OriginalStepIdentifier":"b79a5491-f946-4430-818d-3f9ca1b6a5b8","ParentWorkflowIdentifier":"e36d84af-93e3-4bc5-aae3-44e6a7a64c58","ParentStepIdentifiers":["67f4301e-e73a-4e51-9433-f69248c76bb0"],"ParentStepIdentifier":"67f4301e-e73a-4e51-9433-f69248c76bb0","PreviousResultCondition":"{}","InstanceName":"Check IP Type","IsAutomatic":true,"Name":"Condition","IsSkippable":false,"Description":"This condition determines the progress of the playbook. Conditions are built based on cases data (cases, alerts, vents, entities and environment properties) as-well as data that comes back from previous playbook steps.","ActionProvider":"Flow","ActionName":"IfFlowCondition","Type":4,"Integration":"Flow","Parameters":[{"ParentStepIdentifier":"4c921121-5f50-442f-b785-026627ba3857","ParentWorkflowIdentifier":"e36d84af-93e3-4bc5-aae3-44e6a7a64c58","Name":"AssignedUsers","Value":null},{"ParentStepIdentifier":"4c921121-5f50-442f-b785-026627ba3857","ParentWorkflowIdentifier":"e36d84af-93e3-4bc5-aae3-44e6a7a64c58","Name":"Branches","Value":"[{\"LogicalOperator\":0,\"Conditions\":[{\"Operator\":0,\"FieldName\":\"[Detect IP Type.JsonResult| \\\"IPType\\\" | getByIndex(\\\"0\\\")]\",\"Type\":7,\"Value\":\"IPV4\",\"CustomOperatorName\":null}],\"Order\":1,\"IsDefaultBranch\":false,\"Name\":\"IPV4\"},{\"LogicalOperator\":0,\"Conditions\":[],\"Order\":3,\"IsDefaultBranch\":true,\"Name\":\"Branch\"},{\"LogicalOperator\":0,\"Conditions\":[{\"Operator\":0,\"FieldName\":\"[Detect IP Type.JsonResult| \\\"IPType\\\" | getByIndex(\\\"0\\\")]\",\"Type\":7,\"Value\":\"IPV6\",\"CustomOperatorName\":null}],\"Order\":2,\"IsDefaultBranch\":false,\"Name\":\"IPV6\"}]"},{"ParentStepIdentifier":"4c921121-5f50-442f-b785-026627ba3857","ParentWorkflowIdentifier":"e36d84af-93e3-4bc5-aae3-44e6a7a64c58","Name":"ErrorFallbackBranch","Value":null},{"ParentStepIdentifier":"4c921121-5f50-442f-b785-026627ba3857","ParentWorkflowIdentifier":"e36d84af-93e3-4bc5-aae3-44e6a7a64c58","Name":"HasApprovalLink","Value":null},{"ParentStepIdentifier":"4c921121-5f50-442f-b785-026627ba3857","ParentWorkflowIdentifier":"e36d84af-93e3-4bc5-aae3-44e6a7a64c58","Name":"MessageToAssignee","Value":null},{"ParentStepIdentifier":"4c921121-5f50-442f-b785-026627ba3857","ParentWorkflowIdentifier":"e36d84af-93e3-4bc5-aae3-44e6a7a64c58","Name":"PendingActionTimeout","Value":null},{"ParentStepIdentifier":"4c921121-5f50-442f-b785-026627ba3857","ParentWorkflowIdentifier":"e36d84af-93e3-4bc5-aae3-44e6a7a64c58","Name":"SelectedScopeName","Value":"All entities"},{"ParentStepIdentifier":"4c921121-5f50-442f-b785-026627ba3857","ParentWorkflowIdentifier":"e36d84af-93e3-4bc5-aae3-44e6a7a64c58","Name":"UseEntitiesLoopScope","Value":"true"}],"AutoSkipOnFailure":false,"IsDebugMockData":false,"StepDebugData":null,"ParentStepContainerId":null,"IsTouchedByAi":false,"StartLoopStepIdentifier":"5a0d65e4-c8d9-4650-ab00-2e3e7f8e206f","ParallelActions":[]},{"Identifier":"5a0d65e4-c8d9-4650-ab00-2e3e7f8e206f","OriginalStepIdentifier":"e0bbf04c-56fa-482b-8746-bfcc82d2cfcd","ParentWorkflowIdentifier":"e36d84af-93e3-4bc5-aae3-44e6a7a64c58","ParentStepIdentifiers":[],"ParentStepIdentifier":"","PreviousResultCondition":"{}","InstanceName":"Iterate Entities_Start","IsAutomatic":true,"Name":"For Each Loop","IsSkippable":false,"Description":"Use a for-each loop to iterate over an array of entities, events or list items and execute action or series of actions","ActionProvider":"Flow","ActionName":"ForEachStartLoop","Type":8,"Integration":"Loop","Parameters":[{"ParentStepIdentifier":"5a0d65e4-c8d9-4650-ab00-2e3e7f8e206f","ParentWorkflowIdentifier":"e36d84af-93e3-4bc5-aae3-44e6a7a64c58","Name":"AssignedUsers","Value":null},{"ParentStepIdentifier":"5a0d65e4-c8d9-4650-ab00-2e3e7f8e206f","ParentWorkflowIdentifier":"e36d84af-93e3-4bc5-aae3-44e6a7a64c58","Name":"EndLoopStepIdentifier","Value":"b6c26f0d-8cef-4327-bd38-7aa29527aab0"},{"ParentStepIdentifier":"5a0d65e4-c8d9-4650-ab00-2e3e7f8e206f","ParentWorkflowIdentifier":"e36d84af-93e3-4bc5-aae3-44e6a7a64c58","Name":"HasApprovalLink","Value":null},{"ParentStepIdentifier":"5a0d65e4-c8d9-4650-ab00-2e3e7f8e206f","ParentWorkflowIdentifier":"e36d84af-93e3-4bc5-aae3-44e6a7a64c58","Name":"ListLoopDelimiter","Value":","},{"ParentStepIdentifier":"5a0d65e4-c8d9-4650-ab00-2e3e7f8e206f","ParentWorkflowIdentifier":"e36d84af-93e3-4bc5-aae3-44e6a7a64c58","Name":"ListLoopItems","Value":null},{"ParentStepIdentifier":"5a0d65e4-c8d9-4650-ab00-2e3e7f8e206f","ParentWorkflowIdentifier":"e36d84af-93e3-4bc5-aae3-44e6a7a64c58","Name":"LoopType","Value":"1"},{"ParentStepIdentifier":"5a0d65e4-c8d9-4650-ab00-2e3e7f8e206f","ParentWorkflowIdentifier":"e36d84af-93e3-4bc5-aae3-44e6a7a64c58","Name":"MessageToAssignee","Value":null},{"ParentStepIdentifier":"5a0d65e4-c8d9-4650-ab00-2e3e7f8e206f","ParentWorkflowIdentifier":"e36d84af-93e3-4bc5-aae3-44e6a7a64c58","Name":"PendingActionTimeout","Value":null},{"ParentStepIdentifier":"5a0d65e4-c8d9-4650-ab00-2e3e7f8e206f","ParentWorkflowIdentifier":"e36d84af-93e3-4bc5-aae3-44e6a7a64c58","Name":"SelectedScopeName","Value":"All entities"}],"AutoSkipOnFailure":false,"IsDebugMockData":false,"StepDebugData":null,"ParentStepContainerId":null,"IsTouchedByAi":false,"StartLoopStepIdentifier":"5a0d65e4-c8d9-4650-ab00-2e3e7f8e206f","ParallelActions":[]},{"Identifier":"5c688bf5-bdbb-44b9-af53-d4d8a939db3a","OriginalStepIdentifier":"00a5d385-e7d0-420b-adca-37ac20a43048","ParentWorkflowIdentifier":"e36d84af-93e3-4bc5-aae3-44e6a7a64c58","ParentStepIdentifiers":["0473f6f8-b876-4114-9a65-04a244ebe5c0"],"ParentStepIdentifier":"0473f6f8-b876-4114-9a65-04a244ebe5c0","PreviousResultCondition":"{\"0473f6f8-b876-4114-9a65-04a244ebe5c0\":\"1\"}","InstanceName":"Check IOC Type","IsAutomatic":true,"Name":"Condition","IsSkippable":false,"Description":"This condition determines the progress of the playbook. Conditions are built based on cases data (cases, alerts, vents, entities and environment properties) as-well as data that comes back from previous playbook steps.","ActionProvider":"Flow","ActionName":"IfFlowCondition","Type":4,"Integration":"Flow","Parameters":[{"ParentStepIdentifier":"5c688bf5-bdbb-44b9-af53-d4d8a939db3a","ParentWorkflowIdentifier":"e36d84af-93e3-4bc5-aae3-44e6a7a64c58","Name":"AssignedUsers","Value":null},{"ParentStepIdentifier":"5c688bf5-bdbb-44b9-af53-d4d8a939db3a","ParentWorkflowIdentifier":"e36d84af-93e3-4bc5-aae3-44e6a7a64c58","Name":"Branches","Value":"[{\"LogicalOperator\":0,\"Conditions\":[{\"Operator\":0,\"FieldName\":\"[Entity.Type]\",\"Type\":7,\"Value\":\"DestinationURL\",\"CustomOperatorName\":null}],\"Order\":1,\"IsDefaultBranch\":false,\"Name\":\"URL\"},{\"LogicalOperator\":0,\"Conditions\":[],\"Order\":5,\"IsDefaultBranch\":true,\"Name\":\"Branch\"},{\"LogicalOperator\":0,\"Conditions\":[{\"Operator\":0,\"FieldName\":\"[Entity.Type]\",\"Type\":7,\"Value\":\"DOMAIN\",\"CustomOperatorName\":null}],\"Order\":2,\"IsDefaultBranch\":false,\"Name\":\"Domain\"},{\"LogicalOperator\":0,\"Conditions\":[{\"Operator\":0,\"FieldName\":\"[Entity.Type]\",\"Type\":7,\"Value\":\"EMAILSUBJECT\",\"CustomOperatorName\":null}],\"Order\":3,\"IsDefaultBranch\":false,\"Name\":\"Email\"},{\"LogicalOperator\":0,\"Conditions\":[{\"Operator\":0,\"FieldName\":\"[Entity.Type]\",\"Type\":7,\"Value\":\"ADDRESS\",\"CustomOperatorName\":null}],\"Order\":4,\"IsDefaultBranch\":false,\"Name\":\"IP Address\"}]"},{"ParentStepIdentifier":"5c688bf5-bdbb-44b9-af53-d4d8a939db3a","ParentWorkflowIdentifier":"e36d84af-93e3-4bc5-aae3-44e6a7a64c58","Name":"ErrorFallbackBranch","Value":null},{"ParentStepIdentifier":"5c688bf5-bdbb-44b9-af53-d4d8a939db3a","ParentWorkflowIdentifier":"e36d84af-93e3-4bc5-aae3-44e6a7a64c58","Name":"HasApprovalLink","Value":null},{"ParentStepIdentifier":"5c688bf5-bdbb-44b9-af53-d4d8a939db3a","ParentWorkflowIdentifier":"e36d84af-93e3-4bc5-aae3-44e6a7a64c58","Name":"MessageToAssignee","Value":null},{"ParentStepIdentifier":"5c688bf5-bdbb-44b9-af53-d4d8a939db3a","ParentWorkflowIdentifier":"e36d84af-93e3-4bc5-aae3-44e6a7a64c58","Name":"PendingActionTimeout","Value":null},{"ParentStepIdentifier":"5c688bf5-bdbb-44b9-af53-d4d8a939db3a","ParentWorkflowIdentifier":"e36d84af-93e3-4bc5-aae3-44e6a7a64c58","Name":"SelectedScopeName","Value":"All entities"},{"ParentStepIdentifier":"5c688bf5-bdbb-44b9-af53-d4d8a939db3a","ParentWorkflowIdentifier":"e36d84af-93e3-4bc5-aae3-44e6a7a64c58","Name":"UseEntitiesLoopScope","Value":"true"}],"AutoSkipOnFailure":false,"IsDebugMockData":false,"StepDebugData":null,"ParentStepContainerId":null,"IsTouchedByAi":false,"StartLoopStepIdentifier":"5a0d65e4-c8d9-4650-ab00-2e3e7f8e206f","ParallelActions":[]},{"Identifier":"5cfa04d7-e508-40ec-90c9-594297562141","OriginalStepIdentifier":"fc276ee4-ddef-489d-a14e-faa853f71fa9","ParentWorkflowIdentifier":"e36d84af-93e3-4bc5-aae3-44e6a7a64c58","ParentStepIdentifiers":["f90dae10-3eaf-4a30-80dc-a5975e2c6bd6"],"ParentStepIdentifier":"f90dae10-3eaf-4a30-80dc-a5975e2c6bd6","PreviousResultCondition":"{\"f90dae10-3eaf-4a30-80dc-a5975e2c6bd6\":\"1\"}","InstanceName":"Case Comment_10","IsAutomatic":true,"Name":"Siemplify_Case Comment","IsSkippable":false,"Description":"Add a comment to the case the current alert has been grouped to","ActionProvider":"Scripts","ActionName":"Siemplify_Case Comment","Type":0,"Integration":"Siemplify","Parameters":[{"ParentStepIdentifier":"5cfa04d7-e508-40ec-90c9-594297562141","ParentWorkflowIdentifier":"e36d84af-93e3-4bc5-aae3-44e6a7a64c58","Name":"AssignedUsers","Value":null},{"ParentStepIdentifier":"5cfa04d7-e508-40ec-90c9-594297562141","ParentWorkflowIdentifier":"e36d84af-93e3-4bc5-aae3-44e6a7a64c58","Name":"DynamicInjectionInstancePlaceholder","Value":""},{"ParentStepIdentifier":"5cfa04d7-e508-40ec-90c9-594297562141","ParentWorkflowIdentifier":"e36d84af-93e3-4bc5-aae3-44e6a7a64c58","Name":"FallbackIntegrationInstance","Value":null},{"ParentStepIdentifier":"5cfa04d7-e508-40ec-90c9-594297562141","ParentWorkflowIdentifier":"e36d84af-93e3-4bc5-aae3-44e6a7a64c58","Name":"FetchInstanceByName","Value":"false"},{"ParentStepIdentifier":"5cfa04d7-e508-40ec-90c9-594297562141","ParentWorkflowIdentifier":"e36d84af-93e3-4bc5-aae3-44e6a7a64c58","Name":"HasApprovalLink","Value":"false"},{"ParentStepIdentifier":"5cfa04d7-e508-40ec-90c9-594297562141","ParentWorkflowIdentifier":"e36d84af-93e3-4bc5-aae3-44e6a7a64c58","Name":"IntegrationInstance","Value":"AutomaticEnvironment"},{"ParentStepIdentifier":"5cfa04d7-e508-40ec-90c9-594297562141","ParentWorkflowIdentifier":"e36d84af-93e3-4bc5-aae3-44e6a7a64c58","Name":"MessageToAssignee","Value":null},{"ParentStepIdentifier":"5cfa04d7-e508-40ec-90c9-594297562141","ParentWorkflowIdentifier":"e36d84af-93e3-4bc5-aae3-44e6a7a64c58","Name":"PendingActionTimeout","Value":null},{"ParentStepIdentifier":"5cfa04d7-e508-40ec-90c9-594297562141","ParentWorkflowIdentifier":"e36d84af-93e3-4bc5-aae3-44e6a7a64c58","Name":"RetryConfiguration","Value":"{\"Enabled\":false,\"IntervalInSeconds\":30,\"NumberOfRetries\":1}"},{"ParentStepIdentifier":"5cfa04d7-e508-40ec-90c9-594297562141","ParentWorkflowIdentifier":"e36d84af-93e3-4bc5-aae3-44e6a7a64c58","Name":"ScriptName","Value":"Siemplify_Case Comment"},{"ParentStepIdentifier":"5cfa04d7-e508-40ec-90c9-594297562141","ParentWorkflowIdentifier":"e36d84af-93e3-4bc5-aae3-44e6a7a64c58","Name":"ScriptParametersEntityFields","Value":"{\"Comment\":\"IOC - [Loop.Entity.Identifier] has been created in Cyware Intel Exchange.\"}"},{"ParentStepIdentifier":"5cfa04d7-e508-40ec-90c9-594297562141","ParentWorkflowIdentifier":"e36d84af-93e3-4bc5-aae3-44e6a7a64c58","Name":"SelectedScopeName","Value":"All entities"},{"ParentStepIdentifier":"5cfa04d7-e508-40ec-90c9-594297562141","ParentWorkflowIdentifier":"e36d84af-93e3-4bc5-aae3-44e6a7a64c58","Name":"UseEntitiesLoopScope","Value":"true"}],"AutoSkipOnFailure":false,"IsDebugMockData":false,"StepDebugData":null,"ParentStepContainerId":null,"IsTouchedByAi":false,"StartLoopStepIdentifier":"5a0d65e4-c8d9-4650-ab00-2e3e7f8e206f","ParallelActions":[]},{"Identifier":"64e22631-78cb-4248-94a2-dfd5fadec21e","OriginalStepIdentifier":"ce2b075c-d68d-4621-b8fb-19ac4071d4df","ParentWorkflowIdentifier":"e36d84af-93e3-4bc5-aae3-44e6a7a64c58","ParentStepIdentifiers":["d8df86b4-9547-49bd-b36f-d59c448681c2"],"ParentStepIdentifier":"d8df86b4-9547-49bd-b36f-d59c448681c2","PreviousResultCondition":"{\"d8df86b4-9547-49bd-b36f-d59c448681c2\":\"2\"}","InstanceName":"Case Comment_2","IsAutomatic":true,"Name":"Siemplify_Case Comment","IsSkippable":false,"Description":"Add a comment to the case the current alert has been grouped to","ActionProvider":"Scripts","ActionName":"Siemplify_Case Comment","Type":0,"Integration":"Siemplify","Parameters":[{"ParentStepIdentifier":"64e22631-78cb-4248-94a2-dfd5fadec21e","ParentWorkflowIdentifier":"e36d84af-93e3-4bc5-aae3-44e6a7a64c58","Name":"AssignedUsers","Value":null},{"ParentStepIdentifier":"64e22631-78cb-4248-94a2-dfd5fadec21e","ParentWorkflowIdentifier":"e36d84af-93e3-4bc5-aae3-44e6a7a64c58","Name":"DynamicInjectionInstancePlaceholder","Value":""},{"ParentStepIdentifier":"64e22631-78cb-4248-94a2-dfd5fadec21e","ParentWorkflowIdentifier":"e36d84af-93e3-4bc5-aae3-44e6a7a64c58","Name":"FallbackIntegrationInstance","Value":null},{"ParentStepIdentifier":"64e22631-78cb-4248-94a2-dfd5fadec21e","ParentWorkflowIdentifier":"e36d84af-93e3-4bc5-aae3-44e6a7a64c58","Name":"FetchInstanceByName","Value":"false"},{"ParentStepIdentifier":"64e22631-78cb-4248-94a2-dfd5fadec21e","ParentWorkflowIdentifier":"e36d84af-93e3-4bc5-aae3-44e6a7a64c58","Name":"HasApprovalLink","Value":"false"},{"ParentStepIdentifier":"64e22631-78cb-4248-94a2-dfd5fadec21e","ParentWorkflowIdentifier":"e36d84af-93e3-4bc5-aae3-44e6a7a64c58","Name":"IntegrationInstance","Value":"AutomaticEnvironment"},{"ParentStepIdentifier":"64e22631-78cb-4248-94a2-dfd5fadec21e","ParentWorkflowIdentifier":"e36d84af-93e3-4bc5-aae3-44e6a7a64c58","Name":"MessageToAssignee","Value":null},{"ParentStepIdentifier":"64e22631-78cb-4248-94a2-dfd5fadec21e","ParentWorkflowIdentifier":"e36d84af-93e3-4bc5-aae3-44e6a7a64c58","Name":"PendingActionTimeout","Value":null},{"ParentStepIdentifier":"64e22631-78cb-4248-94a2-dfd5fadec21e","ParentWorkflowIdentifier":"e36d84af-93e3-4bc5-aae3-44e6a7a64c58","Name":"RetryConfiguration","Value":"{\"Enabled\":false,\"IntervalInSeconds\":30,\"NumberOfRetries\":1}"},{"ParentStepIdentifier":"64e22631-78cb-4248-94a2-dfd5fadec21e","ParentWorkflowIdentifier":"e36d84af-93e3-4bc5-aae3-44e6a7a64c58","Name":"ScriptName","Value":"Siemplify_Case Comment"},{"ParentStepIdentifier":"64e22631-78cb-4248-94a2-dfd5fadec21e","ParentWorkflowIdentifier":"e36d84af-93e3-4bc5-aae3-44e6a7a64c58","Name":"ScriptParametersEntityFields","Value":"{\"Comment\":\"Failed, IOC - [Loop.Entity.Identifier] has not been created in Cyware Intel Exchange.\"}"},{"ParentStepIdentifier":"64e22631-78cb-4248-94a2-dfd5fadec21e","ParentWorkflowIdentifier":"e36d84af-93e3-4bc5-aae3-44e6a7a64c58","Name":"SelectedScopeName","Value":"All entities"},{"ParentStepIdentifier":"64e22631-78cb-4248-94a2-dfd5fadec21e","ParentWorkflowIdentifier":"e36d84af-93e3-4bc5-aae3-44e6a7a64c58","Name":"UseEntitiesLoopScope","Value":"true"}],"AutoSkipOnFailure":false,"IsDebugMockData":false,"StepDebugData":{"CreationTimeUnixTimeInMs":0,"ModificationTimeUnixTimeInMs":0,"OriginalWorkflowIdentifier":"af524121-7d4f-418c-a4e6-4a2227ccaf84","OriginalStepIdentifier":"ce2b075c-d68d-4621-b8fb-19ac4071d4df","ResultValue":"","ResultJson":"","ScopeEntitiesEnrichmentData":[],"ScopeEntitiesEnrichmentDataJson":"[]"},"ParentStepContainerId":null,"IsTouchedByAi":false,"StartLoopStepIdentifier":"5a0d65e4-c8d9-4650-ab00-2e3e7f8e206f","ParallelActions":[]},{"Identifier":"67f4301e-e73a-4e51-9433-f69248c76bb0","OriginalStepIdentifier":"9a161e71-a3eb-43d5-9cdd-d72a2c7a4df4","ParentWorkflowIdentifier":"e36d84af-93e3-4bc5-aae3-44e6a7a64c58","ParentStepIdentifiers":["5c688bf5-bdbb-44b9-af53-d4d8a939db3a"],"ParentStepIdentifier":"5c688bf5-bdbb-44b9-af53-d4d8a939db3a","PreviousResultCondition":"{\"5c688bf5-bdbb-44b9-af53-d4d8a939db3a\":\"4\"}","InstanceName":"Detect IP Type","IsAutomatic":true,"Name":"Functions_Detect IP Type","IsSkippable":false,"Description":"This action checks if an IP is an IPv4 address or IPv6 address.  IP Address entities will be enriched with IPType field.","ActionProvider":"Scripts","ActionName":"Functions_Detect IP Type","Type":0,"Integration":"Functions","Parameters":[{"ParentStepIdentifier":"67f4301e-e73a-4e51-9433-f69248c76bb0","ParentWorkflowIdentifier":"e36d84af-93e3-4bc5-aae3-44e6a7a64c58","Name":"AssignedUsers","Value":null},{"ParentStepIdentifier":"67f4301e-e73a-4e51-9433-f69248c76bb0","ParentWorkflowIdentifier":"e36d84af-93e3-4bc5-aae3-44e6a7a64c58","Name":"DynamicInjectionInstancePlaceholder","Value":""},{"ParentStepIdentifier":"67f4301e-e73a-4e51-9433-f69248c76bb0","ParentWorkflowIdentifier":"e36d84af-93e3-4bc5-aae3-44e6a7a64c58","Name":"FallbackIntegrationInstance","Value":null},{"ParentStepIdentifier":"67f4301e-e73a-4e51-9433-f69248c76bb0","ParentWorkflowIdentifier":"e36d84af-93e3-4bc5-aae3-44e6a7a64c58","Name":"FetchInstanceByName","Value":"false"},{"ParentStepIdentifier":"67f4301e-e73a-4e51-9433-f69248c76bb0","ParentWorkflowIdentifier":"e36d84af-93e3-4bc5-aae3-44e6a7a64c58","Name":"HasApprovalLink","Value":null},{"ParentStepIdentifier":"67f4301e-e73a-4e51-9433-f69248c76bb0","ParentWorkflowIdentifier":"e36d84af-93e3-4bc5-aae3-44e6a7a64c58","Name":"IntegrationInstance","Value":"AutomaticEnvironment"},{"ParentStepIdentifier":"67f4301e-e73a-4e51-9433-f69248c76bb0","ParentWorkflowIdentifier":"e36d84af-93e3-4bc5-aae3-44e6a7a64c58","Name":"MessageToAssignee","Value":null},{"ParentStepIdentifier":"67f4301e-e73a-4e51-9433-f69248c76bb0","ParentWorkflowIdentifier":"e36d84af-93e3-4bc5-aae3-44e6a7a64c58","Name":"PendingActionTimeout","Value":null},{"ParentStepIdentifier":"67f4301e-e73a-4e51-9433-f69248c76bb0","ParentWorkflowIdentifier":"e36d84af-93e3-4bc5-aae3-44e6a7a64c58","Name":"RetryConfiguration","Value":"{\"Enabled\":false,\"IntervalInSeconds\":30,\"NumberOfRetries\":1}"},{"ParentStepIdentifier":"67f4301e-e73a-4e51-9433-f69248c76bb0","ParentWorkflowIdentifier":"e36d84af-93e3-4bc5-aae3-44e6a7a64c58","Name":"ScriptName","Value":"Functions_Detect IP Type"},{"ParentStepIdentifier":"67f4301e-e73a-4e51-9433-f69248c76bb0","ParentWorkflowIdentifier":"e36d84af-93e3-4bc5-aae3-44e6a7a64c58","Name":"ScriptParametersEntityFields","Value":"{\"IP Addresses\":\"[Loop.Entity.Identifier]\"}"},{"ParentStepIdentifier":"67f4301e-e73a-4e51-9433-f69248c76bb0","ParentWorkflowIdentifier":"e36d84af-93e3-4bc5-aae3-44e6a7a64c58","Name":"SelectedScopeName","Value":"All entities"},{"ParentStepIdentifier":"67f4301e-e73a-4e51-9433-f69248c76bb0","ParentWorkflowIdentifier":"e36d84af-93e3-4bc5-aae3-44e6a7a64c58","Name":"UseEntitiesLoopScope","Value":"true"}],"AutoSkipOnFailure":false,"IsDebugMockData":false,"StepDebugData":{"CreationTimeUnixTimeInMs":0,"ModificationTimeUnixTimeInMs":0,"OriginalWorkflowIdentifier":"af524121-7d4f-418c-a4e6-4a2227ccaf84","OriginalStepIdentifier":"9a161e71-a3eb-43d5-9cdd-d72a2c7a4df4","ResultValue":"","ResultJson":"","ScopeEntitiesEnrichmentData":[],"ScopeEntitiesEnrichmentDataJson":"[]"},"ParentStepContainerId":null,"IsTouchedByAi":false,"StartLoopStepIdentifier":"5a0d65e4-c8d9-4650-ab00-2e3e7f8e206f","ParallelActions":[]},{"Identifier":"869698f2-e3a3-4726-bd3c-85702ffecfe1","OriginalStepIdentifier":"387f6efe-3401-47c9-a0ab-15db5458da0c","ParentWorkflowIdentifier":"e36d84af-93e3-4bc5-aae3-44e6a7a64c58","ParentStepIdentifiers":["4c921121-5f50-442f-b785-026627ba3857"],"ParentStepIdentifier":"4c921121-5f50-442f-b785-026627ba3857","PreviousResultCondition":"{\"4c921121-5f50-442f-b785-026627ba3857\":\"2\"}","InstanceName":"Create Intel in Cyware Intel Exchange - IPV6","IsAutomatic":true,"Name":"Cyware Intel Exchange_Create Intel in Cyware Intel Exchange","IsSkippable":false,"Description":"This action creates a new intelligence record in Cyware Intel Exchange.","ActionProvider":"Scripts","ActionName":"Cyware Intel Exchange_Create Intel in Cyware Intel Exchange","Type":0,"Integration":"Cyware Intel Exchange","Parameters":[{"ParentStepIdentifier":"869698f2-e3a3-4726-bd3c-85702ffecfe1","ParentWorkflowIdentifier":"e36d84af-93e3-4bc5-aae3-44e6a7a64c58","Name":"AssignedUsers","Value":null},{"ParentStepIdentifier":"869698f2-e3a3-4726-bd3c-85702ffecfe1","ParentWorkflowIdentifier":"e36d84af-93e3-4bc5-aae3-44e6a7a64c58","Name":"DynamicInjectionInstancePlaceholder","Value":""},{"ParentStepIdentifier":"869698f2-e3a3-4726-bd3c-85702ffecfe1","ParentWorkflowIdentifier":"e36d84af-93e3-4bc5-aae3-44e6a7a64c58","Name":"FallbackIntegrationInstance","Value":null},{"ParentStepIdentifier":"869698f2-e3a3-4726-bd3c-85702ffecfe1","ParentWorkflowIdentifier":"e36d84af-93e3-4bc5-aae3-44e6a7a64c58","Name":"FetchInstanceByName","Value":"false"},{"ParentStepIdentifier":"869698f2-e3a3-4726-bd3c-85702ffecfe1","ParentWorkflowIdentifier":"e36d84af-93e3-4bc5-aae3-44e6a7a64c58","Name":"HasApprovalLink","Value":"false"},{"ParentStepIdentifier":"869698f2-e3a3-4726-bd3c-85702ffecfe1","ParentWorkflowIdentifier":"e36d84af-93e3-4bc5-aae3-44e6a7a64c58","Name":"IntegrationInstance","Value":"AutomaticEnvironment"},{"ParentStepIdentifier":"869698f2-e3a3-4726-bd3c-85702ffecfe1","ParentWorkflowIdentifier":"e36d84af-93e3-4bc5-aae3-44e6a7a64c58","Name":"MessageToAssignee","Value":null},{"ParentStepIdentifier":"869698f2-e3a3-4726-bd3c-85702ffecfe1","ParentWorkflowIdentifier":"e36d84af-93e3-4bc5-aae3-44e6a7a64c58","Name":"PendingActionTimeout","Value":null},{"ParentStepIdentifier":"869698f2-e3a3-4726-bd3c-85702ffecfe1","ParentWorkflowIdentifier":"e36d84af-93e3-4bc5-aae3-44e6a7a64c58","Name":"RetryConfiguration","Value":"{\"Enabled\":false,\"IntervalInSeconds\":30,\"NumberOfRetries\":1}"},{"ParentStepIdentifier":"869698f2-e3a3-4726-bd3c-85702ffecfe1","ParentWorkflowIdentifier":"e36d84af-93e3-4bc5-aae3-44e6a7a64c58","Name":"ScriptName","Value":"Cyware Intel Exchange_Create Intel in Cyware Intel Exchange"},{"ParentStepIdentifier":"869698f2-e3a3-4726-bd3c-85702ffecfe1","ParentWorkflowIdentifier":"e36d84af-93e3-4bc5-aae3-44e6a7a64c58","Name":"ScriptParametersEntityFields","Value":"{\"Title\":\"[Alert.Name]\",\"TLP\":\"NONE\",\"Metadata Confidence Score\":\"\",\"Tags\":\"Created by Google SecOps\",\"Deprecates After\":\"180\",\"Description\":\"\",\"IOC Type\":\"ipv6-addr\"}"},{"ParentStepIdentifier":"869698f2-e3a3-4726-bd3c-85702ffecfe1","ParentWorkflowIdentifier":"e36d84af-93e3-4bc5-aae3-44e6a7a64c58","Name":"SelectedScopeName","Value":"All entities"},{"ParentStepIdentifier":"869698f2-e3a3-4726-bd3c-85702ffecfe1","ParentWorkflowIdentifier":"e36d84af-93e3-4bc5-aae3-44e6a7a64c58","Name":"UseEntitiesLoopScope","Value":"true"}],"AutoSkipOnFailure":false,"IsDebugMockData":false,"StepDebugData":null,"ParentStepContainerId":null,"IsTouchedByAi":false,"StartLoopStepIdentifier":"5a0d65e4-c8d9-4650-ab00-2e3e7f8e206f","ParallelActions":[]},{"Identifier":"874ea11d-afe7-47ba-90c9-7541d3551b0a","OriginalStepIdentifier":"fa3944e9-825f-4e5b-a569-598b839c1948","ParentWorkflowIdentifier":"e36d84af-93e3-4bc5-aae3-44e6a7a64c58","ParentStepIdentifiers":["210ae419-ac1d-4488-9bba-1a81080fe2c0"],"ParentStepIdentifier":"210ae419-ac1d-4488-9bba-1a81080fe2c0","PreviousResultCondition":"{\"210ae419-ac1d-4488-9bba-1a81080fe2c0\":\"1\"}","InstanceName":"Case Comment_12","IsAutomatic":true,"Name":"Siemplify_Case Comment","IsSkippable":false,"Description":"Add a comment to the case the current alert has been grouped to","ActionProvider":"Scripts","ActionName":"Siemplify_Case Comment","Type":0,"Integration":"Siemplify","Parameters":[{"ParentStepIdentifier":"874ea11d-afe7-47ba-90c9-7541d3551b0a","ParentWorkflowIdentifier":"e36d84af-93e3-4bc5-aae3-44e6a7a64c58","Name":"AssignedUsers","Value":null},{"ParentStepIdentifier":"874ea11d-afe7-47ba-90c9-7541d3551b0a","ParentWorkflowIdentifier":"e36d84af-93e3-4bc5-aae3-44e6a7a64c58","Name":"DynamicInjectionInstancePlaceholder","Value":""},{"ParentStepIdentifier":"874ea11d-afe7-47ba-90c9-7541d3551b0a","ParentWorkflowIdentifier":"e36d84af-93e3-4bc5-aae3-44e6a7a64c58","Name":"FallbackIntegrationInstance","Value":null},{"ParentStepIdentifier":"874ea11d-afe7-47ba-90c9-7541d3551b0a","ParentWorkflowIdentifier":"e36d84af-93e3-4bc5-aae3-44e6a7a64c58","Name":"FetchInstanceByName","Value":"false"},{"ParentStepIdentifier":"874ea11d-afe7-47ba-90c9-7541d3551b0a","ParentWorkflowIdentifier":"e36d84af-93e3-4bc5-aae3-44e6a7a64c58","Name":"HasApprovalLink","Value":"false"},{"ParentStepIdentifier":"874ea11d-afe7-47ba-90c9-7541d3551b0a","ParentWorkflowIdentifier":"e36d84af-93e3-4bc5-aae3-44e6a7a64c58","Name":"IntegrationInstance","Value":"AutomaticEnvironment"},{"ParentStepIdentifier":"874ea11d-afe7-47ba-90c9-7541d3551b0a","ParentWorkflowIdentifier":"e36d84af-93e3-4bc5-aae3-44e6a7a64c58","Name":"MessageToAssignee","Value":null},{"ParentStepIdentifier":"874ea11d-afe7-47ba-90c9-7541d3551b0a","ParentWorkflowIdentifier":"e36d84af-93e3-4bc5-aae3-44e6a7a64c58","Name":"PendingActionTimeout","Value":null},{"ParentStepIdentifier":"874ea11d-afe7-47ba-90c9-7541d3551b0a","ParentWorkflowIdentifier":"e36d84af-93e3-4bc5-aae3-44e6a7a64c58","Name":"RetryConfiguration","Value":"{\"Enabled\":false,\"IntervalInSeconds\":30,\"NumberOfRetries\":1}"},{"ParentStepIdentifier":"874ea11d-afe7-47ba-90c9-7541d3551b0a","ParentWorkflowIdentifier":"e36d84af-93e3-4bc5-aae3-44e6a7a64c58","Name":"ScriptName","Value":"Siemplify_Case Comment"},{"ParentStepIdentifier":"874ea11d-afe7-47ba-90c9-7541d3551b0a","ParentWorkflowIdentifier":"e36d84af-93e3-4bc5-aae3-44e6a7a64c58","Name":"ScriptParametersEntityFields","Value":"{\"Comment\":\"IOC - [Loop.Entity.Identifier] has been created in Cyware Intel Exchange.\"}"},{"ParentStepIdentifier":"874ea11d-afe7-47ba-90c9-7541d3551b0a","ParentWorkflowIdentifier":"e36d84af-93e3-4bc5-aae3-44e6a7a64c58","Name":"SelectedScopeName","Value":"All entities"},{"ParentStepIdentifier":"874ea11d-afe7-47ba-90c9-7541d3551b0a","ParentWorkflowIdentifier":"e36d84af-93e3-4bc5-aae3-44e6a7a64c58","Name":"UseEntitiesLoopScope","Value":"true"}],"AutoSkipOnFailure":false,"IsDebugMockData":false,"StepDebugData":null,"ParentStepContainerId":null,"IsTouchedByAi":false,"StartLoopStepIdentifier":"5a0d65e4-c8d9-4650-ab00-2e3e7f8e206f","ParallelActions":[]},{"Identifier":"8a0f8a7a-937a-4f8b-885d-97a08310a726","OriginalStepIdentifier":"d79fd96f-ed40-4c96-8079-fd950bf68975","ParentWorkflowIdentifier":"e36d84af-93e3-4bc5-aae3-44e6a7a64c58","ParentStepIdentifiers":["ae8bbefd-96c5-4709-8fac-d40005c68ca2"],"ParentStepIdentifier":"ae8bbefd-96c5-4709-8fac-d40005c68ca2","PreviousResultCondition":"{\"ae8bbefd-96c5-4709-8fac-d40005c68ca2\":\"1\"}","InstanceName":"Case Comment_7","IsAutomatic":true,"Name":"Siemplify_Case Comment","IsSkippable":false,"Description":"Add a comment to the case the current alert has been grouped to","ActionProvider":"Scripts","ActionName":"Siemplify_Case Comment","Type":0,"Integration":"Siemplify","Parameters":[{"ParentStepIdentifier":"8a0f8a7a-937a-4f8b-885d-97a08310a726","ParentWorkflowIdentifier":"e36d84af-93e3-4bc5-aae3-44e6a7a64c58","Name":"AssignedUsers","Value":null},{"ParentStepIdentifier":"8a0f8a7a-937a-4f8b-885d-97a08310a726","ParentWorkflowIdentifier":"e36d84af-93e3-4bc5-aae3-44e6a7a64c58","Name":"DynamicInjectionInstancePlaceholder","Value":""},{"ParentStepIdentifier":"8a0f8a7a-937a-4f8b-885d-97a08310a726","ParentWorkflowIdentifier":"e36d84af-93e3-4bc5-aae3-44e6a7a64c58","Name":"FallbackIntegrationInstance","Value":null},{"ParentStepIdentifier":"8a0f8a7a-937a-4f8b-885d-97a08310a726","ParentWorkflowIdentifier":"e36d84af-93e3-4bc5-aae3-44e6a7a64c58","Name":"FetchInstanceByName","Value":"false"},{"ParentStepIdentifier":"8a0f8a7a-937a-4f8b-885d-97a08310a726","ParentWorkflowIdentifier":"e36d84af-93e3-4bc5-aae3-44e6a7a64c58","Name":"HasApprovalLink","Value":"false"},{"ParentStepIdentifier":"8a0f8a7a-937a-4f8b-885d-97a08310a726","ParentWorkflowIdentifier":"e36d84af-93e3-4bc5-aae3-44e6a7a64c58","Name":"IntegrationInstance","Value":"AutomaticEnvironment"},{"ParentStepIdentifier":"8a0f8a7a-937a-4f8b-885d-97a08310a726","ParentWorkflowIdentifier":"e36d84af-93e3-4bc5-aae3-44e6a7a64c58","Name":"MessageToAssignee","Value":null},{"ParentStepIdentifier":"8a0f8a7a-937a-4f8b-885d-97a08310a726","ParentWorkflowIdentifier":"e36d84af-93e3-4bc5-aae3-44e6a7a64c58","Name":"PendingActionTimeout","Value":null},{"ParentStepIdentifier":"8a0f8a7a-937a-4f8b-885d-97a08310a726","ParentWorkflowIdentifier":"e36d84af-93e3-4bc5-aae3-44e6a7a64c58","Name":"RetryConfiguration","Value":"{\"Enabled\":false,\"IntervalInSeconds\":30,\"NumberOfRetries\":1}"},{"ParentStepIdentifier":"8a0f8a7a-937a-4f8b-885d-97a08310a726","ParentWorkflowIdentifier":"e36d84af-93e3-4bc5-aae3-44e6a7a64c58","Name":"ScriptName","Value":"Siemplify_Case Comment"},{"ParentStepIdentifier":"8a0f8a7a-937a-4f8b-885d-97a08310a726","ParentWorkflowIdentifier":"e36d84af-93e3-4bc5-aae3-44e6a7a64c58","Name":"ScriptParametersEntityFields","Value":"{\"Comment\":\"IOC - [Loop.Entity.Identifier] has been created in Cyware Intel Exchange.\"}"},{"ParentStepIdentifier":"8a0f8a7a-937a-4f8b-885d-97a08310a726","ParentWorkflowIdentifier":"e36d84af-93e3-4bc5-aae3-44e6a7a64c58","Name":"SelectedScopeName","Value":"All entities"},{"ParentStepIdentifier":"8a0f8a7a-937a-4f8b-885d-97a08310a726","ParentWorkflowIdentifier":"e36d84af-93e3-4bc5-aae3-44e6a7a64c58","Name":"UseEntitiesLoopScope","Value":"true"}],"AutoSkipOnFailure":false,"IsDebugMockData":false,"StepDebugData":{"CreationTimeUnixTimeInMs":0,"ModificationTimeUnixTimeInMs":0,"OriginalWorkflowIdentifier":"af524121-7d4f-418c-a4e6-4a2227ccaf84","OriginalStepIdentifier":"d79fd96f-ed40-4c96-8079-fd950bf68975","ResultValue":"","ResultJson":"","ScopeEntitiesEnrichmentData":[],"ScopeEntitiesEnrichmentDataJson":"[]"},"ParentStepContainerId":null,"IsTouchedByAi":false,"StartLoopStepIdentifier":"5a0d65e4-c8d9-4650-ab00-2e3e7f8e206f","ParallelActions":[]},{"Identifier":"95f8315a-4eca-48a0-8f26-21fa14c28bdf","OriginalStepIdentifier":"d4918b2d-35cb-41e6-ab56-76f2186b6fe3","ParentWorkflowIdentifier":"e36d84af-93e3-4bc5-aae3-44e6a7a64c58","ParentStepIdentifiers":["d8df86b4-9547-49bd-b36f-d59c448681c2"],"ParentStepIdentifier":"d8df86b4-9547-49bd-b36f-d59c448681c2","PreviousResultCondition":"{\"d8df86b4-9547-49bd-b36f-d59c448681c2\":\"1\"}","InstanceName":"Case Comment_1","IsAutomatic":true,"Name":"Siemplify_Case Comment","IsSkippable":false,"Description":"Add a comment to the case the current alert has been grouped to","ActionProvider":"Scripts","ActionName":"Siemplify_Case Comment","Type":0,"Integration":"Siemplify","Parameters":[{"ParentStepIdentifier":"95f8315a-4eca-48a0-8f26-21fa14c28bdf","ParentWorkflowIdentifier":"e36d84af-93e3-4bc5-aae3-44e6a7a64c58","Name":"AssignedUsers","Value":null},{"ParentStepIdentifier":"95f8315a-4eca-48a0-8f26-21fa14c28bdf","ParentWorkflowIdentifier":"e36d84af-93e3-4bc5-aae3-44e6a7a64c58","Name":"DynamicInjectionInstancePlaceholder","Value":""},{"ParentStepIdentifier":"95f8315a-4eca-48a0-8f26-21fa14c28bdf","ParentWorkflowIdentifier":"e36d84af-93e3-4bc5-aae3-44e6a7a64c58","Name":"FallbackIntegrationInstance","Value":null},{"ParentStepIdentifier":"95f8315a-4eca-48a0-8f26-21fa14c28bdf","ParentWorkflowIdentifier":"e36d84af-93e3-4bc5-aae3-44e6a7a64c58","Name":"FetchInstanceByName","Value":"false"},{"ParentStepIdentifier":"95f8315a-4eca-48a0-8f26-21fa14c28bdf","ParentWorkflowIdentifier":"e36d84af-93e3-4bc5-aae3-44e6a7a64c58","Name":"HasApprovalLink","Value":"false"},{"ParentStepIdentifier":"95f8315a-4eca-48a0-8f26-21fa14c28bdf","ParentWorkflowIdentifier":"e36d84af-93e3-4bc5-aae3-44e6a7a64c58","Name":"IntegrationInstance","Value":"AutomaticEnvironment"},{"ParentStepIdentifier":"95f8315a-4eca-48a0-8f26-21fa14c28bdf","ParentWorkflowIdentifier":"e36d84af-93e3-4bc5-aae3-44e6a7a64c58","Name":"MessageToAssignee","Value":null},{"ParentStepIdentifier":"95f8315a-4eca-48a0-8f26-21fa14c28bdf","ParentWorkflowIdentifier":"e36d84af-93e3-4bc5-aae3-44e6a7a64c58","Name":"PendingActionTimeout","Value":null},{"ParentStepIdentifier":"95f8315a-4eca-48a0-8f26-21fa14c28bdf","ParentWorkflowIdentifier":"e36d84af-93e3-4bc5-aae3-44e6a7a64c58","Name":"RetryConfiguration","Value":"{\"Enabled\":false,\"IntervalInSeconds\":30,\"NumberOfRetries\":1}"},{"ParentStepIdentifier":"95f8315a-4eca-48a0-8f26-21fa14c28bdf","ParentWorkflowIdentifier":"e36d84af-93e3-4bc5-aae3-44e6a7a64c58","Name":"ScriptName","Value":"Siemplify_Case Comment"},{"ParentStepIdentifier":"95f8315a-4eca-48a0-8f26-21fa14c28bdf","ParentWorkflowIdentifier":"e36d84af-93e3-4bc5-aae3-44e6a7a64c58","Name":"ScriptParametersEntityFields","Value":"{\"Comment\":\"IOC - [Loop.Entity.Identifier] has been created in Cyware Intel Exchange.\"}"},{"ParentStepIdentifier":"95f8315a-4eca-48a0-8f26-21fa14c28bdf","ParentWorkflowIdentifier":"e36d84af-93e3-4bc5-aae3-44e6a7a64c58","Name":"SelectedScopeName","Value":"All entities"},{"ParentStepIdentifier":"95f8315a-4eca-48a0-8f26-21fa14c28bdf","ParentWorkflowIdentifier":"e36d84af-93e3-4bc5-aae3-44e6a7a64c58","Name":"UseEntitiesLoopScope","Value":"true"}],"AutoSkipOnFailure":false,"IsDebugMockData":false,"StepDebugData":{"CreationTimeUnixTimeInMs":0,"ModificationTimeUnixTimeInMs":0,"OriginalWorkflowIdentifier":"af524121-7d4f-418c-a4e6-4a2227ccaf84","OriginalStepIdentifier":"d4918b2d-35cb-41e6-ab56-76f2186b6fe3","ResultValue":"","ResultJson":"","ScopeEntitiesEnrichmentData":[],"ScopeEntitiesEnrichmentDataJson":"[]"},"ParentStepContainerId":null,"IsTouchedByAi":false,"StartLoopStepIdentifier":"5a0d65e4-c8d9-4650-ab00-2e3e7f8e206f","ParallelActions":[]},{"Identifier":"a1c5caa0-e667-44f8-8f11-57e657ede08c","OriginalStepIdentifier":"66677a11-5efb-4630-808a-0561e2550ba7","ParentWorkflowIdentifier":"e36d84af-93e3-4bc5-aae3-44e6a7a64c58","ParentStepIdentifiers":["4c921121-5f50-442f-b785-026627ba3857"],"ParentStepIdentifier":"4c921121-5f50-442f-b785-026627ba3857","PreviousResultCondition":"{\"4c921121-5f50-442f-b785-026627ba3857\":\"3\"}","InstanceName":"Case Comment_14","IsAutomatic":true,"Name":"Siemplify_Case Comment","IsSkippable":false,"Description":"Add a comment to the case the current alert has been grouped to","ActionProvider":"Scripts","ActionName":"Siemplify_Case Comment","Type":0,"Integration":"Siemplify","Parameters":[{"ParentStepIdentifier":"a1c5caa0-e667-44f8-8f11-57e657ede08c","ParentWorkflowIdentifier":"e36d84af-93e3-4bc5-aae3-44e6a7a64c58","Name":"AssignedUsers","Value":null},{"ParentStepIdentifier":"a1c5caa0-e667-44f8-8f11-57e657ede08c","ParentWorkflowIdentifier":"e36d84af-93e3-4bc5-aae3-44e6a7a64c58","Name":"DynamicInjectionInstancePlaceholder","Value":""},{"ParentStepIdentifier":"a1c5caa0-e667-44f8-8f11-57e657ede08c","ParentWorkflowIdentifier":"e36d84af-93e3-4bc5-aae3-44e6a7a64c58","Name":"FallbackIntegrationInstance","Value":null},{"ParentStepIdentifier":"a1c5caa0-e667-44f8-8f11-57e657ede08c","ParentWorkflowIdentifier":"e36d84af-93e3-4bc5-aae3-44e6a7a64c58","Name":"FetchInstanceByName","Value":"false"},{"ParentStepIdentifier":"a1c5caa0-e667-44f8-8f11-57e657ede08c","ParentWorkflowIdentifier":"e36d84af-93e3-4bc5-aae3-44e6a7a64c58","Name":"HasApprovalLink","Value":"false"},{"ParentStepIdentifier":"a1c5caa0-e667-44f8-8f11-57e657ede08c","ParentWorkflowIdentifier":"e36d84af-93e3-4bc5-aae3-44e6a7a64c58","Name":"IntegrationInstance","Value":"AutomaticEnvironment"},{"ParentStepIdentifier":"a1c5caa0-e667-44f8-8f11-57e657ede08c","ParentWorkflowIdentifier":"e36d84af-93e3-4bc5-aae3-44e6a7a64c58","Name":"MessageToAssignee","Value":null},{"ParentStepIdentifier":"a1c5caa0-e667-44f8-8f11-57e657ede08c","ParentWorkflowIdentifier":"e36d84af-93e3-4bc5-aae3-44e6a7a64c58","Name":"PendingActionTimeout","Value":null},{"ParentStepIdentifier":"a1c5caa0-e667-44f8-8f11-57e657ede08c","ParentWorkflowIdentifier":"e36d84af-93e3-4bc5-aae3-44e6a7a64c58","Name":"RetryConfiguration","Value":"{\"Enabled\":false,\"IntervalInSeconds\":30,\"NumberOfRetries\":1}"},{"ParentStepIdentifier":"a1c5caa0-e667-44f8-8f11-57e657ede08c","ParentWorkflowIdentifier":"e36d84af-93e3-4bc5-aae3-44e6a7a64c58","Name":"ScriptName","Value":"Siemplify_Case Comment"},{"ParentStepIdentifier":"a1c5caa0-e667-44f8-8f11-57e657ede08c","ParentWorkflowIdentifier":"e36d84af-93e3-4bc5-aae3-44e6a7a64c58","Name":"ScriptParametersEntityFields","Value":"{\"Comment\":\"For IOC - [Loop.Entity.Identifier], IOC Type - [Entity.Type] is unsupported for the playbook.\"}"},{"ParentStepIdentifier":"a1c5caa0-e667-44f8-8f11-57e657ede08c","ParentWorkflowIdentifier":"e36d84af-93e3-4bc5-aae3-44e6a7a64c58","Name":"SelectedScopeName","Value":"All entities"},{"ParentStepIdentifier":"a1c5caa0-e667-44f8-8f11-57e657ede08c","ParentWorkflowIdentifier":"e36d84af-93e3-4bc5-aae3-44e6a7a64c58","Name":"UseEntitiesLoopScope","Value":"true"}],"AutoSkipOnFailure":false,"IsDebugMockData":false,"StepDebugData":null,"ParentStepContainerId":null,"IsTouchedByAi":false,"StartLoopStepIdentifier":"5a0d65e4-c8d9-4650-ab00-2e3e7f8e206f","ParallelActions":[]},{"Identifier":"ae8bbefd-96c5-4709-8fac-d40005c68ca2","OriginalStepIdentifier":"3ac2b358-aa96-495d-99ee-20621ecb75a3","ParentWorkflowIdentifier":"e36d84af-93e3-4bc5-aae3-44e6a7a64c58","ParentStepIdentifiers":["f90c3487-7fbe-4e79-99ea-61072e339b5c"],"ParentStepIdentifier":"f90c3487-7fbe-4e79-99ea-61072e339b5c","PreviousResultCondition":"{}","InstanceName":"Condition_4","IsAutomatic":true,"Name":"Condition","IsSkippable":false,"Description":"This condition determines the progress of the playbook. Conditions are built based on cases data (cases, alerts, vents, entities and environment properties) as-well as data that comes back from previous playbook steps.","ActionProvider":"Flow","ActionName":"IfFlowCondition","Type":4,"Integration":"Flow","Parameters":[{"ParentStepIdentifier":"ae8bbefd-96c5-4709-8fac-d40005c68ca2","ParentWorkflowIdentifier":"e36d84af-93e3-4bc5-aae3-44e6a7a64c58","Name":"AssignedUsers","Value":null},{"ParentStepIdentifier":"ae8bbefd-96c5-4709-8fac-d40005c68ca2","ParentWorkflowIdentifier":"e36d84af-93e3-4bc5-aae3-44e6a7a64c58","Name":"Branches","Value":"[{\"LogicalOperator\":0,\"Conditions\":[{\"Operator\":0,\"FieldName\":\"[Create Intel in Cyware Intel Exchange - URL.JsonResult| \\\"status_response.report_status\\\"]\",\"Type\":7,\"Value\":\"CREATED\",\"CustomOperatorName\":null}],\"Order\":1,\"IsDefaultBranch\":false,\"Name\":\"CREATED\"},{\"LogicalOperator\":0,\"Conditions\":[],\"Order\":2,\"IsDefaultBranch\":true,\"Name\":\"Branch\"}]"},{"ParentStepIdentifier":"ae8bbefd-96c5-4709-8fac-d40005c68ca2","ParentWorkflowIdentifier":"e36d84af-93e3-4bc5-aae3-44e6a7a64c58","Name":"ErrorFallbackBranch","Value":null},{"ParentStepIdentifier":"ae8bbefd-96c5-4709-8fac-d40005c68ca2","ParentWorkflowIdentifier":"e36d84af-93e3-4bc5-aae3-44e6a7a64c58","Name":"HasApprovalLink","Value":"false"},{"ParentStepIdentifier":"ae8bbefd-96c5-4709-8fac-d40005c68ca2","ParentWorkflowIdentifier":"e36d84af-93e3-4bc5-aae3-44e6a7a64c58","Name":"MessageToAssignee","Value":null},{"ParentStepIdentifier":"ae8bbefd-96c5-4709-8fac-d40005c68ca2","ParentWorkflowIdentifier":"e36d84af-93e3-4bc5-aae3-44e6a7a64c58","Name":"PendingActionTimeout","Value":null},{"ParentStepIdentifier":"ae8bbefd-96c5-4709-8fac-d40005c68ca2","ParentWorkflowIdentifier":"e36d84af-93e3-4bc5-aae3-44e6a7a64c58","Name":"SelectedScopeName","Value":"All entities"},{"ParentStepIdentifier":"ae8bbefd-96c5-4709-8fac-d40005c68ca2","ParentWorkflowIdentifier":"e36d84af-93e3-4bc5-aae3-44e6a7a64c58","Name":"UseEntitiesLoopScope","Value":"true"}],"AutoSkipOnFailure":false,"IsDebugMockData":false,"StepDebugData":null,"ParentStepContainerId":null,"IsTouchedByAi":false,"StartLoopStepIdentifier":"5a0d65e4-c8d9-4650-ab00-2e3e7f8e206f","ParallelActions":[]},{"Identifier":"b6c26f0d-8cef-4327-bd38-7aa29527aab0","OriginalStepIdentifier":"d9e80bd5-aef5-4a7a-91bb-1c216ed457ca","ParentWorkflowIdentifier":"e36d84af-93e3-4bc5-aae3-44e6a7a64c58","ParentStepIdentifiers":["f46a63c1-7d06-48f0-b024-b57970a4426c","469241f1-9463-4bfa-a176-7bee2e7dc16b","95f8315a-4eca-48a0-8f26-21fa14c28bdf","64e22631-78cb-4248-94a2-dfd5fadec21e","e1601c5c-e56a-4385-8ac4-88e7267f2a16","1462997b-e5d2-47cc-8b96-a638e2126572","8a0f8a7a-937a-4f8b-885d-97a08310a726","2a687d87-1f96-4725-9135-80f387069442","5cfa04d7-e508-40ec-90c9-594297562141","19cc2a4e-6fc8-472a-8392-5bfc542e00d8","874ea11d-afe7-47ba-90c9-7541d3551b0a","497aaf09-779b-41e3-8b09-44721d2b06fb","a1c5caa0-e667-44f8-8f11-57e657ede08c"],"ParentStepIdentifier":"f46a63c1-7d06-48f0-b024-b57970a4426c;469241f1-9463-4bfa-a176-7bee2e7dc16b;95f8315a-4eca-48a0-8f26-21fa14c28bdf;64e22631-78cb-4248-94a2-dfd5fadec21e;e1601c5c-e56a-4385-8ac4-88e7267f2a16;1462997b-e5d2-47cc-8b96-a638e2126572;8a0f8a7a-937a-4f8b-885d-97a08310a726;2a687d87-1f96-4725-9135-80f387069442;5cfa04d7-e508-40ec-90c9-594297562141;19cc2a4e-6fc8-472a-8392-5bfc542e00d8;874ea11d-afe7-47ba-90c9-7541d3551b0a;497aaf09-779b-41e3-8b09-44721d2b06fb;a1c5caa0-e667-44f8-8f11-57e657ede08c","PreviousResultCondition":"{}","InstanceName":"Iterate Entities_End","IsAutomatic":true,"Name":"For Each Loop","IsSkippable":false,"Description":"This returns the results of the loop","ActionProvider":"Flow","ActionName":"ForEachEndLoop","Type":9,"Integration":"Loop","Parameters":[],"AutoSkipOnFailure":false,"IsDebugMockData":false,"StepDebugData":null,"ParentStepContainerId":null,"IsTouchedByAi":false,"StartLoopStepIdentifier":"5a0d65e4-c8d9-4650-ab00-2e3e7f8e206f","ParallelActions":[]},{"Identifier":"cee6c157-3046-4c2f-9e38-17446afc3478","OriginalStepIdentifier":"67b96b5c-fe0a-4e41-9aad-75888f812f79","ParentWorkflowIdentifier":"e36d84af-93e3-4bc5-aae3-44e6a7a64c58","ParentStepIdentifiers":["5c688bf5-bdbb-44b9-af53-d4d8a939db3a"],"ParentStepIdentifier":"5c688bf5-bdbb-44b9-af53-d4d8a939db3a","PreviousResultCondition":"{\"5c688bf5-bdbb-44b9-af53-d4d8a939db3a\":\"2\"}","InstanceName":"Create Intel in Cyware Intel Exchange - domain","IsAutomatic":true,"Name":"Cyware Intel Exchange_Create Intel in Cyware Intel Exchange","IsSkippable":false,"Description":"This action creates a new intelligence record in Cyware Intel Exchange.","ActionProvider":"Scripts","ActionName":"Cyware Intel Exchange_Create Intel in Cyware Intel Exchange","Type":0,"Integration":"Cyware Intel Exchange","Parameters":[{"ParentStepIdentifier":"cee6c157-3046-4c2f-9e38-17446afc3478","ParentWorkflowIdentifier":"e36d84af-93e3-4bc5-aae3-44e6a7a64c58","Name":"AssignedUsers","Value":null},{"ParentStepIdentifier":"cee6c157-3046-4c2f-9e38-17446afc3478","ParentWorkflowIdentifier":"e36d84af-93e3-4bc5-aae3-44e6a7a64c58","Name":"DynamicInjectionInstancePlaceholder","Value":""},{"ParentStepIdentifier":"cee6c157-3046-4c2f-9e38-17446afc3478","ParentWorkflowIdentifier":"e36d84af-93e3-4bc5-aae3-44e6a7a64c58","Name":"FallbackIntegrationInstance","Value":null},{"ParentStepIdentifier":"cee6c157-3046-4c2f-9e38-17446afc3478","ParentWorkflowIdentifier":"e36d84af-93e3-4bc5-aae3-44e6a7a64c58","Name":"FetchInstanceByName","Value":"false"},{"ParentStepIdentifier":"cee6c157-3046-4c2f-9e38-17446afc3478","ParentWorkflowIdentifier":"e36d84af-93e3-4bc5-aae3-44e6a7a64c58","Name":"HasApprovalLink","Value":null},{"ParentStepIdentifier":"cee6c157-3046-4c2f-9e38-17446afc3478","ParentWorkflowIdentifier":"e36d84af-93e3-4bc5-aae3-44e6a7a64c58","Name":"IntegrationInstance","Value":"AutomaticEnvironment"},{"ParentStepIdentifier":"cee6c157-3046-4c2f-9e38-17446afc3478","ParentWorkflowIdentifier":"e36d84af-93e3-4bc5-aae3-44e6a7a64c58","Name":"MessageToAssignee","Value":null},{"ParentStepIdentifier":"cee6c157-3046-4c2f-9e38-17446afc3478","ParentWorkflowIdentifier":"e36d84af-93e3-4bc5-aae3-44e6a7a64c58","Name":"PendingActionTimeout","Value":null},{"ParentStepIdentifier":"cee6c157-3046-4c2f-9e38-17446afc3478","ParentWorkflowIdentifier":"e36d84af-93e3-4bc5-aae3-44e6a7a64c58","Name":"RetryConfiguration","Value":"{\"Enabled\":false,\"IntervalInSeconds\":30,\"NumberOfRetries\":1}"},{"ParentStepIdentifier":"cee6c157-3046-4c2f-9e38-17446afc3478","ParentWorkflowIdentifier":"e36d84af-93e3-4bc5-aae3-44e6a7a64c58","Name":"ScriptName","Value":"Cyware Intel Exchange_Create Intel in Cyware Intel Exchange"},{"ParentStepIdentifier":"cee6c157-3046-4c2f-9e38-17446afc3478","ParentWorkflowIdentifier":"e36d84af-93e3-4bc5-aae3-44e6a7a64c58","Name":"ScriptParametersEntityFields","Value":"{\"Title\":\"[Alert.Name]\\n\",\"TLP\":\"NONE\",\"Metadata Confidence Score\":\"\\n\",\"Tags\":\"Created by Google SecOps\",\"Deprecates After\":\"180\",\"Description\":\"\",\"IOC Type\":\"domain-name\"}"},{"ParentStepIdentifier":"cee6c157-3046-4c2f-9e38-17446afc3478","ParentWorkflowIdentifier":"e36d84af-93e3-4bc5-aae3-44e6a7a64c58","Name":"SelectedScopeName","Value":"All entities"},{"ParentStepIdentifier":"cee6c157-3046-4c2f-9e38-17446afc3478","ParentWorkflowIdentifier":"e36d84af-93e3-4bc5-aae3-44e6a7a64c58","Name":"UseEntitiesLoopScope","Value":"true"}],"AutoSkipOnFailure":false,"IsDebugMockData":false,"StepDebugData":{"CreationTimeUnixTimeInMs":0,"ModificationTimeUnixTimeInMs":0,"OriginalWorkflowIdentifier":"af524121-7d4f-418c-a4e6-4a2227ccaf84","OriginalStepIdentifier":"67b96b5c-fe0a-4e41-9aad-75888f812f79","ResultValue":"","ResultJson":"","ScopeEntitiesEnrichmentData":[],"ScopeEntitiesEnrichmentDataJson":"[]"},"ParentStepContainerId":null,"IsTouchedByAi":false,"StartLoopStepIdentifier":"5a0d65e4-c8d9-4650-ab00-2e3e7f8e206f","ParallelActions":[]},{"Identifier":"d3bb2214-51e7-4696-8b2c-092a482097f5","OriginalStepIdentifier":"aec91f9b-43ec-4109-877a-f3eccfdea096","ParentWorkflowIdentifier":"e36d84af-93e3-4bc5-aae3-44e6a7a64c58","ParentStepIdentifiers":["5a0d65e4-c8d9-4650-ab00-2e3e7f8e206f"],"ParentStepIdentifier":"5a0d65e4-c8d9-4650-ab00-2e3e7f8e206f","PreviousResultCondition":"{}","InstanceName":"Get IOC Details","IsAutomatic":true,"Name":"Cyware Intel Exchange_Get IOC Details","IsSkippable":false,"Description":"This Action performs a lookup for threat data objects in Intel Exchange and retrieves the details of the objects, such as basic details, enriched data, and relations.","ActionProvider":"Scripts","ActionName":"Cyware Intel Exchange_Get IOC Details","Type":0,"Integration":"Cyware Intel Exchange","Parameters":[{"ParentStepIdentifier":"d3bb2214-51e7-4696-8b2c-092a482097f5","ParentWorkflowIdentifier":"e36d84af-93e3-4bc5-aae3-44e6a7a64c58","Name":"AssignedUsers","Value":null},{"ParentStepIdentifier":"d3bb2214-51e7-4696-8b2c-092a482097f5","ParentWorkflowIdentifier":"e36d84af-93e3-4bc5-aae3-44e6a7a64c58","Name":"DynamicInjectionInstancePlaceholder","Value":""},{"ParentStepIdentifier":"d3bb2214-51e7-4696-8b2c-092a482097f5","ParentWorkflowIdentifier":"e36d84af-93e3-4bc5-aae3-44e6a7a64c58","Name":"FallbackIntegrationInstance","Value":null},{"ParentStepIdentifier":"d3bb2214-51e7-4696-8b2c-092a482097f5","ParentWorkflowIdentifier":"e36d84af-93e3-4bc5-aae3-44e6a7a64c58","Name":"FetchInstanceByName","Value":"false"},{"ParentStepIdentifier":"d3bb2214-51e7-4696-8b2c-092a482097f5","ParentWorkflowIdentifier":"e36d84af-93e3-4bc5-aae3-44e6a7a64c58","Name":"HasApprovalLink","Value":null},{"ParentStepIdentifier":"d3bb2214-51e7-4696-8b2c-092a482097f5","ParentWorkflowIdentifier":"e36d84af-93e3-4bc5-aae3-44e6a7a64c58","Name":"IntegrationInstance","Value":"AutomaticEnvironment"},{"ParentStepIdentifier":"d3bb2214-51e7-4696-8b2c-092a482097f5","ParentWorkflowIdentifier":"e36d84af-93e3-4bc5-aae3-44e6a7a64c58","Name":"MessageToAssignee","Value":null},{"ParentStepIdentifier":"d3bb2214-51e7-4696-8b2c-092a482097f5","ParentWorkflowIdentifier":"e36d84af-93e3-4bc5-aae3-44e6a7a64c58","Name":"PendingActionTimeout","Value":null},{"ParentStepIdentifier":"d3bb2214-51e7-4696-8b2c-092a482097f5","ParentWorkflowIdentifier":"e36d84af-93e3-4bc5-aae3-44e6a7a64c58","Name":"RetryConfiguration","Value":"{\"Enabled\":false,\"IntervalInSeconds\":30,\"NumberOfRetries\":1}"},{"ParentStepIdentifier":"d3bb2214-51e7-4696-8b2c-092a482097f5","ParentWorkflowIdentifier":"e36d84af-93e3-4bc5-aae3-44e6a7a64c58","Name":"ScriptName","Value":"Cyware Intel Exchange_Get IOC Details"},{"ParentStepIdentifier":"d3bb2214-51e7-4696-8b2c-092a482097f5","ParentWorkflowIdentifier":"e36d84af-93e3-4bc5-aae3-44e6a7a64c58","Name":"ScriptParametersEntityFields","Value":"{\"Enrichment Data\":false,\"Relation Data\":false,\"Fields\":\"id,name,confidence_score\"}"},{"ParentStepIdentifier":"d3bb2214-51e7-4696-8b2c-092a482097f5","ParentWorkflowIdentifier":"e36d84af-93e3-4bc5-aae3-44e6a7a64c58","Name":"SelectedScopeName","Value":"All entities"},{"ParentStepIdentifier":"d3bb2214-51e7-4696-8b2c-092a482097f5","ParentWorkflowIdentifier":"e36d84af-93e3-4bc5-aae3-44e6a7a64c58","Name":"UseEntitiesLoopScope","Value":"true"}],"AutoSkipOnFailure":false,"IsDebugMockData":false,"StepDebugData":null,"ParentStepContainerId":null,"IsTouchedByAi":false,"StartLoopStepIdentifier":"5a0d65e4-c8d9-4650-ab00-2e3e7f8e206f","ParallelActions":[]},{"Identifier":"d8df86b4-9547-49bd-b36f-d59c448681c2","OriginalStepIdentifier":"824f7e95-a92d-4127-ad99-e84c8ec605d2","ParentWorkflowIdentifier":"e36d84af-93e3-4bc5-aae3-44e6a7a64c58","ParentStepIdentifiers":["cee6c157-3046-4c2f-9e38-17446afc3478"],"ParentStepIdentifier":"cee6c157-3046-4c2f-9e38-17446afc3478","PreviousResultCondition":"{}","InstanceName":"Condition_1","IsAutomatic":true,"Name":"Condition","IsSkippable":false,"Description":"This condition determines the progress of the playbook. Conditions are built based on cases data (cases, alerts, vents, entities and environment properties) as-well as data that comes back from previous playbook steps.","ActionProvider":"Flow","ActionName":"IfFlowCondition","Type":4,"Integration":"Flow","Parameters":[{"ParentStepIdentifier":"d8df86b4-9547-49bd-b36f-d59c448681c2","ParentWorkflowIdentifier":"e36d84af-93e3-4bc5-aae3-44e6a7a64c58","Name":"AssignedUsers","Value":null},{"ParentStepIdentifier":"d8df86b4-9547-49bd-b36f-d59c448681c2","ParentWorkflowIdentifier":"e36d84af-93e3-4bc5-aae3-44e6a7a64c58","Name":"Branches","Value":"[{\"LogicalOperator\":0,\"Conditions\":[{\"Operator\":0,\"FieldName\":\"[Create Intel in Cyware Intel Exchange - domain.JsonResult| \\\"status_response.report_status\\\"]\",\"Type\":7,\"Value\":\"CREATED\",\"CustomOperatorName\":null}],\"Order\":1,\"IsDefaultBranch\":false,\"Name\":\"CREATED\"},{\"LogicalOperator\":0,\"Conditions\":[],\"Order\":2,\"IsDefaultBranch\":true,\"Name\":\"Branch\"}]"},{"ParentStepIdentifier":"d8df86b4-9547-49bd-b36f-d59c448681c2","ParentWorkflowIdentifier":"e36d84af-93e3-4bc5-aae3-44e6a7a64c58","Name":"ErrorFallbackBranch","Value":null},{"ParentStepIdentifier":"d8df86b4-9547-49bd-b36f-d59c448681c2","ParentWorkflowIdentifier":"e36d84af-93e3-4bc5-aae3-44e6a7a64c58","Name":"HasApprovalLink","Value":null},{"ParentStepIdentifier":"d8df86b4-9547-49bd-b36f-d59c448681c2","ParentWorkflowIdentifier":"e36d84af-93e3-4bc5-aae3-44e6a7a64c58","Name":"MessageToAssignee","Value":null},{"ParentStepIdentifier":"d8df86b4-9547-49bd-b36f-d59c448681c2","ParentWorkflowIdentifier":"e36d84af-93e3-4bc5-aae3-44e6a7a64c58","Name":"PendingActionTimeout","Value":null},{"ParentStepIdentifier":"d8df86b4-9547-49bd-b36f-d59c448681c2","ParentWorkflowIdentifier":"e36d84af-93e3-4bc5-aae3-44e6a7a64c58","Name":"SelectedScopeName","Value":"All entities"},{"ParentStepIdentifier":"d8df86b4-9547-49bd-b36f-d59c448681c2","ParentWorkflowIdentifier":"e36d84af-93e3-4bc5-aae3-44e6a7a64c58","Name":"UseEntitiesLoopScope","Value":"true"}],"AutoSkipOnFailure":false,"IsDebugMockData":false,"StepDebugData":null,"ParentStepContainerId":null,"IsTouchedByAi":false,"StartLoopStepIdentifier":"5a0d65e4-c8d9-4650-ab00-2e3e7f8e206f","ParallelActions":[]},{"Identifier":"db2431fb-f1ba-4d2d-bcda-dc6d84553ad1","OriginalStepIdentifier":"4f751777-1524-4f5d-801d-31076dcd5862","ParentWorkflowIdentifier":"e36d84af-93e3-4bc5-aae3-44e6a7a64c58","ParentStepIdentifiers":["44fe1dbe-7730-49e5-b524-4d0d480678a2"],"ParentStepIdentifier":"44fe1dbe-7730-49e5-b524-4d0d480678a2","PreviousResultCondition":"{}","InstanceName":"Condition_2","IsAutomatic":true,"Name":"Condition","IsSkippable":false,"Description":"This condition determines the progress of the playbook. Conditions are built based on cases data (cases, alerts, vents, entities and environment properties) as-well as data that comes back from previous playbook steps.","ActionProvider":"Flow","ActionName":"IfFlowCondition","Type":4,"Integration":"Flow","Parameters":[{"ParentStepIdentifier":"db2431fb-f1ba-4d2d-bcda-dc6d84553ad1","ParentWorkflowIdentifier":"e36d84af-93e3-4bc5-aae3-44e6a7a64c58","Name":"AssignedUsers","Value":null},{"ParentStepIdentifier":"db2431fb-f1ba-4d2d-bcda-dc6d84553ad1","ParentWorkflowIdentifier":"e36d84af-93e3-4bc5-aae3-44e6a7a64c58","Name":"Branches","Value":"[{\"LogicalOperator\":0,\"Conditions\":[{\"Operator\":0,\"FieldName\":\"[Create Intel in Cyware Intel Exchange - email.JsonResult| \\\"status_response.report_status\\\"]\",\"Type\":7,\"Value\":\"CREATED\",\"CustomOperatorName\":null}],\"Order\":1,\"IsDefaultBranch\":false,\"Name\":\"CREATED\"},{\"LogicalOperator\":0,\"Conditions\":[],\"Order\":2,\"IsDefaultBranch\":true,\"Name\":\"Branch\"}]"},{"ParentStepIdentifier":"db2431fb-f1ba-4d2d-bcda-dc6d84553ad1","ParentWorkflowIdentifier":"e36d84af-93e3-4bc5-aae3-44e6a7a64c58","Name":"ErrorFallbackBranch","Value":null},{"ParentStepIdentifier":"db2431fb-f1ba-4d2d-bcda-dc6d84553ad1","ParentWorkflowIdentifier":"e36d84af-93e3-4bc5-aae3-44e6a7a64c58","Name":"HasApprovalLink","Value":"false"},{"ParentStepIdentifier":"db2431fb-f1ba-4d2d-bcda-dc6d84553ad1","ParentWorkflowIdentifier":"e36d84af-93e3-4bc5-aae3-44e6a7a64c58","Name":"MessageToAssignee","Value":null},{"ParentStepIdentifier":"db2431fb-f1ba-4d2d-bcda-dc6d84553ad1","ParentWorkflowIdentifier":"e36d84af-93e3-4bc5-aae3-44e6a7a64c58","Name":"PendingActionTimeout","Value":null},{"ParentStepIdentifier":"db2431fb-f1ba-4d2d-bcda-dc6d84553ad1","ParentWorkflowIdentifier":"e36d84af-93e3-4bc5-aae3-44e6a7a64c58","Name":"SelectedScopeName","Value":"All entities"},{"ParentStepIdentifier":"db2431fb-f1ba-4d2d-bcda-dc6d84553ad1","ParentWorkflowIdentifier":"e36d84af-93e3-4bc5-aae3-44e6a7a64c58","Name":"UseEntitiesLoopScope","Value":"true"}],"AutoSkipOnFailure":false,"IsDebugMockData":false,"StepDebugData":null,"ParentStepContainerId":null,"IsTouchedByAi":false,"StartLoopStepIdentifier":"5a0d65e4-c8d9-4650-ab00-2e3e7f8e206f","ParallelActions":[]},{"Identifier":"e1601c5c-e56a-4385-8ac4-88e7267f2a16","OriginalStepIdentifier":"96761e90-b232-49f9-b3bd-eeec978f46ff","ParentWorkflowIdentifier":"e36d84af-93e3-4bc5-aae3-44e6a7a64c58","ParentStepIdentifiers":["db2431fb-f1ba-4d2d-bcda-dc6d84553ad1"],"ParentStepIdentifier":"db2431fb-f1ba-4d2d-bcda-dc6d84553ad1","PreviousResultCondition":"{\"db2431fb-f1ba-4d2d-bcda-dc6d84553ad1\":\"1\"}","InstanceName":"Case Comment_3","IsAutomatic":true,"Name":"Siemplify_Case Comment","IsSkippable":false,"Description":"Add a comment to the case the current alert has been grouped to","ActionProvider":"Scripts","ActionName":"Siemplify_Case Comment","Type":0,"Integration":"Siemplify","Parameters":[{"ParentStepIdentifier":"e1601c5c-e56a-4385-8ac4-88e7267f2a16","ParentWorkflowIdentifier":"e36d84af-93e3-4bc5-aae3-44e6a7a64c58","Name":"AssignedUsers","Value":null},{"ParentStepIdentifier":"e1601c5c-e56a-4385-8ac4-88e7267f2a16","ParentWorkflowIdentifier":"e36d84af-93e3-4bc5-aae3-44e6a7a64c58","Name":"DynamicInjectionInstancePlaceholder","Value":""},{"ParentStepIdentifier":"e1601c5c-e56a-4385-8ac4-88e7267f2a16","ParentWorkflowIdentifier":"e36d84af-93e3-4bc5-aae3-44e6a7a64c58","Name":"FallbackIntegrationInstance","Value":null},{"ParentStepIdentifier":"e1601c5c-e56a-4385-8ac4-88e7267f2a16","ParentWorkflowIdentifier":"e36d84af-93e3-4bc5-aae3-44e6a7a64c58","Name":"FetchInstanceByName","Value":"false"},{"ParentStepIdentifier":"e1601c5c-e56a-4385-8ac4-88e7267f2a16","ParentWorkflowIdentifier":"e36d84af-93e3-4bc5-aae3-44e6a7a64c58","Name":"HasApprovalLink","Value":"false"},{"ParentStepIdentifier":"e1601c5c-e56a-4385-8ac4-88e7267f2a16","ParentWorkflowIdentifier":"e36d84af-93e3-4bc5-aae3-44e6a7a64c58","Name":"IntegrationInstance","Value":"AutomaticEnvironment"},{"ParentStepIdentifier":"e1601c5c-e56a-4385-8ac4-88e7267f2a16","ParentWorkflowIdentifier":"e36d84af-93e3-4bc5-aae3-44e6a7a64c58","Name":"MessageToAssignee","Value":null},{"ParentStepIdentifier":"e1601c5c-e56a-4385-8ac4-88e7267f2a16","ParentWorkflowIdentifier":"e36d84af-93e3-4bc5-aae3-44e6a7a64c58","Name":"PendingActionTimeout","Value":null},{"ParentStepIdentifier":"e1601c5c-e56a-4385-8ac4-88e7267f2a16","ParentWorkflowIdentifier":"e36d84af-93e3-4bc5-aae3-44e6a7a64c58","Name":"RetryConfiguration","Value":"{\"Enabled\":false,\"IntervalInSeconds\":30,\"NumberOfRetries\":1}"},{"ParentStepIdentifier":"e1601c5c-e56a-4385-8ac4-88e7267f2a16","ParentWorkflowIdentifier":"e36d84af-93e3-4bc5-aae3-44e6a7a64c58","Name":"ScriptName","Value":"Siemplify_Case Comment"},{"ParentStepIdentifier":"e1601c5c-e56a-4385-8ac4-88e7267f2a16","ParentWorkflowIdentifier":"e36d84af-93e3-4bc5-aae3-44e6a7a64c58","Name":"ScriptParametersEntityFields","Value":"{\"Comment\":\"IOC - [Loop.Entity.Identifier] has been created in Cyware Intel Exchange.\"}"},{"ParentStepIdentifier":"e1601c5c-e56a-4385-8ac4-88e7267f2a16","ParentWorkflowIdentifier":"e36d84af-93e3-4bc5-aae3-44e6a7a64c58","Name":"SelectedScopeName","Value":"All entities"},{"ParentStepIdentifier":"e1601c5c-e56a-4385-8ac4-88e7267f2a16","ParentWorkflowIdentifier":"e36d84af-93e3-4bc5-aae3-44e6a7a64c58","Name":"UseEntitiesLoopScope","Value":"true"}],"AutoSkipOnFailure":false,"IsDebugMockData":false,"StepDebugData":{"CreationTimeUnixTimeInMs":0,"ModificationTimeUnixTimeInMs":0,"OriginalWorkflowIdentifier":"af524121-7d4f-418c-a4e6-4a2227ccaf84","OriginalStepIdentifier":"96761e90-b232-49f9-b3bd-eeec978f46ff","ResultValue":"","ResultJson":"","ScopeEntitiesEnrichmentData":[],"ScopeEntitiesEnrichmentDataJson":"[]"},"ParentStepContainerId":null,"IsTouchedByAi":false,"StartLoopStepIdentifier":"5a0d65e4-c8d9-4650-ab00-2e3e7f8e206f","ParallelActions":[]},{"Identifier":"f3221f3a-4925-488c-bb7e-5647077549e1","OriginalStepIdentifier":"dfe037e8-8189-43fc-9fbb-6d8f60795291","ParentWorkflowIdentifier":"e36d84af-93e3-4bc5-aae3-44e6a7a64c58","ParentStepIdentifiers":["4c921121-5f50-442f-b785-026627ba3857"],"ParentStepIdentifier":"4c921121-5f50-442f-b785-026627ba3857","PreviousResultCondition":"{\"4c921121-5f50-442f-b785-026627ba3857\":\"1\"}","InstanceName":"Create Intel in Cyware Intel Exchange - IPV4","IsAutomatic":true,"Name":"Cyware Intel Exchange_Create Intel in Cyware Intel Exchange","IsSkippable":false,"Description":"This action creates a new intelligence record in Cyware Intel Exchange.","ActionProvider":"Scripts","ActionName":"Cyware Intel Exchange_Create Intel in Cyware Intel Exchange","Type":0,"Integration":"Cyware Intel Exchange","Parameters":[{"ParentStepIdentifier":"f3221f3a-4925-488c-bb7e-5647077549e1","ParentWorkflowIdentifier":"e36d84af-93e3-4bc5-aae3-44e6a7a64c58","Name":"AssignedUsers","Value":null},{"ParentStepIdentifier":"f3221f3a-4925-488c-bb7e-5647077549e1","ParentWorkflowIdentifier":"e36d84af-93e3-4bc5-aae3-44e6a7a64c58","Name":"DynamicInjectionInstancePlaceholder","Value":""},{"ParentStepIdentifier":"f3221f3a-4925-488c-bb7e-5647077549e1","ParentWorkflowIdentifier":"e36d84af-93e3-4bc5-aae3-44e6a7a64c58","Name":"FallbackIntegrationInstance","Value":null},{"ParentStepIdentifier":"f3221f3a-4925-488c-bb7e-5647077549e1","ParentWorkflowIdentifier":"e36d84af-93e3-4bc5-aae3-44e6a7a64c58","Name":"FetchInstanceByName","Value":"false"},{"ParentStepIdentifier":"f3221f3a-4925-488c-bb7e-5647077549e1","ParentWorkflowIdentifier":"e36d84af-93e3-4bc5-aae3-44e6a7a64c58","Name":"HasApprovalLink","Value":"false"},{"ParentStepIdentifier":"f3221f3a-4925-488c-bb7e-5647077549e1","ParentWorkflowIdentifier":"e36d84af-93e3-4bc5-aae3-44e6a7a64c58","Name":"IntegrationInstance","Value":"AutomaticEnvironment"},{"ParentStepIdentifier":"f3221f3a-4925-488c-bb7e-5647077549e1","ParentWorkflowIdentifier":"e36d84af-93e3-4bc5-aae3-44e6a7a64c58","Name":"MessageToAssignee","Value":null},{"ParentStepIdentifier":"f3221f3a-4925-488c-bb7e-5647077549e1","ParentWorkflowIdentifier":"e36d84af-93e3-4bc5-aae3-44e6a7a64c58","Name":"PendingActionTimeout","Value":null},{"ParentStepIdentifier":"f3221f3a-4925-488c-bb7e-5647077549e1","ParentWorkflowIdentifier":"e36d84af-93e3-4bc5-aae3-44e6a7a64c58","Name":"RetryConfiguration","Value":"{\"Enabled\":false,\"IntervalInSeconds\":30,\"NumberOfRetries\":1}"},{"ParentStepIdentifier":"f3221f3a-4925-488c-bb7e-5647077549e1","ParentWorkflowIdentifier":"e36d84af-93e3-4bc5-aae3-44e6a7a64c58","Name":"ScriptName","Value":"Cyware Intel Exchange_Create Intel in Cyware Intel Exchange"},{"ParentStepIdentifier":"f3221f3a-4925-488c-bb7e-5647077549e1","ParentWorkflowIdentifier":"e36d84af-93e3-4bc5-aae3-44e6a7a64c58","Name":"ScriptParametersEntityFields","Value":"{\"Title\":\"[Alert.Name]\",\"TLP\":\"NONE\",\"Metadata Confidence Score\":\"\\n\",\"Tags\":\"Created by Google SecOps\",\"Deprecates After\":\"180\",\"Description\":\"\",\"IOC Type\":\"ipv4-addr\"}"},{"ParentStepIdentifier":"f3221f3a-4925-488c-bb7e-5647077549e1","ParentWorkflowIdentifier":"e36d84af-93e3-4bc5-aae3-44e6a7a64c58","Name":"SelectedScopeName","Value":"All entities"},{"ParentStepIdentifier":"f3221f3a-4925-488c-bb7e-5647077549e1","ParentWorkflowIdentifier":"e36d84af-93e3-4bc5-aae3-44e6a7a64c58","Name":"UseEntitiesLoopScope","Value":"true"}],"AutoSkipOnFailure":false,"IsDebugMockData":false,"StepDebugData":null,"ParentStepContainerId":null,"IsTouchedByAi":false,"StartLoopStepIdentifier":"5a0d65e4-c8d9-4650-ab00-2e3e7f8e206f","ParallelActions":[]},{"Identifier":"f46a63c1-7d06-48f0-b024-b57970a4426c","OriginalStepIdentifier":"1c97f620-9ac6-40e5-b2ad-549edae8ecf9","ParentWorkflowIdentifier":"e36d84af-93e3-4bc5-aae3-44e6a7a64c58","ParentStepIdentifiers":["0473f6f8-b876-4114-9a65-04a244ebe5c0"],"ParentStepIdentifier":"0473f6f8-b876-4114-9a65-04a244ebe5c0","PreviousResultCondition":"{\"0473f6f8-b876-4114-9a65-04a244ebe5c0\":\"2\"}","InstanceName":"Case Comment","IsAutomatic":true,"Name":"Siemplify_Case Comment","IsSkippable":false,"Description":"Add a comment to the case the current alert has been grouped to","ActionProvider":"Scripts","ActionName":"Siemplify_Case Comment","Type":0,"Integration":"Siemplify","Parameters":[{"ParentStepIdentifier":"f46a63c1-7d06-48f0-b024-b57970a4426c","ParentWorkflowIdentifier":"e36d84af-93e3-4bc5-aae3-44e6a7a64c58","Name":"AssignedUsers","Value":null},{"ParentStepIdentifier":"f46a63c1-7d06-48f0-b024-b57970a4426c","ParentWorkflowIdentifier":"e36d84af-93e3-4bc5-aae3-44e6a7a64c58","Name":"DynamicInjectionInstancePlaceholder","Value":""},{"ParentStepIdentifier":"f46a63c1-7d06-48f0-b024-b57970a4426c","ParentWorkflowIdentifier":"e36d84af-93e3-4bc5-aae3-44e6a7a64c58","Name":"FallbackIntegrationInstance","Value":null},{"ParentStepIdentifier":"f46a63c1-7d06-48f0-b024-b57970a4426c","ParentWorkflowIdentifier":"e36d84af-93e3-4bc5-aae3-44e6a7a64c58","Name":"FetchInstanceByName","Value":"false"},{"ParentStepIdentifier":"f46a63c1-7d06-48f0-b024-b57970a4426c","ParentWorkflowIdentifier":"e36d84af-93e3-4bc5-aae3-44e6a7a64c58","Name":"HasApprovalLink","Value":null},{"ParentStepIdentifier":"f46a63c1-7d06-48f0-b024-b57970a4426c","ParentWorkflowIdentifier":"e36d84af-93e3-4bc5-aae3-44e6a7a64c58","Name":"IntegrationInstance","Value":"AutomaticEnvironment"},{"ParentStepIdentifier":"f46a63c1-7d06-48f0-b024-b57970a4426c","ParentWorkflowIdentifier":"e36d84af-93e3-4bc5-aae3-44e6a7a64c58","Name":"MessageToAssignee","Value":null},{"ParentStepIdentifier":"f46a63c1-7d06-48f0-b024-b57970a4426c","ParentWorkflowIdentifier":"e36d84af-93e3-4bc5-aae3-44e6a7a64c58","Name":"PendingActionTimeout","Value":null},{"ParentStepIdentifier":"f46a63c1-7d06-48f0-b024-b57970a4426c","ParentWorkflowIdentifier":"e36d84af-93e3-4bc5-aae3-44e6a7a64c58","Name":"RetryConfiguration","Value":"{\"Enabled\":false,\"IntervalInSeconds\":30,\"NumberOfRetries\":1}"},{"ParentStepIdentifier":"f46a63c1-7d06-48f0-b024-b57970a4426c","ParentWorkflowIdentifier":"e36d84af-93e3-4bc5-aae3-44e6a7a64c58","Name":"ScriptName","Value":"Siemplify_Case Comment"},{"ParentStepIdentifier":"f46a63c1-7d06-48f0-b024-b57970a4426c","ParentWorkflowIdentifier":"e36d84af-93e3-4bc5-aae3-44e6a7a64c58","Name":"ScriptParametersEntityFields","Value":"{\"Comment\":\"IOC - [Loop.Entity.Identifier] already exist in Cyware Intel Exchange.\"}"},{"ParentStepIdentifier":"f46a63c1-7d06-48f0-b024-b57970a4426c","ParentWorkflowIdentifier":"e36d84af-93e3-4bc5-aae3-44e6a7a64c58","Name":"SelectedScopeName","Value":"All entities"},{"ParentStepIdentifier":"f46a63c1-7d06-48f0-b024-b57970a4426c","ParentWorkflowIdentifier":"e36d84af-93e3-4bc5-aae3-44e6a7a64c58","Name":"UseEntitiesLoopScope","Value":"true"}],"AutoSkipOnFailure":false,"IsDebugMockData":false,"StepDebugData":{"CreationTimeUnixTimeInMs":0,"ModificationTimeUnixTimeInMs":0,"OriginalWorkflowIdentifier":"af524121-7d4f-418c-a4e6-4a2227ccaf84","OriginalStepIdentifier":"1c97f620-9ac6-40e5-b2ad-549edae8ecf9","ResultValue":"","ResultJson":"","ScopeEntitiesEnrichmentData":[],"ScopeEntitiesEnrichmentDataJson":"[]"},"ParentStepContainerId":null,"IsTouchedByAi":false,"StartLoopStepIdentifier":"5a0d65e4-c8d9-4650-ab00-2e3e7f8e206f","ParallelActions":[]},{"Identifier":"f90c3487-7fbe-4e79-99ea-61072e339b5c","OriginalStepIdentifier":"59718ee3-1a4e-48df-b7ff-d90e395b61aa","ParentWorkflowIdentifier":"e36d84af-93e3-4bc5-aae3-44e6a7a64c58","ParentStepIdentifiers":["5c688bf5-bdbb-44b9-af53-d4d8a939db3a"],"ParentStepIdentifier":"5c688bf5-bdbb-44b9-af53-d4d8a939db3a","PreviousResultCondition":"{\"5c688bf5-bdbb-44b9-af53-d4d8a939db3a\":\"1\"}","InstanceName":"Create Intel in Cyware Intel Exchange - URL","IsAutomatic":true,"Name":"Cyware Intel Exchange_Create Intel in Cyware Intel Exchange","IsSkippable":false,"Description":"This action creates a new intelligence record in Cyware Intel Exchange.","ActionProvider":"Scripts","ActionName":"Cyware Intel Exchange_Create Intel in Cyware Intel Exchange","Type":0,"Integration":"Cyware Intel Exchange","Parameters":[{"ParentStepIdentifier":"f90c3487-7fbe-4e79-99ea-61072e339b5c","ParentWorkflowIdentifier":"e36d84af-93e3-4bc5-aae3-44e6a7a64c58","Name":"AssignedUsers","Value":null},{"ParentStepIdentifier":"f90c3487-7fbe-4e79-99ea-61072e339b5c","ParentWorkflowIdentifier":"e36d84af-93e3-4bc5-aae3-44e6a7a64c58","Name":"DynamicInjectionInstancePlaceholder","Value":""},{"ParentStepIdentifier":"f90c3487-7fbe-4e79-99ea-61072e339b5c","ParentWorkflowIdentifier":"e36d84af-93e3-4bc5-aae3-44e6a7a64c58","Name":"FallbackIntegrationInstance","Value":null},{"ParentStepIdentifier":"f90c3487-7fbe-4e79-99ea-61072e339b5c","ParentWorkflowIdentifier":"e36d84af-93e3-4bc5-aae3-44e6a7a64c58","Name":"FetchInstanceByName","Value":"false"},{"ParentStepIdentifier":"f90c3487-7fbe-4e79-99ea-61072e339b5c","ParentWorkflowIdentifier":"e36d84af-93e3-4bc5-aae3-44e6a7a64c58","Name":"HasApprovalLink","Value":"false"},{"ParentStepIdentifier":"f90c3487-7fbe-4e79-99ea-61072e339b5c","ParentWorkflowIdentifier":"e36d84af-93e3-4bc5-aae3-44e6a7a64c58","Name":"IntegrationInstance","Value":"AutomaticEnvironment"},{"ParentStepIdentifier":"f90c3487-7fbe-4e79-99ea-61072e339b5c","ParentWorkflowIdentifier":"e36d84af-93e3-4bc5-aae3-44e6a7a64c58","Name":"MessageToAssignee","Value":null},{"ParentStepIdentifier":"f90c3487-7fbe-4e79-99ea-61072e339b5c","ParentWorkflowIdentifier":"e36d84af-93e3-4bc5-aae3-44e6a7a64c58","Name":"PendingActionTimeout","Value":null},{"ParentStepIdentifier":"f90c3487-7fbe-4e79-99ea-61072e339b5c","ParentWorkflowIdentifier":"e36d84af-93e3-4bc5-aae3-44e6a7a64c58","Name":"RetryConfiguration","Value":"{\"Enabled\":false,\"IntervalInSeconds\":30,\"NumberOfRetries\":1}"},{"ParentStepIdentifier":"f90c3487-7fbe-4e79-99ea-61072e339b5c","ParentWorkflowIdentifier":"e36d84af-93e3-4bc5-aae3-44e6a7a64c58","Name":"ScriptName","Value":"Cyware Intel Exchange_Create Intel in Cyware Intel Exchange"},{"ParentStepIdentifier":"f90c3487-7fbe-4e79-99ea-61072e339b5c","ParentWorkflowIdentifier":"e36d84af-93e3-4bc5-aae3-44e6a7a64c58","Name":"ScriptParametersEntityFields","Value":"{\"Title\":\"[Alert.Name]\",\"TLP\":\"NONE\",\"Metadata Confidence Score\":\"\",\"Tags\":\"Created by Google SecOps\",\"Deprecates After\":\"180\",\"Description\":\"\",\"IOC Type\":\"url\"}"},{"ParentStepIdentifier":"f90c3487-7fbe-4e79-99ea-61072e339b5c","ParentWorkflowIdentifier":"e36d84af-93e3-4bc5-aae3-44e6a7a64c58","Name":"SelectedScopeName","Value":"All entities"},{"ParentStepIdentifier":"f90c3487-7fbe-4e79-99ea-61072e339b5c","ParentWorkflowIdentifier":"e36d84af-93e3-4bc5-aae3-44e6a7a64c58","Name":"UseEntitiesLoopScope","Value":"true"}],"AutoSkipOnFailure":false,"IsDebugMockData":false,"StepDebugData":{"CreationTimeUnixTimeInMs":0,"ModificationTimeUnixTimeInMs":0,"OriginalWorkflowIdentifier":"af524121-7d4f-418c-a4e6-4a2227ccaf84","OriginalStepIdentifier":"59718ee3-1a4e-48df-b7ff-d90e395b61aa","ResultValue":"","ResultJson":"","ScopeEntitiesEnrichmentData":[],"ScopeEntitiesEnrichmentDataJson":"[]"},"ParentStepContainerId":null,"IsTouchedByAi":false,"StartLoopStepIdentifier":"5a0d65e4-c8d9-4650-ab00-2e3e7f8e206f","ParallelActions":[]},{"Identifier":"f90dae10-3eaf-4a30-80dc-a5975e2c6bd6","OriginalStepIdentifier":"6a18f3b1-c2da-4ec9-8bd0-9d8c92d6754e","ParentWorkflowIdentifier":"e36d84af-93e3-4bc5-aae3-44e6a7a64c58","ParentStepIdentifiers":["f3221f3a-4925-488c-bb7e-5647077549e1"],"ParentStepIdentifier":"f3221f3a-4925-488c-bb7e-5647077549e1","PreviousResultCondition":"{}","InstanceName":"Condition_5","IsAutomatic":true,"Name":"Condition","IsSkippable":false,"Description":"This condition determines the progress of the playbook. Conditions are built based on cases data (cases, alerts, vents, entities and environment properties) as-well as data that comes back from previous playbook steps.","ActionProvider":"Flow","ActionName":"IfFlowCondition","Type":4,"Integration":"Flow","Parameters":[{"ParentStepIdentifier":"f90dae10-3eaf-4a30-80dc-a5975e2c6bd6","ParentWorkflowIdentifier":"e36d84af-93e3-4bc5-aae3-44e6a7a64c58","Name":"AssignedUsers","Value":null},{"ParentStepIdentifier":"f90dae10-3eaf-4a30-80dc-a5975e2c6bd6","ParentWorkflowIdentifier":"e36d84af-93e3-4bc5-aae3-44e6a7a64c58","Name":"Branches","Value":"[{\"LogicalOperator\":0,\"Conditions\":[{\"Operator\":0,\"FieldName\":\"[Create Intel in Cyware Intel Exchange - IPV4.JsonResult| \\\"status_response.report_status\\\"]\",\"Type\":7,\"Value\":\"CREATED\",\"CustomOperatorName\":null}],\"Order\":1,\"IsDefaultBranch\":false,\"Name\":\"CREATED\"},{\"LogicalOperator\":0,\"Conditions\":[],\"Order\":2,\"IsDefaultBranch\":true,\"Name\":\"Branch\"}]"},{"ParentStepIdentifier":"f90dae10-3eaf-4a30-80dc-a5975e2c6bd6","ParentWorkflowIdentifier":"e36d84af-93e3-4bc5-aae3-44e6a7a64c58","Name":"ErrorFallbackBranch","Value":null},{"ParentStepIdentifier":"f90dae10-3eaf-4a30-80dc-a5975e2c6bd6","ParentWorkflowIdentifier":"e36d84af-93e3-4bc5-aae3-44e6a7a64c58","Name":"HasApprovalLink","Value":"false"},{"ParentStepIdentifier":"f90dae10-3eaf-4a30-80dc-a5975e2c6bd6","ParentWorkflowIdentifier":"e36d84af-93e3-4bc5-aae3-44e6a7a64c58","Name":"MessageToAssignee","Value":null},{"ParentStepIdentifier":"f90dae10-3eaf-4a30-80dc-a5975e2c6bd6","ParentWorkflowIdentifier":"e36d84af-93e3-4bc5-aae3-44e6a7a64c58","Name":"PendingActionTimeout","Value":null},{"ParentStepIdentifier":"f90dae10-3eaf-4a30-80dc-a5975e2c6bd6","ParentWorkflowIdentifier":"e36d84af-93e3-4bc5-aae3-44e6a7a64c58","Name":"SelectedScopeName","Value":"All entities"},{"ParentStepIdentifier":"f90dae10-3eaf-4a30-80dc-a5975e2c6bd6","ParentWorkflowIdentifier":"e36d84af-93e3-4bc5-aae3-44e6a7a64c58","Name":"UseEntitiesLoopScope","Value":"true"}],"AutoSkipOnFailure":false,"IsDebugMockData":false,"StepDebugData":null,"ParentStepContainerId":null,"IsTouchedByAi":false,"StartLoopStepIdentifier":"5a0d65e4-c8d9-4650-ab00-2e3e7f8e206f","ParallelActions":[]}],"Triggers":[{"Identifier":"4b3c2d0d-40ec-405f-95a9-47e6c7907a90","IsEnabled":false,"DefinitionIdentifier":"e36d84af-93e3-4bc5-aae3-44e6a7a64c58","Type":3,"WorkflowName":null,"LogicalOperator":0,"Conditions":[{"FieldName":"","MatchType":0,"Value":"Cyware Intel Exchange","CustomOperatorName":null}],"ReactionLogicalOperator":1,"ReactionConditions":null,"Environments":["*"]}],"OverviewTemplates":[],"Permissions":[],"Environments":["*"]}}