{"CategoryName":"CywareIntelExchangePlaybooks","OverviewTemplatesDetails":[],"WidgetTemplates":[],"Definition":{"Identifier":"f4f51552-0f5a-4f7f-b4ad-63de439c496e","IsEnable":true,"Version":0.0,"IsArchived":false,"IsAutomatic":true,"Name":"Dynamic Tags Classification on IOCs - Cyware Intel Exchange","Category":12,"Description":"This playbook is designed to add tags to IOC based on Confidence Score.","ExecutionScope":1,"Priority":2,"Creator":"2ad92bfc-4521-467b-afef-7163569481dc","VersionCreator":null,"VersionComment":null,"OriginalWorkflowIdentifier":"8e3fbf9f-26d7-45fe-af0d-af4c0fbed2f3","TemplateName":null,"PlaybookType":0,"IsDebugMode":false,"DebugBaseAlertIdentifier":null,"DebugAlertIdentifier":null,"SimulationClone":false,"DefaultAccessLevel":2,"CreationSource":1,"Steps":[{"Identifier":"2cc4c5ba-a341-4402-ab74-29174d47a960","OriginalStepIdentifier":"840f58b5-2e31-4cdf-b556-29cf1b7de420","ParentWorkflowIdentifier":"f4f51552-0f5a-4f7f-b4ad-63de439c496e","ParentStepIdentifiers":[],"ParentStepIdentifier":"","PreviousResultCondition":null,"InstanceName":"For Each Loop_1_Start","IsAutomatic":true,"Name":"For Each Loop","IsSkippable":false,"Description":"Use a for-each loop to iterate over an array of entities, events or list items and execute action or series of actions","ActionProvider":"Flow","ActionName":"ForEachStartLoop","Type":8,"Integration":"Loop","Parameters":[{"ParentStepIdentifier":"2cc4c5ba-a341-4402-ab74-29174d47a960","ParentWorkflowIdentifier":"f4f51552-0f5a-4f7f-b4ad-63de439c496e","Name":"AssignedUsers","Value":null},{"ParentStepIdentifier":"2cc4c5ba-a341-4402-ab74-29174d47a960","ParentWorkflowIdentifier":"f4f51552-0f5a-4f7f-b4ad-63de439c496e","Name":"DynamicInjectionInstancePlaceholder","Value":null},{"ParentStepIdentifier":"2cc4c5ba-a341-4402-ab74-29174d47a960","ParentWorkflowIdentifier":"f4f51552-0f5a-4f7f-b4ad-63de439c496e","Name":"EndLoopStepIdentifier","Value":"55472836-0a01-4715-bd50-8ecc251bb018"},{"ParentStepIdentifier":"2cc4c5ba-a341-4402-ab74-29174d47a960","ParentWorkflowIdentifier":"f4f51552-0f5a-4f7f-b4ad-63de439c496e","Name":"FetchInstanceByName","Value":null},{"ParentStepIdentifier":"2cc4c5ba-a341-4402-ab74-29174d47a960","ParentWorkflowIdentifier":"f4f51552-0f5a-4f7f-b4ad-63de439c496e","Name":"HasApprovalLink","Value":null},{"ParentStepIdentifier":"2cc4c5ba-a341-4402-ab74-29174d47a960","ParentWorkflowIdentifier":"f4f51552-0f5a-4f7f-b4ad-63de439c496e","Name":"ListLoopDelimiter","Value":","},{"ParentStepIdentifier":"2cc4c5ba-a341-4402-ab74-29174d47a960","ParentWorkflowIdentifier":"f4f51552-0f5a-4f7f-b4ad-63de439c496e","Name":"ListLoopItems","Value":null},{"ParentStepIdentifier":"2cc4c5ba-a341-4402-ab74-29174d47a960","ParentWorkflowIdentifier":"f4f51552-0f5a-4f7f-b4ad-63de439c496e","Name":"LoopType","Value":"1"},{"ParentStepIdentifier":"2cc4c5ba-a341-4402-ab74-29174d47a960","ParentWorkflowIdentifier":"f4f51552-0f5a-4f7f-b4ad-63de439c496e","Name":"MessageToAssignee","Value":null},{"ParentStepIdentifier":"2cc4c5ba-a341-4402-ab74-29174d47a960","ParentWorkflowIdentifier":"f4f51552-0f5a-4f7f-b4ad-63de439c496e","Name":"PendingActionTimeout","Value":null},{"ParentStepIdentifier":"2cc4c5ba-a341-4402-ab74-29174d47a960","ParentWorkflowIdentifier":"f4f51552-0f5a-4f7f-b4ad-63de439c496e","Name":"SelectedScopeName","Value":"All entities"}],"AutoSkipOnFailure":false,"IsDebugMockData":false,"StepDebugData":null,"ParentStepContainerId":null,"IsTouchedByAi":false,"StartLoopStepIdentifier":"2cc4c5ba-a341-4402-ab74-29174d47a960","ParallelActions":[]},{"Identifier":"3c8613f7-1251-4ec8-9b8b-4191306f5194","OriginalStepIdentifier":"09dd3423-7578-4a28-bb41-11390a634d47","ParentWorkflowIdentifier":"f4f51552-0f5a-4f7f-b4ad-63de439c496e","ParentStepIdentifiers":["3ebc06e5-f146-4a75-a17b-19ecec947f14"],"ParentStepIdentifier":"3ebc06e5-f146-4a75-a17b-19ecec947f14","PreviousResultCondition":"{\n  \"3ebc06e5-f146-4a75-a17b-19ecec947f14\": \"1\"\n}","InstanceName":"Case Comment_3","IsAutomatic":true,"Name":"Siemplify_Case Comment","IsSkippable":false,"Description":"Add a comment to the case the current alert has been grouped to","ActionProvider":"Scripts","ActionName":"Siemplify_Case Comment","Type":0,"Integration":"Siemplify","Parameters":[{"ParentStepIdentifier":"3c8613f7-1251-4ec8-9b8b-4191306f5194","ParentWorkflowIdentifier":"f4f51552-0f5a-4f7f-b4ad-63de439c496e","Name":"AssignedUsers","Value":null},{"ParentStepIdentifier":"3c8613f7-1251-4ec8-9b8b-4191306f5194","ParentWorkflowIdentifier":"f4f51552-0f5a-4f7f-b4ad-63de439c496e","Name":"AsyncActionTimeout","Value":"86400"},{"ParentStepIdentifier":"3c8613f7-1251-4ec8-9b8b-4191306f5194","ParentWorkflowIdentifier":"f4f51552-0f5a-4f7f-b4ad-63de439c496e","Name":"AsyncPollingInterval","Value":"3600"},{"ParentStepIdentifier":"3c8613f7-1251-4ec8-9b8b-4191306f5194","ParentWorkflowIdentifier":"f4f51552-0f5a-4f7f-b4ad-63de439c496e","Name":"DynamicInjectionInstancePlaceholder","Value":""},{"ParentStepIdentifier":"3c8613f7-1251-4ec8-9b8b-4191306f5194","ParentWorkflowIdentifier":"f4f51552-0f5a-4f7f-b4ad-63de439c496e","Name":"FallbackIntegrationInstance","Value":null},{"ParentStepIdentifier":"3c8613f7-1251-4ec8-9b8b-4191306f5194","ParentWorkflowIdentifier":"f4f51552-0f5a-4f7f-b4ad-63de439c496e","Name":"FetchInstanceByName","Value":"false"},{"ParentStepIdentifier":"3c8613f7-1251-4ec8-9b8b-4191306f5194","ParentWorkflowIdentifier":"f4f51552-0f5a-4f7f-b4ad-63de439c496e","Name":"HasApprovalLink","Value":"false"},{"ParentStepIdentifier":"3c8613f7-1251-4ec8-9b8b-4191306f5194","ParentWorkflowIdentifier":"f4f51552-0f5a-4f7f-b4ad-63de439c496e","Name":"IntegrationInstance","Value":"AutomaticEnvironment"},{"ParentStepIdentifier":"3c8613f7-1251-4ec8-9b8b-4191306f5194","ParentWorkflowIdentifier":"f4f51552-0f5a-4f7f-b4ad-63de439c496e","Name":"MessageToAssignee","Value":null},{"ParentStepIdentifier":"3c8613f7-1251-4ec8-9b8b-4191306f5194","ParentWorkflowIdentifier":"f4f51552-0f5a-4f7f-b4ad-63de439c496e","Name":"PendingActionTimeout","Value":null},{"ParentStepIdentifier":"3c8613f7-1251-4ec8-9b8b-4191306f5194","ParentWorkflowIdentifier":"f4f51552-0f5a-4f7f-b4ad-63de439c496e","Name":"RetryConfiguration","Value":"{\"Enabled\":false,\"IntervalInSeconds\":30,\"NumberOfRetries\":1}"},{"ParentStepIdentifier":"3c8613f7-1251-4ec8-9b8b-4191306f5194","ParentWorkflowIdentifier":"f4f51552-0f5a-4f7f-b4ad-63de439c496e","Name":"ScriptName","Value":"Siemplify_Case Comment"},{"ParentStepIdentifier":"3c8613f7-1251-4ec8-9b8b-4191306f5194","ParentWorkflowIdentifier":"f4f51552-0f5a-4f7f-b4ad-63de439c496e","Name":"ScriptParametersEntityFields","Value":"{\"Comment\":\"Added tag \\\"Low Risk - Google SecOps\\\" for the IOC - [Loop.Entity.Identifier] on Cyware Intel Exchange.\"}"},{"ParentStepIdentifier":"3c8613f7-1251-4ec8-9b8b-4191306f5194","ParentWorkflowIdentifier":"f4f51552-0f5a-4f7f-b4ad-63de439c496e","Name":"SelectedScopeName","Value":"All entities"},{"ParentStepIdentifier":"3c8613f7-1251-4ec8-9b8b-4191306f5194","ParentWorkflowIdentifier":"f4f51552-0f5a-4f7f-b4ad-63de439c496e","Name":"UseEntitiesLoopScope","Value":"true"}],"AutoSkipOnFailure":false,"IsDebugMockData":false,"StepDebugData":null,"ParentStepContainerId":null,"IsTouchedByAi":false,"StartLoopStepIdentifier":"2cc4c5ba-a341-4402-ab74-29174d47a960","ParallelActions":[]},{"Identifier":"3ebc06e5-f146-4a75-a17b-19ecec947f14","OriginalStepIdentifier":"c0d59cf1-dae3-4974-a53b-1463ed13e07c","ParentWorkflowIdentifier":"f4f51552-0f5a-4f7f-b4ad-63de439c496e","ParentStepIdentifiers":["6da48687-e305-4622-927c-d09cc3b13168"],"ParentStepIdentifier":"6da48687-e305-4622-927c-d09cc3b13168","PreviousResultCondition":"{}","InstanceName":"Check Tag added - low","IsAutomatic":true,"Name":"Condition","IsSkippable":false,"Description":"This condition determines the progress of the playbook. Conditions are built based on cases data (cases, alerts, vents, entities and environment properties) as-well as data that comes back from previous playbook steps.","ActionProvider":"Flow","ActionName":"IfFlowCondition","Type":4,"Integration":"Flow","Parameters":[{"ParentStepIdentifier":"3ebc06e5-f146-4a75-a17b-19ecec947f14","ParentWorkflowIdentifier":"f4f51552-0f5a-4f7f-b4ad-63de439c496e","Name":"AssignedUsers","Value":null},{"ParentStepIdentifier":"3ebc06e5-f146-4a75-a17b-19ecec947f14","ParentWorkflowIdentifier":"f4f51552-0f5a-4f7f-b4ad-63de439c496e","Name":"Branches","Value":"[{\"LogicalOperator\":0,\"Conditions\":[{\"Operator\":1,\"FieldName\":\"[Manage Tags in IOCs - low.JsonResult| \\\"message\\\"]\",\"Type\":7,\"Value\":\"Action Successfully Executed\",\"CustomOperatorName\":null}],\"Order\":1,\"IsDefaultBranch\":false,\"Name\":\"Is tag added\"},{\"LogicalOperator\":0,\"Conditions\":[],\"Order\":2,\"IsDefaultBranch\":true,\"Name\":\"Branch\"}]"},{"ParentStepIdentifier":"3ebc06e5-f146-4a75-a17b-19ecec947f14","ParentWorkflowIdentifier":"f4f51552-0f5a-4f7f-b4ad-63de439c496e","Name":"DynamicInjectionInstancePlaceholder","Value":null},{"ParentStepIdentifier":"3ebc06e5-f146-4a75-a17b-19ecec947f14","ParentWorkflowIdentifier":"f4f51552-0f5a-4f7f-b4ad-63de439c496e","Name":"ErrorFallbackBranch","Value":null},{"ParentStepIdentifier":"3ebc06e5-f146-4a75-a17b-19ecec947f14","ParentWorkflowIdentifier":"f4f51552-0f5a-4f7f-b4ad-63de439c496e","Name":"FetchInstanceByName","Value":null},{"ParentStepIdentifier":"3ebc06e5-f146-4a75-a17b-19ecec947f14","ParentWorkflowIdentifier":"f4f51552-0f5a-4f7f-b4ad-63de439c496e","Name":"HasApprovalLink","Value":"false"},{"ParentStepIdentifier":"3ebc06e5-f146-4a75-a17b-19ecec947f14","ParentWorkflowIdentifier":"f4f51552-0f5a-4f7f-b4ad-63de439c496e","Name":"MessageToAssignee","Value":null},{"ParentStepIdentifier":"3ebc06e5-f146-4a75-a17b-19ecec947f14","ParentWorkflowIdentifier":"f4f51552-0f5a-4f7f-b4ad-63de439c496e","Name":"PendingActionTimeout","Value":null},{"ParentStepIdentifier":"3ebc06e5-f146-4a75-a17b-19ecec947f14","ParentWorkflowIdentifier":"f4f51552-0f5a-4f7f-b4ad-63de439c496e","Name":"SelectedScopeName","Value":"All entities"},{"ParentStepIdentifier":"3ebc06e5-f146-4a75-a17b-19ecec947f14","ParentWorkflowIdentifier":"f4f51552-0f5a-4f7f-b4ad-63de439c496e","Name":"UseEntitiesLoopScope","Value":"true"}],"AutoSkipOnFailure":false,"IsDebugMockData":false,"StepDebugData":null,"ParentStepContainerId":null,"IsTouchedByAi":false,"StartLoopStepIdentifier":"2cc4c5ba-a341-4402-ab74-29174d47a960","ParallelActions":[]},{"Identifier":"4303da27-96a6-4498-aacf-6d3b87a2f239","OriginalStepIdentifier":"7bbe1b0f-9264-4ef8-9538-07c556f948ee","ParentWorkflowIdentifier":"f4f51552-0f5a-4f7f-b4ad-63de439c496e","ParentStepIdentifiers":["a203ec3b-1792-4d71-bd48-708c5663d88e"],"ParentStepIdentifier":"a203ec3b-1792-4d71-bd48-708c5663d88e","PreviousResultCondition":"{\n  \"a203ec3b-1792-4d71-bd48-708c5663d88e\": \"1\"\n}","InstanceName":"Manage Tags in IOCs - high","IsAutomatic":true,"Name":"CywareIntelExchange_Manage Tags in IOCs","IsSkippable":false,"Description":"This action is used to perform add/remove tags operation on IOCs.","ActionProvider":"Scripts","ActionName":"CywareIntelExchange_Manage Tags in IOCs","Type":0,"Integration":"CywareIntelExchange","Parameters":[{"ParentStepIdentifier":"4303da27-96a6-4498-aacf-6d3b87a2f239","ParentWorkflowIdentifier":"f4f51552-0f5a-4f7f-b4ad-63de439c496e","Name":"AssignedUsers","Value":null},{"ParentStepIdentifier":"4303da27-96a6-4498-aacf-6d3b87a2f239","ParentWorkflowIdentifier":"f4f51552-0f5a-4f7f-b4ad-63de439c496e","Name":"AsyncActionTimeout","Value":"86400"},{"ParentStepIdentifier":"4303da27-96a6-4498-aacf-6d3b87a2f239","ParentWorkflowIdentifier":"f4f51552-0f5a-4f7f-b4ad-63de439c496e","Name":"AsyncPollingInterval","Value":"3600"},{"ParentStepIdentifier":"4303da27-96a6-4498-aacf-6d3b87a2f239","ParentWorkflowIdentifier":"f4f51552-0f5a-4f7f-b4ad-63de439c496e","Name":"DynamicInjectionInstancePlaceholder","Value":""},{"ParentStepIdentifier":"4303da27-96a6-4498-aacf-6d3b87a2f239","ParentWorkflowIdentifier":"f4f51552-0f5a-4f7f-b4ad-63de439c496e","Name":"FallbackIntegrationInstance","Value":null},{"ParentStepIdentifier":"4303da27-96a6-4498-aacf-6d3b87a2f239","ParentWorkflowIdentifier":"f4f51552-0f5a-4f7f-b4ad-63de439c496e","Name":"FetchInstanceByName","Value":"false"},{"ParentStepIdentifier":"4303da27-96a6-4498-aacf-6d3b87a2f239","ParentWorkflowIdentifier":"f4f51552-0f5a-4f7f-b4ad-63de439c496e","Name":"HasApprovalLink","Value":null},{"ParentStepIdentifier":"4303da27-96a6-4498-aacf-6d3b87a2f239","ParentWorkflowIdentifier":"f4f51552-0f5a-4f7f-b4ad-63de439c496e","Name":"IntegrationInstance","Value":"AutomaticEnvironment"},{"ParentStepIdentifier":"4303da27-96a6-4498-aacf-6d3b87a2f239","ParentWorkflowIdentifier":"f4f51552-0f5a-4f7f-b4ad-63de439c496e","Name":"MessageToAssignee","Value":null},{"ParentStepIdentifier":"4303da27-96a6-4498-aacf-6d3b87a2f239","ParentWorkflowIdentifier":"f4f51552-0f5a-4f7f-b4ad-63de439c496e","Name":"PendingActionTimeout","Value":null},{"ParentStepIdentifier":"4303da27-96a6-4498-aacf-6d3b87a2f239","ParentWorkflowIdentifier":"f4f51552-0f5a-4f7f-b4ad-63de439c496e","Name":"RetryConfiguration","Value":"{\"Enabled\":false,\"IntervalInSeconds\":30,\"NumberOfRetries\":1}"},{"ParentStepIdentifier":"4303da27-96a6-4498-aacf-6d3b87a2f239","ParentWorkflowIdentifier":"f4f51552-0f5a-4f7f-b4ad-63de439c496e","Name":"ScriptName","Value":"Cyware Intel Exchange_Manage Tags in IOCs"},{"ParentStepIdentifier":"4303da27-96a6-4498-aacf-6d3b87a2f239","ParentWorkflowIdentifier":"f4f51552-0f5a-4f7f-b4ad-63de439c496e","Name":"ScriptParametersEntityFields","Value":"{\"Tags\":\"High Risk - Google SecOps\",\"Operation Type\":\"Add Tag\"}"},{"ParentStepIdentifier":"4303da27-96a6-4498-aacf-6d3b87a2f239","ParentWorkflowIdentifier":"f4f51552-0f5a-4f7f-b4ad-63de439c496e","Name":"SelectedScopeName","Value":"All entities"},{"ParentStepIdentifier":"4303da27-96a6-4498-aacf-6d3b87a2f239","ParentWorkflowIdentifier":"f4f51552-0f5a-4f7f-b4ad-63de439c496e","Name":"UseEntitiesLoopScope","Value":"true"}],"AutoSkipOnFailure":false,"IsDebugMockData":false,"StepDebugData":{"CreationTimeUnixTimeInMs":0,"ModificationTimeUnixTimeInMs":0,"OriginalWorkflowIdentifier":"8e3fbf9f-26d7-45fe-af0d-af4c0fbed2f3","OriginalStepIdentifier":"7bbe1b0f-9264-4ef8-9538-07c556f948ee","ResultValue":"","ResultJson":"","ScopeEntitiesEnrichmentData":[],"ScopeEntitiesEnrichmentDataJson":"[]"},"ParentStepContainerId":null,"IsTouchedByAi":false,"StartLoopStepIdentifier":"2cc4c5ba-a341-4402-ab74-29174d47a960","ParallelActions":[]},{"Identifier":"43d1e917-5ea4-456c-a553-43c8cfed76b5","OriginalStepIdentifier":"0cc44fb5-4c9a-4a0d-ada3-4656c896742f","ParentWorkflowIdentifier":"f4f51552-0f5a-4f7f-b4ad-63de439c496e","ParentStepIdentifiers":["a203ec3b-1792-4d71-bd48-708c5663d88e"],"ParentStepIdentifier":"a203ec3b-1792-4d71-bd48-708c5663d88e","PreviousResultCondition":"{\n  \"a203ec3b-1792-4d71-bd48-708c5663d88e\": \"4\"\n}","InstanceName":"Manage Tags in IOCs - medium","IsAutomatic":true,"Name":"CywareIntelExchange_Manage Tags in IOCs","IsSkippable":false,"Description":"This action is used to perform add/remove tags operation on IOCs.","ActionProvider":"Scripts","ActionName":"CywareIntelExchange_Manage Tags in IOCs","Type":0,"Integration":"CywareIntelExchange","Parameters":[{"ParentStepIdentifier":"43d1e917-5ea4-456c-a553-43c8cfed76b5","ParentWorkflowIdentifier":"f4f51552-0f5a-4f7f-b4ad-63de439c496e","Name":"AssignedUsers","Value":null},{"ParentStepIdentifier":"43d1e917-5ea4-456c-a553-43c8cfed76b5","ParentWorkflowIdentifier":"f4f51552-0f5a-4f7f-b4ad-63de439c496e","Name":"AsyncActionTimeout","Value":"86400"},{"ParentStepIdentifier":"43d1e917-5ea4-456c-a553-43c8cfed76b5","ParentWorkflowIdentifier":"f4f51552-0f5a-4f7f-b4ad-63de439c496e","Name":"AsyncPollingInterval","Value":"3600"},{"ParentStepIdentifier":"43d1e917-5ea4-456c-a553-43c8cfed76b5","ParentWorkflowIdentifier":"f4f51552-0f5a-4f7f-b4ad-63de439c496e","Name":"DynamicInjectionInstancePlaceholder","Value":""},{"ParentStepIdentifier":"43d1e917-5ea4-456c-a553-43c8cfed76b5","ParentWorkflowIdentifier":"f4f51552-0f5a-4f7f-b4ad-63de439c496e","Name":"FallbackIntegrationInstance","Value":null},{"ParentStepIdentifier":"43d1e917-5ea4-456c-a553-43c8cfed76b5","ParentWorkflowIdentifier":"f4f51552-0f5a-4f7f-b4ad-63de439c496e","Name":"FetchInstanceByName","Value":"false"},{"ParentStepIdentifier":"43d1e917-5ea4-456c-a553-43c8cfed76b5","ParentWorkflowIdentifier":"f4f51552-0f5a-4f7f-b4ad-63de439c496e","Name":"HasApprovalLink","Value":"false"},{"ParentStepIdentifier":"43d1e917-5ea4-456c-a553-43c8cfed76b5","ParentWorkflowIdentifier":"f4f51552-0f5a-4f7f-b4ad-63de439c496e","Name":"IntegrationInstance","Value":"AutomaticEnvironment"},{"ParentStepIdentifier":"43d1e917-5ea4-456c-a553-43c8cfed76b5","ParentWorkflowIdentifier":"f4f51552-0f5a-4f7f-b4ad-63de439c496e","Name":"MessageToAssignee","Value":null},{"ParentStepIdentifier":"43d1e917-5ea4-456c-a553-43c8cfed76b5","ParentWorkflowIdentifier":"f4f51552-0f5a-4f7f-b4ad-63de439c496e","Name":"PendingActionTimeout","Value":null},{"ParentStepIdentifier":"43d1e917-5ea4-456c-a553-43c8cfed76b5","ParentWorkflowIdentifier":"f4f51552-0f5a-4f7f-b4ad-63de439c496e","Name":"RetryConfiguration","Value":"{\"Enabled\":false,\"IntervalInSeconds\":30,\"NumberOfRetries\":1}"},{"ParentStepIdentifier":"43d1e917-5ea4-456c-a553-43c8cfed76b5","ParentWorkflowIdentifier":"f4f51552-0f5a-4f7f-b4ad-63de439c496e","Name":"ScriptName","Value":"Cyware Intel Exchange_Manage Tags in IOCs"},{"ParentStepIdentifier":"43d1e917-5ea4-456c-a553-43c8cfed76b5","ParentWorkflowIdentifier":"f4f51552-0f5a-4f7f-b4ad-63de439c496e","Name":"ScriptParametersEntityFields","Value":"{\"Tags\":\"Medium Risk - Google SecOps\",\"Operation Type\":\"Add Tag\"}"},{"ParentStepIdentifier":"43d1e917-5ea4-456c-a553-43c8cfed76b5","ParentWorkflowIdentifier":"f4f51552-0f5a-4f7f-b4ad-63de439c496e","Name":"SelectedScopeName","Value":"All entities"},{"ParentStepIdentifier":"43d1e917-5ea4-456c-a553-43c8cfed76b5","ParentWorkflowIdentifier":"f4f51552-0f5a-4f7f-b4ad-63de439c496e","Name":"UseEntitiesLoopScope","Value":"true"}],"AutoSkipOnFailure":false,"IsDebugMockData":false,"StepDebugData":{"CreationTimeUnixTimeInMs":0,"ModificationTimeUnixTimeInMs":0,"OriginalWorkflowIdentifier":"8e3fbf9f-26d7-45fe-af0d-af4c0fbed2f3","OriginalStepIdentifier":"0cc44fb5-4c9a-4a0d-ada3-4656c896742f","ResultValue":"","ResultJson":"","ScopeEntitiesEnrichmentData":[],"ScopeEntitiesEnrichmentDataJson":"[]"},"ParentStepContainerId":null,"IsTouchedByAi":false,"StartLoopStepIdentifier":"2cc4c5ba-a341-4402-ab74-29174d47a960","ParallelActions":[]},{"Identifier":"530ad009-1b82-4274-a3d3-ced6aca96e64","OriginalStepIdentifier":"2ae4fc0f-bafb-49fb-8ce4-f3cecb10202d","ParentWorkflowIdentifier":"f4f51552-0f5a-4f7f-b4ad-63de439c496e","ParentStepIdentifiers":["a3eeab69-7a0e-42c4-9dbc-446aeacb7ec1"],"ParentStepIdentifier":"a3eeab69-7a0e-42c4-9dbc-446aeacb7ec1","PreviousResultCondition":"{\n  \"a3eeab69-7a0e-42c4-9dbc-446aeacb7ec1\": \"2\"\n}","InstanceName":"Case Comment_1","IsAutomatic":true,"Name":"Siemplify_Case Comment","IsSkippable":false,"Description":"Add a comment to the case the current alert has been grouped to","ActionProvider":"Scripts","ActionName":"Siemplify_Case Comment","Type":0,"Integration":"Siemplify","Parameters":[{"ParentStepIdentifier":"530ad009-1b82-4274-a3d3-ced6aca96e64","ParentWorkflowIdentifier":"f4f51552-0f5a-4f7f-b4ad-63de439c496e","Name":"AssignedUsers","Value":null},{"ParentStepIdentifier":"530ad009-1b82-4274-a3d3-ced6aca96e64","ParentWorkflowIdentifier":"f4f51552-0f5a-4f7f-b4ad-63de439c496e","Name":"AsyncActionTimeout","Value":"86400"},{"ParentStepIdentifier":"530ad009-1b82-4274-a3d3-ced6aca96e64","ParentWorkflowIdentifier":"f4f51552-0f5a-4f7f-b4ad-63de439c496e","Name":"AsyncPollingInterval","Value":"3600"},{"ParentStepIdentifier":"530ad009-1b82-4274-a3d3-ced6aca96e64","ParentWorkflowIdentifier":"f4f51552-0f5a-4f7f-b4ad-63de439c496e","Name":"DynamicInjectionInstancePlaceholder","Value":""},{"ParentStepIdentifier":"530ad009-1b82-4274-a3d3-ced6aca96e64","ParentWorkflowIdentifier":"f4f51552-0f5a-4f7f-b4ad-63de439c496e","Name":"FallbackIntegrationInstance","Value":null},{"ParentStepIdentifier":"530ad009-1b82-4274-a3d3-ced6aca96e64","ParentWorkflowIdentifier":"f4f51552-0f5a-4f7f-b4ad-63de439c496e","Name":"FetchInstanceByName","Value":"false"},{"ParentStepIdentifier":"530ad009-1b82-4274-a3d3-ced6aca96e64","ParentWorkflowIdentifier":"f4f51552-0f5a-4f7f-b4ad-63de439c496e","Name":"HasApprovalLink","Value":null},{"ParentStepIdentifier":"530ad009-1b82-4274-a3d3-ced6aca96e64","ParentWorkflowIdentifier":"f4f51552-0f5a-4f7f-b4ad-63de439c496e","Name":"IntegrationInstance","Value":"AutomaticEnvironment"},{"ParentStepIdentifier":"530ad009-1b82-4274-a3d3-ced6aca96e64","ParentWorkflowIdentifier":"f4f51552-0f5a-4f7f-b4ad-63de439c496e","Name":"MessageToAssignee","Value":null},{"ParentStepIdentifier":"530ad009-1b82-4274-a3d3-ced6aca96e64","ParentWorkflowIdentifier":"f4f51552-0f5a-4f7f-b4ad-63de439c496e","Name":"PendingActionTimeout","Value":null},{"ParentStepIdentifier":"530ad009-1b82-4274-a3d3-ced6aca96e64","ParentWorkflowIdentifier":"f4f51552-0f5a-4f7f-b4ad-63de439c496e","Name":"RetryConfiguration","Value":"{\"Enabled\":false,\"IntervalInSeconds\":30,\"NumberOfRetries\":1}"},{"ParentStepIdentifier":"530ad009-1b82-4274-a3d3-ced6aca96e64","ParentWorkflowIdentifier":"f4f51552-0f5a-4f7f-b4ad-63de439c496e","Name":"ScriptName","Value":"Siemplify_Case Comment"},{"ParentStepIdentifier":"530ad009-1b82-4274-a3d3-ced6aca96e64","ParentWorkflowIdentifier":"f4f51552-0f5a-4f7f-b4ad-63de439c496e","Name":"ScriptParametersEntityFields","Value":"{\"Comment\":\"IOC - [Loop.Entity.Identifier] does not exist on Cyware Intel Exchange.\"}"},{"ParentStepIdentifier":"530ad009-1b82-4274-a3d3-ced6aca96e64","ParentWorkflowIdentifier":"f4f51552-0f5a-4f7f-b4ad-63de439c496e","Name":"SelectedScopeName","Value":"All entities"},{"ParentStepIdentifier":"530ad009-1b82-4274-a3d3-ced6aca96e64","ParentWorkflowIdentifier":"f4f51552-0f5a-4f7f-b4ad-63de439c496e","Name":"UseEntitiesLoopScope","Value":"true"}],"AutoSkipOnFailure":false,"IsDebugMockData":false,"StepDebugData":{"CreationTimeUnixTimeInMs":0,"ModificationTimeUnixTimeInMs":0,"OriginalWorkflowIdentifier":"8e3fbf9f-26d7-45fe-af0d-af4c0fbed2f3","OriginalStepIdentifier":"2ae4fc0f-bafb-49fb-8ce4-f3cecb10202d","ResultValue":"","ResultJson":"","ScopeEntitiesEnrichmentData":[],"ScopeEntitiesEnrichmentDataJson":"[]"},"ParentStepContainerId":null,"IsTouchedByAi":false,"StartLoopStepIdentifier":"2cc4c5ba-a341-4402-ab74-29174d47a960","ParallelActions":[]},{"Identifier":"55472836-0a01-4715-bd50-8ecc251bb018","OriginalStepIdentifier":"f49306da-5aff-49c3-9c34-c26f8d111b22","ParentWorkflowIdentifier":"f4f51552-0f5a-4f7f-b4ad-63de439c496e","ParentStepIdentifiers":["530ad009-1b82-4274-a3d3-ced6aca96e64","e5548065-c849-47d7-af7b-8c20dbd7944d","8be25bca-5a02-4664-be5e-32c3bfd7ae93","3c8613f7-1251-4ec8-9b8b-4191306f5194","8a61f06b-7d7e-45d6-a57f-91771c919dad","3ebc06e5-f146-4a75-a17b-19ecec947f14","5cbf855f-85aa-47c7-bd94-8214094d87bc","99c5ae4d-7a9d-4677-8f5f-6cb5c4483ef2"],"ParentStepIdentifier":"530ad009-1b82-4274-a3d3-ced6aca96e64;e5548065-c849-47d7-af7b-8c20dbd7944d;8be25bca-5a02-4664-be5e-32c3bfd7ae93;3c8613f7-1251-4ec8-9b8b-4191306f5194;8a61f06b-7d7e-45d6-a57f-91771c919dad;3ebc06e5-f146-4a75-a17b-19ecec947f14;5cbf855f-85aa-47c7-bd94-8214094d87bc;99c5ae4d-7a9d-4677-8f5f-6cb5c4483ef2","PreviousResultCondition":"{\n  \"8a61f06b-7d7e-45d6-a57f-91771c919dad\": \"2\",\n  \"3ebc06e5-f146-4a75-a17b-19ecec947f14\": \"2\",\n  \"5cbf855f-85aa-47c7-bd94-8214094d87bc\": \"2\"\n}","InstanceName":"For Each Loop_1_End","IsAutomatic":true,"Name":"For Each Loop","IsSkippable":false,"Description":"This returns the results of the loop","ActionProvider":"Flow","ActionName":"ForEachEndLoop","Type":9,"Integration":"Loop","Parameters":[{"ParentStepIdentifier":"55472836-0a01-4715-bd50-8ecc251bb018","ParentWorkflowIdentifier":"f4f51552-0f5a-4f7f-b4ad-63de439c496e","Name":"AssignedUsers","Value":null},{"ParentStepIdentifier":"55472836-0a01-4715-bd50-8ecc251bb018","ParentWorkflowIdentifier":"f4f51552-0f5a-4f7f-b4ad-63de439c496e","Name":"DynamicInjectionInstancePlaceholder","Value":null},{"ParentStepIdentifier":"55472836-0a01-4715-bd50-8ecc251bb018","ParentWorkflowIdentifier":"f4f51552-0f5a-4f7f-b4ad-63de439c496e","Name":"FetchInstanceByName","Value":null},{"ParentStepIdentifier":"55472836-0a01-4715-bd50-8ecc251bb018","ParentWorkflowIdentifier":"f4f51552-0f5a-4f7f-b4ad-63de439c496e","Name":"HasApprovalLink","Value":null},{"ParentStepIdentifier":"55472836-0a01-4715-bd50-8ecc251bb018","ParentWorkflowIdentifier":"f4f51552-0f5a-4f7f-b4ad-63de439c496e","Name":"MessageToAssignee","Value":null},{"ParentStepIdentifier":"55472836-0a01-4715-bd50-8ecc251bb018","ParentWorkflowIdentifier":"f4f51552-0f5a-4f7f-b4ad-63de439c496e","Name":"PendingActionTimeout","Value":null}],"AutoSkipOnFailure":false,"IsDebugMockData":false,"StepDebugData":null,"ParentStepContainerId":null,"IsTouchedByAi":false,"StartLoopStepIdentifier":"2cc4c5ba-a341-4402-ab74-29174d47a960","ParallelActions":[]},{"Identifier":"5cbf855f-85aa-47c7-bd94-8214094d87bc","OriginalStepIdentifier":"ee4d9d55-72e6-463f-b572-46ca12db2651","ParentWorkflowIdentifier":"f4f51552-0f5a-4f7f-b4ad-63de439c496e","ParentStepIdentifiers":["43d1e917-5ea4-456c-a553-43c8cfed76b5"],"ParentStepIdentifier":"43d1e917-5ea4-456c-a553-43c8cfed76b5","PreviousResultCondition":"{}","InstanceName":"Check Tag added - medium","IsAutomatic":true,"Name":"Condition","IsSkippable":false,"Description":"This condition determines the progress of the playbook. Conditions are built based on cases data (cases, alerts, vents, entities and environment properties) as-well as data that comes back from previous playbook steps.","ActionProvider":"Flow","ActionName":"IfFlowCondition","Type":4,"Integration":"Flow","Parameters":[{"ParentStepIdentifier":"5cbf855f-85aa-47c7-bd94-8214094d87bc","ParentWorkflowIdentifier":"f4f51552-0f5a-4f7f-b4ad-63de439c496e","Name":"AssignedUsers","Value":null},{"ParentStepIdentifier":"5cbf855f-85aa-47c7-bd94-8214094d87bc","ParentWorkflowIdentifier":"f4f51552-0f5a-4f7f-b4ad-63de439c496e","Name":"Branches","Value":"[{\"LogicalOperator\":0,\"Conditions\":[{\"Operator\":1,\"FieldName\":\"[Manage Tags in IOCs - medium.JsonResult| \\\"message\\\"]\",\"Type\":7,\"Value\":\"Action Successfully Executed\",\"CustomOperatorName\":null}],\"Order\":1,\"IsDefaultBranch\":false,\"Name\":\"Is tag added\"},{\"LogicalOperator\":0,\"Conditions\":[],\"Order\":2,\"IsDefaultBranch\":true,\"Name\":\"Branch\"}]"},{"ParentStepIdentifier":"5cbf855f-85aa-47c7-bd94-8214094d87bc","ParentWorkflowIdentifier":"f4f51552-0f5a-4f7f-b4ad-63de439c496e","Name":"DynamicInjectionInstancePlaceholder","Value":null},{"ParentStepIdentifier":"5cbf855f-85aa-47c7-bd94-8214094d87bc","ParentWorkflowIdentifier":"f4f51552-0f5a-4f7f-b4ad-63de439c496e","Name":"ErrorFallbackBranch","Value":null},{"ParentStepIdentifier":"5cbf855f-85aa-47c7-bd94-8214094d87bc","ParentWorkflowIdentifier":"f4f51552-0f5a-4f7f-b4ad-63de439c496e","Name":"FetchInstanceByName","Value":null},{"ParentStepIdentifier":"5cbf855f-85aa-47c7-bd94-8214094d87bc","ParentWorkflowIdentifier":"f4f51552-0f5a-4f7f-b4ad-63de439c496e","Name":"HasApprovalLink","Value":"false"},{"ParentStepIdentifier":"5cbf855f-85aa-47c7-bd94-8214094d87bc","ParentWorkflowIdentifier":"f4f51552-0f5a-4f7f-b4ad-63de439c496e","Name":"MessageToAssignee","Value":null},{"ParentStepIdentifier":"5cbf855f-85aa-47c7-bd94-8214094d87bc","ParentWorkflowIdentifier":"f4f51552-0f5a-4f7f-b4ad-63de439c496e","Name":"PendingActionTimeout","Value":null},{"ParentStepIdentifier":"5cbf855f-85aa-47c7-bd94-8214094d87bc","ParentWorkflowIdentifier":"f4f51552-0f5a-4f7f-b4ad-63de439c496e","Name":"SelectedScopeName","Value":"All entities"},{"ParentStepIdentifier":"5cbf855f-85aa-47c7-bd94-8214094d87bc","ParentWorkflowIdentifier":"f4f51552-0f5a-4f7f-b4ad-63de439c496e","Name":"UseEntitiesLoopScope","Value":"true"}],"AutoSkipOnFailure":false,"IsDebugMockData":false,"StepDebugData":null,"ParentStepContainerId":null,"IsTouchedByAi":false,"StartLoopStepIdentifier":"2cc4c5ba-a341-4402-ab74-29174d47a960","ParallelActions":[]},{"Identifier":"6da48687-e305-4622-927c-d09cc3b13168","OriginalStepIdentifier":"dd9df857-d9c4-4664-9253-1ab269001e89","ParentWorkflowIdentifier":"f4f51552-0f5a-4f7f-b4ad-63de439c496e","ParentStepIdentifiers":["a203ec3b-1792-4d71-bd48-708c5663d88e"],"ParentStepIdentifier":"a203ec3b-1792-4d71-bd48-708c5663d88e","PreviousResultCondition":"{\n  \"a203ec3b-1792-4d71-bd48-708c5663d88e\": \"2\"\n}","InstanceName":"Manage Tags in IOCs - low","IsAutomatic":true,"Name":"CywareIntelExchange_Manage Tags in IOCs","IsSkippable":false,"Description":"This action is used to perform add/remove tags operation on IOCs.","ActionProvider":"Scripts","ActionName":"CywareIntelExchange_Manage Tags in IOCs","Type":0,"Integration":"CywareIntelExchange","Parameters":[{"ParentStepIdentifier":"6da48687-e305-4622-927c-d09cc3b13168","ParentWorkflowIdentifier":"f4f51552-0f5a-4f7f-b4ad-63de439c496e","Name":"AssignedUsers","Value":null},{"ParentStepIdentifier":"6da48687-e305-4622-927c-d09cc3b13168","ParentWorkflowIdentifier":"f4f51552-0f5a-4f7f-b4ad-63de439c496e","Name":"AsyncActionTimeout","Value":"86400"},{"ParentStepIdentifier":"6da48687-e305-4622-927c-d09cc3b13168","ParentWorkflowIdentifier":"f4f51552-0f5a-4f7f-b4ad-63de439c496e","Name":"AsyncPollingInterval","Value":"3600"},{"ParentStepIdentifier":"6da48687-e305-4622-927c-d09cc3b13168","ParentWorkflowIdentifier":"f4f51552-0f5a-4f7f-b4ad-63de439c496e","Name":"DynamicInjectionInstancePlaceholder","Value":""},{"ParentStepIdentifier":"6da48687-e305-4622-927c-d09cc3b13168","ParentWorkflowIdentifier":"f4f51552-0f5a-4f7f-b4ad-63de439c496e","Name":"FallbackIntegrationInstance","Value":null},{"ParentStepIdentifier":"6da48687-e305-4622-927c-d09cc3b13168","ParentWorkflowIdentifier":"f4f51552-0f5a-4f7f-b4ad-63de439c496e","Name":"FetchInstanceByName","Value":"false"},{"ParentStepIdentifier":"6da48687-e305-4622-927c-d09cc3b13168","ParentWorkflowIdentifier":"f4f51552-0f5a-4f7f-b4ad-63de439c496e","Name":"HasApprovalLink","Value":"false"},{"ParentStepIdentifier":"6da48687-e305-4622-927c-d09cc3b13168","ParentWorkflowIdentifier":"f4f51552-0f5a-4f7f-b4ad-63de439c496e","Name":"IntegrationInstance","Value":"AutomaticEnvironment"},{"ParentStepIdentifier":"6da48687-e305-4622-927c-d09cc3b13168","ParentWorkflowIdentifier":"f4f51552-0f5a-4f7f-b4ad-63de439c496e","Name":"MessageToAssignee","Value":null},{"ParentStepIdentifier":"6da48687-e305-4622-927c-d09cc3b13168","ParentWorkflowIdentifier":"f4f51552-0f5a-4f7f-b4ad-63de439c496e","Name":"PendingActionTimeout","Value":null},{"ParentStepIdentifier":"6da48687-e305-4622-927c-d09cc3b13168","ParentWorkflowIdentifier":"f4f51552-0f5a-4f7f-b4ad-63de439c496e","Name":"RetryConfiguration","Value":"{\"Enabled\":false,\"IntervalInSeconds\":30,\"NumberOfRetries\":1}"},{"ParentStepIdentifier":"6da48687-e305-4622-927c-d09cc3b13168","ParentWorkflowIdentifier":"f4f51552-0f5a-4f7f-b4ad-63de439c496e","Name":"ScriptName","Value":"Cyware Intel Exchange_Manage Tags in IOCs"},{"ParentStepIdentifier":"6da48687-e305-4622-927c-d09cc3b13168","ParentWorkflowIdentifier":"f4f51552-0f5a-4f7f-b4ad-63de439c496e","Name":"ScriptParametersEntityFields","Value":"{\"Tags\":\" Low Risk - Google SecOps\",\"Operation Type\":\"Add Tag\"}"},{"ParentStepIdentifier":"6da48687-e305-4622-927c-d09cc3b13168","ParentWorkflowIdentifier":"f4f51552-0f5a-4f7f-b4ad-63de439c496e","Name":"SelectedScopeName","Value":"All entities"},{"ParentStepIdentifier":"6da48687-e305-4622-927c-d09cc3b13168","ParentWorkflowIdentifier":"f4f51552-0f5a-4f7f-b4ad-63de439c496e","Name":"UseEntitiesLoopScope","Value":"true"}],"AutoSkipOnFailure":false,"IsDebugMockData":false,"StepDebugData":{"CreationTimeUnixTimeInMs":0,"ModificationTimeUnixTimeInMs":0,"OriginalWorkflowIdentifier":"8e3fbf9f-26d7-45fe-af0d-af4c0fbed2f3","OriginalStepIdentifier":"dd9df857-d9c4-4664-9253-1ab269001e89","ResultValue":"","ResultJson":"","ScopeEntitiesEnrichmentData":[],"ScopeEntitiesEnrichmentDataJson":"[]"},"ParentStepContainerId":null,"IsTouchedByAi":false,"StartLoopStepIdentifier":"2cc4c5ba-a341-4402-ab74-29174d47a960","ParallelActions":[]},{"Identifier":"8a61f06b-7d7e-45d6-a57f-91771c919dad","OriginalStepIdentifier":"782b3e07-85e7-486b-b0af-3a50d3adfb7e","ParentWorkflowIdentifier":"f4f51552-0f5a-4f7f-b4ad-63de439c496e","ParentStepIdentifiers":["4303da27-96a6-4498-aacf-6d3b87a2f239"],"ParentStepIdentifier":"4303da27-96a6-4498-aacf-6d3b87a2f239","PreviousResultCondition":"{}","InstanceName":"Check Tag added - high","IsAutomatic":true,"Name":"Condition","IsSkippable":false,"Description":"This condition determines the progress of the playbook. Conditions are built based on cases data (cases, alerts, vents, entities and environment properties) as-well as data that comes back from previous playbook steps.","ActionProvider":"Flow","ActionName":"IfFlowCondition","Type":4,"Integration":"Flow","Parameters":[{"ParentStepIdentifier":"8a61f06b-7d7e-45d6-a57f-91771c919dad","ParentWorkflowIdentifier":"f4f51552-0f5a-4f7f-b4ad-63de439c496e","Name":"AssignedUsers","Value":null},{"ParentStepIdentifier":"8a61f06b-7d7e-45d6-a57f-91771c919dad","ParentWorkflowIdentifier":"f4f51552-0f5a-4f7f-b4ad-63de439c496e","Name":"Branches","Value":"[{\"LogicalOperator\":0,\"Conditions\":[{\"Operator\":1,\"FieldName\":\"[Manage Tags in IOCs - high.JsonResult| \\\"message\\\"]\",\"Type\":7,\"Value\":\"Action Successfully Executed\",\"CustomOperatorName\":null}],\"Order\":1,\"IsDefaultBranch\":false,\"Name\":\"Is tag added\"},{\"LogicalOperator\":0,\"Conditions\":[],\"Order\":2,\"IsDefaultBranch\":true,\"Name\":\"Branch\"}]"},{"ParentStepIdentifier":"8a61f06b-7d7e-45d6-a57f-91771c919dad","ParentWorkflowIdentifier":"f4f51552-0f5a-4f7f-b4ad-63de439c496e","Name":"DynamicInjectionInstancePlaceholder","Value":null},{"ParentStepIdentifier":"8a61f06b-7d7e-45d6-a57f-91771c919dad","ParentWorkflowIdentifier":"f4f51552-0f5a-4f7f-b4ad-63de439c496e","Name":"ErrorFallbackBranch","Value":null},{"ParentStepIdentifier":"8a61f06b-7d7e-45d6-a57f-91771c919dad","ParentWorkflowIdentifier":"f4f51552-0f5a-4f7f-b4ad-63de439c496e","Name":"FetchInstanceByName","Value":null},{"ParentStepIdentifier":"8a61f06b-7d7e-45d6-a57f-91771c919dad","ParentWorkflowIdentifier":"f4f51552-0f5a-4f7f-b4ad-63de439c496e","Name":"HasApprovalLink","Value":null},{"ParentStepIdentifier":"8a61f06b-7d7e-45d6-a57f-91771c919dad","ParentWorkflowIdentifier":"f4f51552-0f5a-4f7f-b4ad-63de439c496e","Name":"MessageToAssignee","Value":null},{"ParentStepIdentifier":"8a61f06b-7d7e-45d6-a57f-91771c919dad","ParentWorkflowIdentifier":"f4f51552-0f5a-4f7f-b4ad-63de439c496e","Name":"PendingActionTimeout","Value":null},{"ParentStepIdentifier":"8a61f06b-7d7e-45d6-a57f-91771c919dad","ParentWorkflowIdentifier":"f4f51552-0f5a-4f7f-b4ad-63de439c496e","Name":"SelectedScopeName","Value":"All entities"},{"ParentStepIdentifier":"8a61f06b-7d7e-45d6-a57f-91771c919dad","ParentWorkflowIdentifier":"f4f51552-0f5a-4f7f-b4ad-63de439c496e","Name":"UseEntitiesLoopScope","Value":"true"}],"AutoSkipOnFailure":false,"IsDebugMockData":false,"StepDebugData":null,"ParentStepContainerId":null,"IsTouchedByAi":false,"StartLoopStepIdentifier":"2cc4c5ba-a341-4402-ab74-29174d47a960","ParallelActions":[]},{"Identifier":"8be25bca-5a02-4664-be5e-32c3bfd7ae93","OriginalStepIdentifier":"2c5850d4-b8f3-4c6b-bd3e-38ab5aae0928","ParentWorkflowIdentifier":"f4f51552-0f5a-4f7f-b4ad-63de439c496e","ParentStepIdentifiers":["5cbf855f-85aa-47c7-bd94-8214094d87bc"],"ParentStepIdentifier":"5cbf855f-85aa-47c7-bd94-8214094d87bc","PreviousResultCondition":"{\n  \"5cbf855f-85aa-47c7-bd94-8214094d87bc\": \"1\"\n}","InstanceName":"Case Comment_2","IsAutomatic":true,"Name":"Siemplify_Case Comment","IsSkippable":false,"Description":"Add a comment to the case the current alert has been grouped to","ActionProvider":"Scripts","ActionName":"Siemplify_Case Comment","Type":0,"Integration":"Siemplify","Parameters":[{"ParentStepIdentifier":"8be25bca-5a02-4664-be5e-32c3bfd7ae93","ParentWorkflowIdentifier":"f4f51552-0f5a-4f7f-b4ad-63de439c496e","Name":"AssignedUsers","Value":null},{"ParentStepIdentifier":"8be25bca-5a02-4664-be5e-32c3bfd7ae93","ParentWorkflowIdentifier":"f4f51552-0f5a-4f7f-b4ad-63de439c496e","Name":"AsyncActionTimeout","Value":"86400"},{"ParentStepIdentifier":"8be25bca-5a02-4664-be5e-32c3bfd7ae93","ParentWorkflowIdentifier":"f4f51552-0f5a-4f7f-b4ad-63de439c496e","Name":"AsyncPollingInterval","Value":"3600"},{"ParentStepIdentifier":"8be25bca-5a02-4664-be5e-32c3bfd7ae93","ParentWorkflowIdentifier":"f4f51552-0f5a-4f7f-b4ad-63de439c496e","Name":"DynamicInjectionInstancePlaceholder","Value":""},{"ParentStepIdentifier":"8be25bca-5a02-4664-be5e-32c3bfd7ae93","ParentWorkflowIdentifier":"f4f51552-0f5a-4f7f-b4ad-63de439c496e","Name":"FallbackIntegrationInstance","Value":null},{"ParentStepIdentifier":"8be25bca-5a02-4664-be5e-32c3bfd7ae93","ParentWorkflowIdentifier":"f4f51552-0f5a-4f7f-b4ad-63de439c496e","Name":"FetchInstanceByName","Value":"false"},{"ParentStepIdentifier":"8be25bca-5a02-4664-be5e-32c3bfd7ae93","ParentWorkflowIdentifier":"f4f51552-0f5a-4f7f-b4ad-63de439c496e","Name":"HasApprovalLink","Value":"false"},{"ParentStepIdentifier":"8be25bca-5a02-4664-be5e-32c3bfd7ae93","ParentWorkflowIdentifier":"f4f51552-0f5a-4f7f-b4ad-63de439c496e","Name":"IntegrationInstance","Value":"AutomaticEnvironment"},{"ParentStepIdentifier":"8be25bca-5a02-4664-be5e-32c3bfd7ae93","ParentWorkflowIdentifier":"f4f51552-0f5a-4f7f-b4ad-63de439c496e","Name":"MessageToAssignee","Value":null},{"ParentStepIdentifier":"8be25bca-5a02-4664-be5e-32c3bfd7ae93","ParentWorkflowIdentifier":"f4f51552-0f5a-4f7f-b4ad-63de439c496e","Name":"PendingActionTimeout","Value":null},{"ParentStepIdentifier":"8be25bca-5a02-4664-be5e-32c3bfd7ae93","ParentWorkflowIdentifier":"f4f51552-0f5a-4f7f-b4ad-63de439c496e","Name":"RetryConfiguration","Value":"{\"Enabled\":false,\"IntervalInSeconds\":30,\"NumberOfRetries\":1}"},{"ParentStepIdentifier":"8be25bca-5a02-4664-be5e-32c3bfd7ae93","ParentWorkflowIdentifier":"f4f51552-0f5a-4f7f-b4ad-63de439c496e","Name":"ScriptName","Value":"Siemplify_Case Comment"},{"ParentStepIdentifier":"8be25bca-5a02-4664-be5e-32c3bfd7ae93","ParentWorkflowIdentifier":"f4f51552-0f5a-4f7f-b4ad-63de439c496e","Name":"ScriptParametersEntityFields","Value":"{\"Comment\":\"Added tag \\\"Medium Risk - Google SecOps\\\" for the IOC - [Loop.Entity.Identifier] on Cyware Intel Exchange.\"}"},{"ParentStepIdentifier":"8be25bca-5a02-4664-be5e-32c3bfd7ae93","ParentWorkflowIdentifier":"f4f51552-0f5a-4f7f-b4ad-63de439c496e","Name":"SelectedScopeName","Value":"All entities"},{"ParentStepIdentifier":"8be25bca-5a02-4664-be5e-32c3bfd7ae93","ParentWorkflowIdentifier":"f4f51552-0f5a-4f7f-b4ad-63de439c496e","Name":"UseEntitiesLoopScope","Value":"true"}],"AutoSkipOnFailure":false,"IsDebugMockData":false,"StepDebugData":null,"ParentStepContainerId":null,"IsTouchedByAi":false,"StartLoopStepIdentifier":"2cc4c5ba-a341-4402-ab74-29174d47a960","ParallelActions":[]},{"Identifier":"99c5ae4d-7a9d-4677-8f5f-6cb5c4483ef2","OriginalStepIdentifier":"620118eb-5ea2-4c5c-b496-c2cec9f48644","ParentWorkflowIdentifier":"f4f51552-0f5a-4f7f-b4ad-63de439c496e","ParentStepIdentifiers":["a203ec3b-1792-4d71-bd48-708c5663d88e"],"ParentStepIdentifier":"a203ec3b-1792-4d71-bd48-708c5663d88e","PreviousResultCondition":"{\n  \"a203ec3b-1792-4d71-bd48-708c5663d88e\": \"3\"\n}","InstanceName":"Case Comment_4","IsAutomatic":true,"Name":"Siemplify_Case Comment","IsSkippable":false,"Description":"Add a comment to the case the current alert has been grouped to","ActionProvider":"Scripts","ActionName":"Siemplify_Case Comment","Type":0,"Integration":"Siemplify","Parameters":[{"ParentStepIdentifier":"99c5ae4d-7a9d-4677-8f5f-6cb5c4483ef2","ParentWorkflowIdentifier":"f4f51552-0f5a-4f7f-b4ad-63de439c496e","Name":"AssignedUsers","Value":null},{"ParentStepIdentifier":"99c5ae4d-7a9d-4677-8f5f-6cb5c4483ef2","ParentWorkflowIdentifier":"f4f51552-0f5a-4f7f-b4ad-63de439c496e","Name":"AsyncActionTimeout","Value":"86400"},{"ParentStepIdentifier":"99c5ae4d-7a9d-4677-8f5f-6cb5c4483ef2","ParentWorkflowIdentifier":"f4f51552-0f5a-4f7f-b4ad-63de439c496e","Name":"AsyncPollingInterval","Value":"3600"},{"ParentStepIdentifier":"99c5ae4d-7a9d-4677-8f5f-6cb5c4483ef2","ParentWorkflowIdentifier":"f4f51552-0f5a-4f7f-b4ad-63de439c496e","Name":"DynamicInjectionInstancePlaceholder","Value":""},{"ParentStepIdentifier":"99c5ae4d-7a9d-4677-8f5f-6cb5c4483ef2","ParentWorkflowIdentifier":"f4f51552-0f5a-4f7f-b4ad-63de439c496e","Name":"FallbackIntegrationInstance","Value":null},{"ParentStepIdentifier":"99c5ae4d-7a9d-4677-8f5f-6cb5c4483ef2","ParentWorkflowIdentifier":"f4f51552-0f5a-4f7f-b4ad-63de439c496e","Name":"FetchInstanceByName","Value":"false"},{"ParentStepIdentifier":"99c5ae4d-7a9d-4677-8f5f-6cb5c4483ef2","ParentWorkflowIdentifier":"f4f51552-0f5a-4f7f-b4ad-63de439c496e","Name":"HasApprovalLink","Value":"false"},{"ParentStepIdentifier":"99c5ae4d-7a9d-4677-8f5f-6cb5c4483ef2","ParentWorkflowIdentifier":"f4f51552-0f5a-4f7f-b4ad-63de439c496e","Name":"IntegrationInstance","Value":"AutomaticEnvironment"},{"ParentStepIdentifier":"99c5ae4d-7a9d-4677-8f5f-6cb5c4483ef2","ParentWorkflowIdentifier":"f4f51552-0f5a-4f7f-b4ad-63de439c496e","Name":"MessageToAssignee","Value":null},{"ParentStepIdentifier":"99c5ae4d-7a9d-4677-8f5f-6cb5c4483ef2","ParentWorkflowIdentifier":"f4f51552-0f5a-4f7f-b4ad-63de439c496e","Name":"PendingActionTimeout","Value":null},{"ParentStepIdentifier":"99c5ae4d-7a9d-4677-8f5f-6cb5c4483ef2","ParentWorkflowIdentifier":"f4f51552-0f5a-4f7f-b4ad-63de439c496e","Name":"RetryConfiguration","Value":"{\"Enabled\":false,\"IntervalInSeconds\":30,\"NumberOfRetries\":1}"},{"ParentStepIdentifier":"99c5ae4d-7a9d-4677-8f5f-6cb5c4483ef2","ParentWorkflowIdentifier":"f4f51552-0f5a-4f7f-b4ad-63de439c496e","Name":"ScriptName","Value":"Siemplify_Case Comment"},{"ParentStepIdentifier":"99c5ae4d-7a9d-4677-8f5f-6cb5c4483ef2","ParentWorkflowIdentifier":"f4f51552-0f5a-4f7f-b4ad-63de439c496e","Name":"ScriptParametersEntityFields","Value":"{\"Comment\":\"No tag has been added for the IOC - [Loop.Entity.Identifier] on Cyware Intel Exchange as the confidence score is 0.\"}"},{"ParentStepIdentifier":"99c5ae4d-7a9d-4677-8f5f-6cb5c4483ef2","ParentWorkflowIdentifier":"f4f51552-0f5a-4f7f-b4ad-63de439c496e","Name":"SelectedScopeName","Value":"All entities"},{"ParentStepIdentifier":"99c5ae4d-7a9d-4677-8f5f-6cb5c4483ef2","ParentWorkflowIdentifier":"f4f51552-0f5a-4f7f-b4ad-63de439c496e","Name":"UseEntitiesLoopScope","Value":"true"}],"AutoSkipOnFailure":false,"IsDebugMockData":false,"StepDebugData":null,"ParentStepContainerId":null,"IsTouchedByAi":false,"StartLoopStepIdentifier":"2cc4c5ba-a341-4402-ab74-29174d47a960","ParallelActions":[]},{"Identifier":"a203ec3b-1792-4d71-bd48-708c5663d88e","OriginalStepIdentifier":"3a2dfe28-b70f-4a41-9a9d-d1cc3419c47d","ParentWorkflowIdentifier":"f4f51552-0f5a-4f7f-b4ad-63de439c496e","ParentStepIdentifiers":["a3eeab69-7a0e-42c4-9dbc-446aeacb7ec1"],"ParentStepIdentifier":"a3eeab69-7a0e-42c4-9dbc-446aeacb7ec1","PreviousResultCondition":"{\n  \"a3eeab69-7a0e-42c4-9dbc-446aeacb7ec1\": \"1\"\n}","InstanceName":"Check Confidence Score","IsAutomatic":true,"Name":"Condition","IsSkippable":false,"Description":"This condition determines the progress of the playbook. Conditions are built based on cases data (cases, alerts, vents, entities and environment properties) as-well as data that comes back from previous playbook steps.","ActionProvider":"Flow","ActionName":"IfFlowCondition","Type":4,"Integration":"Flow","Parameters":[{"ParentStepIdentifier":"a203ec3b-1792-4d71-bd48-708c5663d88e","ParentWorkflowIdentifier":"f4f51552-0f5a-4f7f-b4ad-63de439c496e","Name":"AssignedUsers","Value":null},{"ParentStepIdentifier":"a203ec3b-1792-4d71-bd48-708c5663d88e","ParentWorkflowIdentifier":"f4f51552-0f5a-4f7f-b4ad-63de439c496e","Name":"Branches","Value":"[{\"LogicalOperator\":0,\"Conditions\":[{\"Operator\":3,\"FieldName\":\"[Get IOC Details.JsonResult| \\\"results.confidence_score\\\" | getByIndex(\\\"0\\\")]\",\"Type\":7,\"Value\":\"69\",\"CustomOperatorName\":null}],\"Order\":1,\"IsDefaultBranch\":false,\"Name\":\"Confidence Score > 69\"},{\"LogicalOperator\":0,\"Conditions\":[],\"Order\":4,\"IsDefaultBranch\":true,\"Name\":\"Branch\"},{\"LogicalOperator\":0,\"Conditions\":[{\"Operator\":4,\"FieldName\":\"[Get IOC Details.JsonResult| \\\"results.confidence_score\\\" | getByIndex(\\\"0\\\")]\",\"Type\":7,\"Value\":\"30\",\"CustomOperatorName\":null},{\"Operator\":3,\"FieldName\":\"[Get IOC Details.JsonResult| \\\"results.confidence_score\\\" | getByIndex(\\\"0\\\")]\",\"Type\":7,\"Value\":\"0\",\"CustomOperatorName\":null}],\"Order\":2,\"IsDefaultBranch\":false,\"Name\":\"0 < Confidence Score < 30\"},{\"LogicalOperator\":0,\"Conditions\":[{\"Operator\":0,\"FieldName\":\"[Get IOC Details.JsonResult| \\\"results.confidence_score\\\" | getByIndex(\\\"0\\\")]\",\"Type\":7,\"Value\":\"0\",\"CustomOperatorName\":null}],\"Order\":3,\"IsDefaultBranch\":false,\"Name\":\"Confidence Score = 0\"}]"},{"ParentStepIdentifier":"a203ec3b-1792-4d71-bd48-708c5663d88e","ParentWorkflowIdentifier":"f4f51552-0f5a-4f7f-b4ad-63de439c496e","Name":"DynamicInjectionInstancePlaceholder","Value":null},{"ParentStepIdentifier":"a203ec3b-1792-4d71-bd48-708c5663d88e","ParentWorkflowIdentifier":"f4f51552-0f5a-4f7f-b4ad-63de439c496e","Name":"ErrorFallbackBranch","Value":null},{"ParentStepIdentifier":"a203ec3b-1792-4d71-bd48-708c5663d88e","ParentWorkflowIdentifier":"f4f51552-0f5a-4f7f-b4ad-63de439c496e","Name":"FetchInstanceByName","Value":null},{"ParentStepIdentifier":"a203ec3b-1792-4d71-bd48-708c5663d88e","ParentWorkflowIdentifier":"f4f51552-0f5a-4f7f-b4ad-63de439c496e","Name":"HasApprovalLink","Value":"false"},{"ParentStepIdentifier":"a203ec3b-1792-4d71-bd48-708c5663d88e","ParentWorkflowIdentifier":"f4f51552-0f5a-4f7f-b4ad-63de439c496e","Name":"MessageToAssignee","Value":null},{"ParentStepIdentifier":"a203ec3b-1792-4d71-bd48-708c5663d88e","ParentWorkflowIdentifier":"f4f51552-0f5a-4f7f-b4ad-63de439c496e","Name":"PendingActionTimeout","Value":null},{"ParentStepIdentifier":"a203ec3b-1792-4d71-bd48-708c5663d88e","ParentWorkflowIdentifier":"f4f51552-0f5a-4f7f-b4ad-63de439c496e","Name":"SelectedScopeName","Value":"All entities"},{"ParentStepIdentifier":"a203ec3b-1792-4d71-bd48-708c5663d88e","ParentWorkflowIdentifier":"f4f51552-0f5a-4f7f-b4ad-63de439c496e","Name":"UseEntitiesLoopScope","Value":"true"}],"AutoSkipOnFailure":false,"IsDebugMockData":false,"StepDebugData":null,"ParentStepContainerId":null,"IsTouchedByAi":false,"StartLoopStepIdentifier":"2cc4c5ba-a341-4402-ab74-29174d47a960","ParallelActions":[]},{"Identifier":"a3eeab69-7a0e-42c4-9dbc-446aeacb7ec1","OriginalStepIdentifier":"d6ee2d8f-a4d7-41e0-9307-408868cd7e70","ParentWorkflowIdentifier":"f4f51552-0f5a-4f7f-b4ad-63de439c496e","ParentStepIdentifiers":["e97660c0-160d-49e1-989a-598280da73b1"],"ParentStepIdentifier":"e97660c0-160d-49e1-989a-598280da73b1","PreviousResultCondition":"{}","InstanceName":"Check IOC Exists","IsAutomatic":true,"Name":"Condition","IsSkippable":false,"Description":"This condition determines the progress of the playbook. Conditions are built based on cases data (cases, alerts, vents, entities and environment properties) as-well as data that comes back from previous playbook steps.","ActionProvider":"Flow","ActionName":"IfFlowCondition","Type":4,"Integration":"Flow","Parameters":[{"ParentStepIdentifier":"a3eeab69-7a0e-42c4-9dbc-446aeacb7ec1","ParentWorkflowIdentifier":"f4f51552-0f5a-4f7f-b4ad-63de439c496e","Name":"AssignedUsers","Value":null},{"ParentStepIdentifier":"a3eeab69-7a0e-42c4-9dbc-446aeacb7ec1","ParentWorkflowIdentifier":"f4f51552-0f5a-4f7f-b4ad-63de439c496e","Name":"Branches","Value":"[{\"LogicalOperator\":0,\"Conditions\":[{\"Operator\":8,\"FieldName\":\"[Get IOC Details.JsonResult| \\\"results\\\"]\",\"Type\":7,\"Value\":\"\",\"CustomOperatorName\":null}],\"Order\":1,\"IsDefaultBranch\":false,\"Name\":\"Check IOC Exists\"},{\"LogicalOperator\":0,\"Conditions\":[],\"Order\":2,\"IsDefaultBranch\":true,\"Name\":\"Branch\"}]"},{"ParentStepIdentifier":"a3eeab69-7a0e-42c4-9dbc-446aeacb7ec1","ParentWorkflowIdentifier":"f4f51552-0f5a-4f7f-b4ad-63de439c496e","Name":"DynamicInjectionInstancePlaceholder","Value":null},{"ParentStepIdentifier":"a3eeab69-7a0e-42c4-9dbc-446aeacb7ec1","ParentWorkflowIdentifier":"f4f51552-0f5a-4f7f-b4ad-63de439c496e","Name":"ErrorFallbackBranch","Value":null},{"ParentStepIdentifier":"a3eeab69-7a0e-42c4-9dbc-446aeacb7ec1","ParentWorkflowIdentifier":"f4f51552-0f5a-4f7f-b4ad-63de439c496e","Name":"FetchInstanceByName","Value":null},{"ParentStepIdentifier":"a3eeab69-7a0e-42c4-9dbc-446aeacb7ec1","ParentWorkflowIdentifier":"f4f51552-0f5a-4f7f-b4ad-63de439c496e","Name":"HasApprovalLink","Value":null},{"ParentStepIdentifier":"a3eeab69-7a0e-42c4-9dbc-446aeacb7ec1","ParentWorkflowIdentifier":"f4f51552-0f5a-4f7f-b4ad-63de439c496e","Name":"MessageToAssignee","Value":null},{"ParentStepIdentifier":"a3eeab69-7a0e-42c4-9dbc-446aeacb7ec1","ParentWorkflowIdentifier":"f4f51552-0f5a-4f7f-b4ad-63de439c496e","Name":"PendingActionTimeout","Value":null},{"ParentStepIdentifier":"a3eeab69-7a0e-42c4-9dbc-446aeacb7ec1","ParentWorkflowIdentifier":"f4f51552-0f5a-4f7f-b4ad-63de439c496e","Name":"SelectedScopeName","Value":"All entities"},{"ParentStepIdentifier":"a3eeab69-7a0e-42c4-9dbc-446aeacb7ec1","ParentWorkflowIdentifier":"f4f51552-0f5a-4f7f-b4ad-63de439c496e","Name":"UseEntitiesLoopScope","Value":"true"}],"AutoSkipOnFailure":false,"IsDebugMockData":false,"StepDebugData":null,"ParentStepContainerId":null,"IsTouchedByAi":false,"StartLoopStepIdentifier":"2cc4c5ba-a341-4402-ab74-29174d47a960","ParallelActions":[]},{"Identifier":"e5548065-c849-47d7-af7b-8c20dbd7944d","OriginalStepIdentifier":"38472d1d-007b-4f27-b74c-4a68b0ec4fe2","ParentWorkflowIdentifier":"f4f51552-0f5a-4f7f-b4ad-63de439c496e","ParentStepIdentifiers":["8a61f06b-7d7e-45d6-a57f-91771c919dad"],"ParentStepIdentifier":"8a61f06b-7d7e-45d6-a57f-91771c919dad","PreviousResultCondition":"{\n  \"8a61f06b-7d7e-45d6-a57f-91771c919dad\": \"1\"\n}","InstanceName":"Case Comment 3","IsAutomatic":true,"Name":"Siemplify_Case Comment","IsSkippable":false,"Description":"Add a comment to the case the current alert has been grouped to","ActionProvider":"Scripts","ActionName":"Siemplify_Case Comment","Type":0,"Integration":"Siemplify","Parameters":[{"ParentStepIdentifier":"e5548065-c849-47d7-af7b-8c20dbd7944d","ParentWorkflowIdentifier":"f4f51552-0f5a-4f7f-b4ad-63de439c496e","Name":"AssignedUsers","Value":null},{"ParentStepIdentifier":"e5548065-c849-47d7-af7b-8c20dbd7944d","ParentWorkflowIdentifier":"f4f51552-0f5a-4f7f-b4ad-63de439c496e","Name":"AsyncActionTimeout","Value":"86400"},{"ParentStepIdentifier":"e5548065-c849-47d7-af7b-8c20dbd7944d","ParentWorkflowIdentifier":"f4f51552-0f5a-4f7f-b4ad-63de439c496e","Name":"AsyncPollingInterval","Value":"3600"},{"ParentStepIdentifier":"e5548065-c849-47d7-af7b-8c20dbd7944d","ParentWorkflowIdentifier":"f4f51552-0f5a-4f7f-b4ad-63de439c496e","Name":"DynamicInjectionInstancePlaceholder","Value":""},{"ParentStepIdentifier":"e5548065-c849-47d7-af7b-8c20dbd7944d","ParentWorkflowIdentifier":"f4f51552-0f5a-4f7f-b4ad-63de439c496e","Name":"FallbackIntegrationInstance","Value":null},{"ParentStepIdentifier":"e5548065-c849-47d7-af7b-8c20dbd7944d","ParentWorkflowIdentifier":"f4f51552-0f5a-4f7f-b4ad-63de439c496e","Name":"FetchInstanceByName","Value":"false"},{"ParentStepIdentifier":"e5548065-c849-47d7-af7b-8c20dbd7944d","ParentWorkflowIdentifier":"f4f51552-0f5a-4f7f-b4ad-63de439c496e","Name":"HasApprovalLink","Value":"false"},{"ParentStepIdentifier":"e5548065-c849-47d7-af7b-8c20dbd7944d","ParentWorkflowIdentifier":"f4f51552-0f5a-4f7f-b4ad-63de439c496e","Name":"IntegrationInstance","Value":"AutomaticEnvironment"},{"ParentStepIdentifier":"e5548065-c849-47d7-af7b-8c20dbd7944d","ParentWorkflowIdentifier":"f4f51552-0f5a-4f7f-b4ad-63de439c496e","Name":"MessageToAssignee","Value":null},{"ParentStepIdentifier":"e5548065-c849-47d7-af7b-8c20dbd7944d","ParentWorkflowIdentifier":"f4f51552-0f5a-4f7f-b4ad-63de439c496e","Name":"PendingActionTimeout","Value":null},{"ParentStepIdentifier":"e5548065-c849-47d7-af7b-8c20dbd7944d","ParentWorkflowIdentifier":"f4f51552-0f5a-4f7f-b4ad-63de439c496e","Name":"RetryConfiguration","Value":"{\"Enabled\":false,\"IntervalInSeconds\":30,\"NumberOfRetries\":1}"},{"ParentStepIdentifier":"e5548065-c849-47d7-af7b-8c20dbd7944d","ParentWorkflowIdentifier":"f4f51552-0f5a-4f7f-b4ad-63de439c496e","Name":"ScriptName","Value":"Siemplify_Case Comment"},{"ParentStepIdentifier":"e5548065-c849-47d7-af7b-8c20dbd7944d","ParentWorkflowIdentifier":"f4f51552-0f5a-4f7f-b4ad-63de439c496e","Name":"ScriptParametersEntityFields","Value":"{\"Comment\":\"Added tag \\\"High Risk - Google SecOps\\\" for the IOC - [Loop.Entity.Identifier] on Cyware Intel Exchange.\"}"},{"ParentStepIdentifier":"e5548065-c849-47d7-af7b-8c20dbd7944d","ParentWorkflowIdentifier":"f4f51552-0f5a-4f7f-b4ad-63de439c496e","Name":"SelectedScopeName","Value":"All entities"},{"ParentStepIdentifier":"e5548065-c849-47d7-af7b-8c20dbd7944d","ParentWorkflowIdentifier":"f4f51552-0f5a-4f7f-b4ad-63de439c496e","Name":"UseEntitiesLoopScope","Value":"true"}],"AutoSkipOnFailure":false,"IsDebugMockData":false,"StepDebugData":null,"ParentStepContainerId":null,"IsTouchedByAi":false,"StartLoopStepIdentifier":"2cc4c5ba-a341-4402-ab74-29174d47a960","ParallelActions":[]},{"Identifier":"e97660c0-160d-49e1-989a-598280da73b1","OriginalStepIdentifier":"e97660c0-160d-49e1-989a-598280da73b1","ParentWorkflowIdentifier":"f4f51552-0f5a-4f7f-b4ad-63de439c496e","ParentStepIdentifiers":["2cc4c5ba-a341-4402-ab74-29174d47a960"],"ParentStepIdentifier":"2cc4c5ba-a341-4402-ab74-29174d47a960","PreviousResultCondition":"{}","InstanceName":"Get IOC Details","IsAutomatic":true,"Name":"CywareIntelExchange_Get IOC Details","IsSkippable":false,"Description":"This Action performs a lookup for threat data objects in Intel Exchange and retrieves the details of the objects, such as basic details, enriched data, and relations.","ActionProvider":"Scripts","ActionName":"CywareIntelExchange_Get IOC Details","Type":0,"Integration":"CywareIntelExchange","Parameters":[{"ParentStepIdentifier":"e97660c0-160d-49e1-989a-598280da73b1","ParentWorkflowIdentifier":"f4f51552-0f5a-4f7f-b4ad-63de439c496e","Name":"AssignedUsers","Value":null},{"ParentStepIdentifier":"e97660c0-160d-49e1-989a-598280da73b1","ParentWorkflowIdentifier":"f4f51552-0f5a-4f7f-b4ad-63de439c496e","Name":"DynamicInjectionInstancePlaceholder","Value":""},{"ParentStepIdentifier":"e97660c0-160d-49e1-989a-598280da73b1","ParentWorkflowIdentifier":"f4f51552-0f5a-4f7f-b4ad-63de439c496e","Name":"FallbackIntegrationInstance","Value":""},{"ParentStepIdentifier":"e97660c0-160d-49e1-989a-598280da73b1","ParentWorkflowIdentifier":"f4f51552-0f5a-4f7f-b4ad-63de439c496e","Name":"FetchInstanceByName","Value":"false"},{"ParentStepIdentifier":"e97660c0-160d-49e1-989a-598280da73b1","ParentWorkflowIdentifier":"f4f51552-0f5a-4f7f-b4ad-63de439c496e","Name":"HasApprovalLink","Value":null},{"ParentStepIdentifier":"e97660c0-160d-49e1-989a-598280da73b1","ParentWorkflowIdentifier":"f4f51552-0f5a-4f7f-b4ad-63de439c496e","Name":"IntegrationInstance","Value":"AutomaticEnvironment"},{"ParentStepIdentifier":"e97660c0-160d-49e1-989a-598280da73b1","ParentWorkflowIdentifier":"f4f51552-0f5a-4f7f-b4ad-63de439c496e","Name":"MessageToAssignee","Value":null},{"ParentStepIdentifier":"e97660c0-160d-49e1-989a-598280da73b1","ParentWorkflowIdentifier":"f4f51552-0f5a-4f7f-b4ad-63de439c496e","Name":"PendingActionTimeout","Value":null},{"ParentStepIdentifier":"e97660c0-160d-49e1-989a-598280da73b1","ParentWorkflowIdentifier":"f4f51552-0f5a-4f7f-b4ad-63de439c496e","Name":"RetryConfiguration","Value":"{\"Enabled\":false,\"IntervalInSeconds\":30,\"NumberOfRetries\":1}"},{"ParentStepIdentifier":"e97660c0-160d-49e1-989a-598280da73b1","ParentWorkflowIdentifier":"f4f51552-0f5a-4f7f-b4ad-63de439c496e","Name":"ScriptName","Value":"CywareIntelExchange_Get IOC Details"},{"ParentStepIdentifier":"e97660c0-160d-49e1-989a-598280da73b1","ParentWorkflowIdentifier":"f4f51552-0f5a-4f7f-b4ad-63de439c496e","Name":"ScriptParametersEntityFields","Value":"{\"Enrichment Data\":false,\"Relation Data\":false,\"Fields\":\"id,name,confidence_score\"}"},{"ParentStepIdentifier":"e97660c0-160d-49e1-989a-598280da73b1","ParentWorkflowIdentifier":"f4f51552-0f5a-4f7f-b4ad-63de439c496e","Name":"SelectedScopeName","Value":"All entities"},{"ParentStepIdentifier":"e97660c0-160d-49e1-989a-598280da73b1","ParentWorkflowIdentifier":"f4f51552-0f5a-4f7f-b4ad-63de439c496e","Name":"UseEntitiesLoopScope","Value":"true"}],"AutoSkipOnFailure":false,"IsDebugMockData":false,"StepDebugData":null,"ParentStepContainerId":null,"IsTouchedByAi":false,"StartLoopStepIdentifier":"2cc4c5ba-a341-4402-ab74-29174d47a960","ParallelActions":[]}],"Triggers":[{"Identifier":"1775cc7b-235b-4075-a399-6794428ddfe4","IsEnabled":true,"DefinitionIdentifier":"f4f51552-0f5a-4f7f-b4ad-63de439c496e","Type":3,"WorkflowName":null,"LogicalOperator":0,"Conditions":[{"FieldName":"","MatchType":0,"Value":"Cyware Intel Exchange","CustomOperatorName":null}],"ReactionLogicalOperator":1,"ReactionConditions":null,"Environments":["*"]}],"OverviewTemplates":[],"Permissions":[],"Environments":["*"]}}