{"CategoryName":"CywareIntelExchangePlaybooks","OverviewTemplatesDetails":[],"WidgetTemplates":[],"Definition":{"Identifier":"a9ca0262-f1e0-42e5-98cd-81b71f36dcca","IsEnable":true,"Version":0.0,"IsArchived":false,"IsAutomatic":true,"Name":"Manual IOC - JIRA Issue Creation - Cyware Intel Exchange","Category":12,"Description":"This playbook triggers the creation of a Jira ticket for indicators where manual_review is set as true and the confidence_score from the bulk IOC endpoint is greater than or equal to 70. ","ExecutionScope":1,"Priority":2,"Creator":"3177f40c-bbb5-41d0-a90f-557c6f4bb822","VersionCreator":null,"VersionComment":null,"OriginalWorkflowIdentifier":"f3c5d72d-16f5-4baf-ac7d-2dbcebfc01f7","TemplateName":null,"PlaybookType":0,"IsDebugMode":false,"DebugBaseAlertIdentifier":null,"DebugAlertIdentifier":null,"SimulationClone":false,"DefaultAccessLevel":2,"CreationSource":1,"Steps":[{"Identifier":"389a508d-8b3a-4bf9-908b-5b8ba07fe77d","OriginalStepIdentifier":"116399a5-3d5f-4969-a3bd-5ad07952cf06","ParentWorkflowIdentifier":"a9ca0262-f1e0-42e5-98cd-81b71f36dcca","ParentStepIdentifiers":["69f89314-49d9-4caf-82a7-6b6912867104"],"ParentStepIdentifier":"69f89314-49d9-4caf-82a7-6b6912867104","PreviousResultCondition":"{}","InstanceName":"Siemplify_Case Comment_1","IsAutomatic":true,"Name":"Siemplify_Case Comment","IsSkippable":false,"Description":"Add a comment to the case the current alert has been grouped to","ActionProvider":"Scripts","ActionName":"Siemplify_Case Comment","Type":0,"Integration":"Siemplify","Parameters":[{"ParentStepIdentifier":"389a508d-8b3a-4bf9-908b-5b8ba07fe77d","ParentWorkflowIdentifier":"a9ca0262-f1e0-42e5-98cd-81b71f36dcca","Name":"AssignedUsers","Value":null},{"ParentStepIdentifier":"389a508d-8b3a-4bf9-908b-5b8ba07fe77d","ParentWorkflowIdentifier":"a9ca0262-f1e0-42e5-98cd-81b71f36dcca","Name":"DynamicInjectionInstancePlaceholder","Value":""},{"ParentStepIdentifier":"389a508d-8b3a-4bf9-908b-5b8ba07fe77d","ParentWorkflowIdentifier":"a9ca0262-f1e0-42e5-98cd-81b71f36dcca","Name":"FallbackIntegrationInstance","Value":""},{"ParentStepIdentifier":"389a508d-8b3a-4bf9-908b-5b8ba07fe77d","ParentWorkflowIdentifier":"a9ca0262-f1e0-42e5-98cd-81b71f36dcca","Name":"FetchInstanceByName","Value":"false"},{"ParentStepIdentifier":"389a508d-8b3a-4bf9-908b-5b8ba07fe77d","ParentWorkflowIdentifier":"a9ca0262-f1e0-42e5-98cd-81b71f36dcca","Name":"HasApprovalLink","Value":null},{"ParentStepIdentifier":"389a508d-8b3a-4bf9-908b-5b8ba07fe77d","ParentWorkflowIdentifier":"a9ca0262-f1e0-42e5-98cd-81b71f36dcca","Name":"IntegrationInstance","Value":"AutomaticEnvironment"},{"ParentStepIdentifier":"389a508d-8b3a-4bf9-908b-5b8ba07fe77d","ParentWorkflowIdentifier":"a9ca0262-f1e0-42e5-98cd-81b71f36dcca","Name":"MessageToAssignee","Value":null},{"ParentStepIdentifier":"389a508d-8b3a-4bf9-908b-5b8ba07fe77d","ParentWorkflowIdentifier":"a9ca0262-f1e0-42e5-98cd-81b71f36dcca","Name":"PendingActionTimeout","Value":null},{"ParentStepIdentifier":"389a508d-8b3a-4bf9-908b-5b8ba07fe77d","ParentWorkflowIdentifier":"a9ca0262-f1e0-42e5-98cd-81b71f36dcca","Name":"RetryConfiguration","Value":"{\"Enabled\":false,\"IntervalInSeconds\":30,\"NumberOfRetries\":1}"},{"ParentStepIdentifier":"389a508d-8b3a-4bf9-908b-5b8ba07fe77d","ParentWorkflowIdentifier":"a9ca0262-f1e0-42e5-98cd-81b71f36dcca","Name":"ScriptName","Value":"Siemplify_Case Comment"},{"ParentStepIdentifier":"389a508d-8b3a-4bf9-908b-5b8ba07fe77d","ParentWorkflowIdentifier":"a9ca0262-f1e0-42e5-98cd-81b71f36dcca","Name":"ScriptParametersEntityFields","Value":"{\"Comment\":\"Ticket created on Jira: [Jira_Create Issue_2.issue_key] for  indicator [Jira_Create Issue_2.JsonResult| \\\"summary\\\"]\"}"},{"ParentStepIdentifier":"389a508d-8b3a-4bf9-908b-5b8ba07fe77d","ParentWorkflowIdentifier":"a9ca0262-f1e0-42e5-98cd-81b71f36dcca","Name":"SelectedScopeName","Value":"All entities"},{"ParentStepIdentifier":"389a508d-8b3a-4bf9-908b-5b8ba07fe77d","ParentWorkflowIdentifier":"a9ca0262-f1e0-42e5-98cd-81b71f36dcca","Name":"UseEntitiesLoopScope","Value":"true"}],"AutoSkipOnFailure":false,"IsDebugMockData":false,"StepDebugData":null,"ParentStepContainerId":null,"IsTouchedByAi":false,"StartLoopStepIdentifier":"5f12ece5-5aa5-407d-8a89-e5d73f581115","ParallelActions":[]},{"Identifier":"430f74fe-bfb4-4e8c-b54a-1c5cb9e8e69e","OriginalStepIdentifier":"3eca5dcb-1379-4b46-86c1-b306d667c25b","ParentWorkflowIdentifier":"a9ca0262-f1e0-42e5-98cd-81b71f36dcca","ParentStepIdentifiers":["50c53ac0-6698-48b9-a767-55fb507cfb55","389a508d-8b3a-4bf9-908b-5b8ba07fe77d"],"ParentStepIdentifier":"50c53ac0-6698-48b9-a767-55fb507cfb55;389a508d-8b3a-4bf9-908b-5b8ba07fe77d","PreviousResultCondition":"{\n  \"50c53ac0-6698-48b9-a767-55fb507cfb55\": \"2\"\n}","InstanceName":"For Each Loop_1_End","IsAutomatic":true,"Name":"For Each Loop","IsSkippable":false,"Description":"This returns the results of the loop","ActionProvider":"Flow","ActionName":"ForEachEndLoop","Type":9,"Integration":"Loop","Parameters":[],"AutoSkipOnFailure":false,"IsDebugMockData":false,"StepDebugData":null,"ParentStepContainerId":null,"IsTouchedByAi":false,"StartLoopStepIdentifier":"5f12ece5-5aa5-407d-8a89-e5d73f581115","ParallelActions":[]},{"Identifier":"4626776d-6e3e-4d71-8b31-04263a515488","OriginalStepIdentifier":"ddfe5fec-72e4-4976-bb32-c20ca10b79f2","ParentWorkflowIdentifier":"a9ca0262-f1e0-42e5-98cd-81b71f36dcca","ParentStepIdentifiers":[],"ParentStepIdentifier":"","PreviousResultCondition":null,"InstanceName":"Manual IOC - JIRA Issue Creation Input Block","IsAutomatic":false,"Name":"Manual IOC - JIRA Issue Creation Input Block - Cyware Intel Exchange","IsSkippable":false,"Description":"Fetch the IOC fields as input for Cyware IOC - JIRA Issue Creation playbook.","ActionProvider":"Flow","ActionName":"NestedAction","Type":5,"Integration":"Siemplify","Parameters":[{"ParentStepIdentifier":"4626776d-6e3e-4d71-8b31-04263a515488","ParentWorkflowIdentifier":"a9ca0262-f1e0-42e5-98cd-81b71f36dcca","Name":"AssignedUsers","Value":null},{"ParentStepIdentifier":"4626776d-6e3e-4d71-8b31-04263a515488","ParentWorkflowIdentifier":"a9ca0262-f1e0-42e5-98cd-81b71f36dcca","Name":"HasApprovalLink","Value":null},{"ParentStepIdentifier":"4626776d-6e3e-4d71-8b31-04263a515488","ParentWorkflowIdentifier":"a9ca0262-f1e0-42e5-98cd-81b71f36dcca","Name":"MessageToAssignee","Value":null},{"ParentStepIdentifier":"4626776d-6e3e-4d71-8b31-04263a515488","ParentWorkflowIdentifier":"a9ca0262-f1e0-42e5-98cd-81b71f36dcca","Name":"NestedWorkflowIdentifier","Value":"1559b488-0e82-426d-b38a-9e00d5f078e5"},{"ParentStepIdentifier":"4626776d-6e3e-4d71-8b31-04263a515488","ParentWorkflowIdentifier":"a9ca0262-f1e0-42e5-98cd-81b71f36dcca","Name":"NestedWorkflowInputs","Value":"[{\"FieldName\":\"IOC Fields\",\"Value\":\"custom_attributes\"},{\"FieldName\":\"Jira Project Key\",\"Value\":\"ABCD\"}]"},{"ParentStepIdentifier":"4626776d-6e3e-4d71-8b31-04263a515488","ParentWorkflowIdentifier":"a9ca0262-f1e0-42e5-98cd-81b71f36dcca","Name":"PendingActionTimeout","Value":null},{"ParentStepIdentifier":"4626776d-6e3e-4d71-8b31-04263a515488","ParentWorkflowIdentifier":"a9ca0262-f1e0-42e5-98cd-81b71f36dcca","Name":"UseEntitiesLoopScope","Value":"true"}],"AutoSkipOnFailure":false,"IsDebugMockData":false,"StepDebugData":null,"ParentStepContainerId":null,"IsTouchedByAi":false,"StartLoopStepIdentifier":null,"ParallelActions":[]},{"Identifier":"50c53ac0-6698-48b9-a767-55fb507cfb55","OriginalStepIdentifier":"4649546e-1fbc-467f-908d-0176e4f58351","ParentWorkflowIdentifier":"a9ca0262-f1e0-42e5-98cd-81b71f36dcca","ParentStepIdentifiers":["f1710907-dfce-4817-9eff-bae1efea6cda"],"ParentStepIdentifier":"f1710907-dfce-4817-9eff-bae1efea6cda","PreviousResultCondition":"{}","InstanceName":"Check Condition","IsAutomatic":true,"Name":"Condition","IsSkippable":false,"Description":"This condition determines the progress of the playbook. Conditions are built based on cases data (cases, alerts, vents, entities and environment properties) as-well as data that comes back from previous playbook steps.","ActionProvider":"Flow","ActionName":"IfFlowCondition","Type":4,"Integration":"Flow","Parameters":[{"ParentStepIdentifier":"50c53ac0-6698-48b9-a767-55fb507cfb55","ParentWorkflowIdentifier":"a9ca0262-f1e0-42e5-98cd-81b71f36dcca","Name":"AssignedUsers","Value":null},{"ParentStepIdentifier":"50c53ac0-6698-48b9-a767-55fb507cfb55","ParentWorkflowIdentifier":"a9ca0262-f1e0-42e5-98cd-81b71f36dcca","Name":"Branches","Value":"[{\"LogicalOperator\":0,\"Conditions\":[{\"Operator\":0,\"FieldName\":\"[CywareIntelExchange_Get IOC Details_1.JsonResult| \\\"results.manual_review\\\" | toLower()]\",\"Type\":7,\"Value\":\"true\",\"CustomOperatorName\":null},{\"Operator\":3,\"FieldName\":\"[CywareIntelExchange_Get IOC Details_1.JsonResult| \\\"results.confidence_score\\\"]\",\"Type\":7,\"Value\":\"69\",\"CustomOperatorName\":null}],\"Order\":1,\"IsDefaultBranch\":false,\"Name\":\"Branch\"},{\"LogicalOperator\":0,\"Conditions\":[],\"Order\":2,\"IsDefaultBranch\":true,\"Name\":\"Branch\"}]"},{"ParentStepIdentifier":"50c53ac0-6698-48b9-a767-55fb507cfb55","ParentWorkflowIdentifier":"a9ca0262-f1e0-42e5-98cd-81b71f36dcca","Name":"ErrorFallbackBranch","Value":null},{"ParentStepIdentifier":"50c53ac0-6698-48b9-a767-55fb507cfb55","ParentWorkflowIdentifier":"a9ca0262-f1e0-42e5-98cd-81b71f36dcca","Name":"HasApprovalLink","Value":null},{"ParentStepIdentifier":"50c53ac0-6698-48b9-a767-55fb507cfb55","ParentWorkflowIdentifier":"a9ca0262-f1e0-42e5-98cd-81b71f36dcca","Name":"MessageToAssignee","Value":null},{"ParentStepIdentifier":"50c53ac0-6698-48b9-a767-55fb507cfb55","ParentWorkflowIdentifier":"a9ca0262-f1e0-42e5-98cd-81b71f36dcca","Name":"PendingActionTimeout","Value":null},{"ParentStepIdentifier":"50c53ac0-6698-48b9-a767-55fb507cfb55","ParentWorkflowIdentifier":"a9ca0262-f1e0-42e5-98cd-81b71f36dcca","Name":"SelectedScopeName","Value":"All entities"},{"ParentStepIdentifier":"50c53ac0-6698-48b9-a767-55fb507cfb55","ParentWorkflowIdentifier":"a9ca0262-f1e0-42e5-98cd-81b71f36dcca","Name":"UseEntitiesLoopScope","Value":"true"}],"AutoSkipOnFailure":false,"IsDebugMockData":false,"StepDebugData":null,"ParentStepContainerId":null,"IsTouchedByAi":false,"StartLoopStepIdentifier":"5f12ece5-5aa5-407d-8a89-e5d73f581115","ParallelActions":[]},{"Identifier":"5f12ece5-5aa5-407d-8a89-e5d73f581115","OriginalStepIdentifier":"58cebf62-43b4-43a6-bd67-a8930a0d67da","ParentWorkflowIdentifier":"a9ca0262-f1e0-42e5-98cd-81b71f36dcca","ParentStepIdentifiers":["4626776d-6e3e-4d71-8b31-04263a515488"],"ParentStepIdentifier":"4626776d-6e3e-4d71-8b31-04263a515488","PreviousResultCondition":"{}","InstanceName":"For Each Loop_1_Start","IsAutomatic":true,"Name":"For Each Loop","IsSkippable":false,"Description":"Use a for-each loop to iterate over an array of entities, events or list items and execute action or series of actions","ActionProvider":"Flow","ActionName":"ForEachStartLoop","Type":8,"Integration":"Loop","Parameters":[{"ParentStepIdentifier":"5f12ece5-5aa5-407d-8a89-e5d73f581115","ParentWorkflowIdentifier":"a9ca0262-f1e0-42e5-98cd-81b71f36dcca","Name":"AssignedUsers","Value":null},{"ParentStepIdentifier":"5f12ece5-5aa5-407d-8a89-e5d73f581115","ParentWorkflowIdentifier":"a9ca0262-f1e0-42e5-98cd-81b71f36dcca","Name":"EndLoopStepIdentifier","Value":"430f74fe-bfb4-4e8c-b54a-1c5cb9e8e69e"},{"ParentStepIdentifier":"5f12ece5-5aa5-407d-8a89-e5d73f581115","ParentWorkflowIdentifier":"a9ca0262-f1e0-42e5-98cd-81b71f36dcca","Name":"HasApprovalLink","Value":null},{"ParentStepIdentifier":"5f12ece5-5aa5-407d-8a89-e5d73f581115","ParentWorkflowIdentifier":"a9ca0262-f1e0-42e5-98cd-81b71f36dcca","Name":"ListLoopDelimiter","Value":","},{"ParentStepIdentifier":"5f12ece5-5aa5-407d-8a89-e5d73f581115","ParentWorkflowIdentifier":"a9ca0262-f1e0-42e5-98cd-81b71f36dcca","Name":"ListLoopItems","Value":null},{"ParentStepIdentifier":"5f12ece5-5aa5-407d-8a89-e5d73f581115","ParentWorkflowIdentifier":"a9ca0262-f1e0-42e5-98cd-81b71f36dcca","Name":"LoopType","Value":"1"},{"ParentStepIdentifier":"5f12ece5-5aa5-407d-8a89-e5d73f581115","ParentWorkflowIdentifier":"a9ca0262-f1e0-42e5-98cd-81b71f36dcca","Name":"MessageToAssignee","Value":null},{"ParentStepIdentifier":"5f12ece5-5aa5-407d-8a89-e5d73f581115","ParentWorkflowIdentifier":"a9ca0262-f1e0-42e5-98cd-81b71f36dcca","Name":"PendingActionTimeout","Value":null},{"ParentStepIdentifier":"5f12ece5-5aa5-407d-8a89-e5d73f581115","ParentWorkflowIdentifier":"a9ca0262-f1e0-42e5-98cd-81b71f36dcca","Name":"SelectedScopeName","Value":"All entities"}],"AutoSkipOnFailure":false,"IsDebugMockData":false,"StepDebugData":null,"ParentStepContainerId":null,"IsTouchedByAi":false,"StartLoopStepIdentifier":"5f12ece5-5aa5-407d-8a89-e5d73f581115","ParallelActions":[]},{"Identifier":"69f89314-49d9-4caf-82a7-6b6912867104","OriginalStepIdentifier":"fc13ec56-adff-4765-8193-d2396e81df5f","ParentWorkflowIdentifier":"a9ca0262-f1e0-42e5-98cd-81b71f36dcca","ParentStepIdentifiers":["50c53ac0-6698-48b9-a767-55fb507cfb55"],"ParentStepIdentifier":"50c53ac0-6698-48b9-a767-55fb507cfb55","PreviousResultCondition":"{\n  \"50c53ac0-6698-48b9-a767-55fb507cfb55\": \"1\"\n}","InstanceName":"Jira_Create Issue_2","IsAutomatic":true,"Name":"Jira_Create Issue","IsSkippable":false,"Description":"Create an issue in a project. (Jira username could be: name, mail, etc...). For new Jira Api, action will try to find a match for the assignee to assign an issue based on User email or displayName field.","ActionProvider":"Scripts","ActionName":"Jira_Create Issue","Type":0,"Integration":"Jira","Parameters":[{"ParentStepIdentifier":"69f89314-49d9-4caf-82a7-6b6912867104","ParentWorkflowIdentifier":"a9ca0262-f1e0-42e5-98cd-81b71f36dcca","Name":"AssignedUsers","Value":null},{"ParentStepIdentifier":"69f89314-49d9-4caf-82a7-6b6912867104","ParentWorkflowIdentifier":"a9ca0262-f1e0-42e5-98cd-81b71f36dcca","Name":"DynamicInjectionInstancePlaceholder","Value":""},{"ParentStepIdentifier":"69f89314-49d9-4caf-82a7-6b6912867104","ParentWorkflowIdentifier":"a9ca0262-f1e0-42e5-98cd-81b71f36dcca","Name":"FallbackIntegrationInstance","Value":null},{"ParentStepIdentifier":"69f89314-49d9-4caf-82a7-6b6912867104","ParentWorkflowIdentifier":"a9ca0262-f1e0-42e5-98cd-81b71f36dcca","Name":"FetchInstanceByName","Value":"false"},{"ParentStepIdentifier":"69f89314-49d9-4caf-82a7-6b6912867104","ParentWorkflowIdentifier":"a9ca0262-f1e0-42e5-98cd-81b71f36dcca","Name":"HasApprovalLink","Value":null},{"ParentStepIdentifier":"69f89314-49d9-4caf-82a7-6b6912867104","ParentWorkflowIdentifier":"a9ca0262-f1e0-42e5-98cd-81b71f36dcca","Name":"IntegrationInstance","Value":"AutomaticEnvironment"},{"ParentStepIdentifier":"69f89314-49d9-4caf-82a7-6b6912867104","ParentWorkflowIdentifier":"a9ca0262-f1e0-42e5-98cd-81b71f36dcca","Name":"MessageToAssignee","Value":null},{"ParentStepIdentifier":"69f89314-49d9-4caf-82a7-6b6912867104","ParentWorkflowIdentifier":"a9ca0262-f1e0-42e5-98cd-81b71f36dcca","Name":"PendingActionTimeout","Value":null},{"ParentStepIdentifier":"69f89314-49d9-4caf-82a7-6b6912867104","ParentWorkflowIdentifier":"a9ca0262-f1e0-42e5-98cd-81b71f36dcca","Name":"RetryConfiguration","Value":"{\"Enabled\":false,\"IntervalInSeconds\":30,\"NumberOfRetries\":1}"},{"ParentStepIdentifier":"69f89314-49d9-4caf-82a7-6b6912867104","ParentWorkflowIdentifier":"a9ca0262-f1e0-42e5-98cd-81b71f36dcca","Name":"ScriptName","Value":"Jira_Create Issue"},{"ParentStepIdentifier":"69f89314-49d9-4caf-82a7-6b6912867104","ParentWorkflowIdentifier":"a9ca0262-f1e0-42e5-98cd-81b71f36dcca","Name":"ScriptParametersEntityFields","Value":"{\"Project Key\":\"[Manual IOC - JIRA Issue Creation Input Block.Extract Input.JsonResult| \\\"data.jira_project_key\\\"]\\n\",\"Summary\":\"[CywareIntelExchange_Get IOC Details_1.JsonResult| \\\"results.name\\\"] - [Cyware Intel Exchange_Get IOC Details_1.JsonResult| \\\"results.id\\\"]\",\"Description\":\"[CywareIntelExchange_Get IOC Details_1.JsonResult| \\\"results\\\"]\",\"Issue Type\":\"Task\",\"Jira Username\":\"\",\"Assignee\":\"\",\"Components\":\"\",\"Labels\":\"\",\"Custom Fields\":\"\"}"},{"ParentStepIdentifier":"69f89314-49d9-4caf-82a7-6b6912867104","ParentWorkflowIdentifier":"a9ca0262-f1e0-42e5-98cd-81b71f36dcca","Name":"SelectedScopeName","Value":"All entities"},{"ParentStepIdentifier":"69f89314-49d9-4caf-82a7-6b6912867104","ParentWorkflowIdentifier":"a9ca0262-f1e0-42e5-98cd-81b71f36dcca","Name":"UseEntitiesLoopScope","Value":"true"}],"AutoSkipOnFailure":false,"IsDebugMockData":false,"StepDebugData":null,"ParentStepContainerId":null,"IsTouchedByAi":false,"StartLoopStepIdentifier":"5f12ece5-5aa5-407d-8a89-e5d73f581115","ParallelActions":[]},{"Identifier":"f1710907-dfce-4817-9eff-bae1efea6cda","OriginalStepIdentifier":"f1710907-dfce-4817-9eff-bae1efea6cda","ParentWorkflowIdentifier":"a9ca0262-f1e0-42e5-98cd-81b71f36dcca","ParentStepIdentifiers":["5f12ece5-5aa5-407d-8a89-e5d73f581115"],"ParentStepIdentifier":"5f12ece5-5aa5-407d-8a89-e5d73f581115","PreviousResultCondition":"{}","InstanceName":"CywareIntelExchange_Get IOC Details_1","IsAutomatic":true,"Name":"CywareIntelExchange_Get IOC Details","IsSkippable":false,"Description":"This Action performs a lookup for threat data objects in Intel Exchange and retrieves the details of the objects, such as basic details, enriched data, and relations.","ActionProvider":"Scripts","ActionName":"CywareIntelExchange_Get IOC Details","Type":0,"Integration":"CywareIntelExchange","Parameters":[{"ParentStepIdentifier":"f1710907-dfce-4817-9eff-bae1efea6cda","ParentWorkflowIdentifier":"a9ca0262-f1e0-42e5-98cd-81b71f36dcca","Name":"AssignedUsers","Value":null},{"ParentStepIdentifier":"f1710907-dfce-4817-9eff-bae1efea6cda","ParentWorkflowIdentifier":"a9ca0262-f1e0-42e5-98cd-81b71f36dcca","Name":"DynamicInjectionInstancePlaceholder","Value":""},{"ParentStepIdentifier":"f1710907-dfce-4817-9eff-bae1efea6cda","ParentWorkflowIdentifier":"a9ca0262-f1e0-42e5-98cd-81b71f36dcca","Name":"FallbackIntegrationInstance","Value":""},{"ParentStepIdentifier":"f1710907-dfce-4817-9eff-bae1efea6cda","ParentWorkflowIdentifier":"a9ca0262-f1e0-42e5-98cd-81b71f36dcca","Name":"FetchInstanceByName","Value":"false"},{"ParentStepIdentifier":"f1710907-dfce-4817-9eff-bae1efea6cda","ParentWorkflowIdentifier":"a9ca0262-f1e0-42e5-98cd-81b71f36dcca","Name":"HasApprovalLink","Value":null},{"ParentStepIdentifier":"f1710907-dfce-4817-9eff-bae1efea6cda","ParentWorkflowIdentifier":"a9ca0262-f1e0-42e5-98cd-81b71f36dcca","Name":"IntegrationInstance","Value":"AutomaticEnvironment"},{"ParentStepIdentifier":"f1710907-dfce-4817-9eff-bae1efea6cda","ParentWorkflowIdentifier":"a9ca0262-f1e0-42e5-98cd-81b71f36dcca","Name":"MessageToAssignee","Value":null},{"ParentStepIdentifier":"f1710907-dfce-4817-9eff-bae1efea6cda","ParentWorkflowIdentifier":"a9ca0262-f1e0-42e5-98cd-81b71f36dcca","Name":"PendingActionTimeout","Value":null},{"ParentStepIdentifier":"f1710907-dfce-4817-9eff-bae1efea6cda","ParentWorkflowIdentifier":"a9ca0262-f1e0-42e5-98cd-81b71f36dcca","Name":"RetryConfiguration","Value":"{\"Enabled\":false,\"IntervalInSeconds\":30,\"NumberOfRetries\":1}"},{"ParentStepIdentifier":"f1710907-dfce-4817-9eff-bae1efea6cda","ParentWorkflowIdentifier":"a9ca0262-f1e0-42e5-98cd-81b71f36dcca","Name":"ScriptName","Value":"CywareIntelExchange_Get IOC Details"},{"ParentStepIdentifier":"f1710907-dfce-4817-9eff-bae1efea6cda","ParentWorkflowIdentifier":"a9ca0262-f1e0-42e5-98cd-81b71f36dcca","Name":"ScriptParametersEntityFields","Value":"{\"Enrichment Data\":true,\"Relation Data\":true,\"Fields\":\"id,name,manual_review,confidence_score,[Manual IOC - JIRA Issue Creation Input Block.Extract Input.JsonResult| \\\"data.ioc_fields\\\"]\"}"},{"ParentStepIdentifier":"f1710907-dfce-4817-9eff-bae1efea6cda","ParentWorkflowIdentifier":"a9ca0262-f1e0-42e5-98cd-81b71f36dcca","Name":"SelectedScopeName","Value":"All entities"},{"ParentStepIdentifier":"f1710907-dfce-4817-9eff-bae1efea6cda","ParentWorkflowIdentifier":"a9ca0262-f1e0-42e5-98cd-81b71f36dcca","Name":"UseEntitiesLoopScope","Value":"true"}],"AutoSkipOnFailure":false,"IsDebugMockData":false,"StepDebugData":null,"ParentStepContainerId":null,"IsTouchedByAi":false,"StartLoopStepIdentifier":"5f12ece5-5aa5-407d-8a89-e5d73f581115","ParallelActions":[]}],"Triggers":[{"Identifier":"7ed990d3-e9cc-4f16-8f50-740335cf3523","IsEnabled":true,"DefinitionIdentifier":"a9ca0262-f1e0-42e5-98cd-81b71f36dcca","Type":3,"WorkflowName":null,"LogicalOperator":0,"Conditions":[{"FieldName":"","MatchType":0,"Value":"Cyware Intel Exchange","CustomOperatorName":null}],"ReactionLogicalOperator":1,"ReactionConditions":null,"Environments":["*"]}],"OverviewTemplates":[],"Permissions":[],"Environments":["*"]}}