{"CategoryName":"CywareIntelExchangePlaybooks","OverviewTemplatesDetails":[],"WidgetTemplates":[],"Definition":{"Identifier":"03225866-4b3d-4a75-878e-a43681ade1b1","IsEnable":false,"Version":0.0,"IsArchived":false,"IsAutomatic":false,"Name":"Manual IOC - JIRA Issue Creation - Cyware Intel Exchange","Category":12,"Description":"This playbook triggers the creation of a Jira ticket for indicators where manual_review is set as true and the confidence_score from the bulk IOC endpoint is greater than or equal to 70. ","ExecutionScope":1,"Priority":2,"Creator":"3177f40c-bbb5-41d0-a90f-557c6f4bb822","VersionCreator":null,"VersionComment":null,"OriginalWorkflowIdentifier":"f3c5d72d-16f5-4baf-ac7d-2dbcebfc01f7","TemplateName":null,"PlaybookType":0,"IsDebugMode":false,"DebugBaseAlertIdentifier":null,"DebugAlertIdentifier":null,"SimulationClone":false,"DefaultAccessLevel":2,"CreationSource":1,"Steps":[{"Identifier":"2f6ba92d-dc7b-4172-a1ce-dee57ab45a44","OriginalStepIdentifier":"58cebf62-43b4-43a6-bd67-a8930a0d67da","ParentWorkflowIdentifier":"03225866-4b3d-4a75-878e-a43681ade1b1","ParentStepIdentifiers":["34653ef5-15fd-4792-bde6-274c9dbedcc3"],"ParentStepIdentifier":"34653ef5-15fd-4792-bde6-274c9dbedcc3","PreviousResultCondition":"{}","InstanceName":"For Each Loop_1_Start","IsAutomatic":true,"Name":"For Each Loop","IsSkippable":false,"Description":"Use a for-each loop to iterate over an array of entities, events or list items and execute action or series of actions","ActionProvider":"Flow","ActionName":"ForEachStartLoop","Type":8,"Integration":"Loop","Parameters":[{"ParentStepIdentifier":"2f6ba92d-dc7b-4172-a1ce-dee57ab45a44","ParentWorkflowIdentifier":"03225866-4b3d-4a75-878e-a43681ade1b1","Name":"AssignedUsers","Value":null},{"ParentStepIdentifier":"2f6ba92d-dc7b-4172-a1ce-dee57ab45a44","ParentWorkflowIdentifier":"03225866-4b3d-4a75-878e-a43681ade1b1","Name":"EndLoopStepIdentifier","Value":"fc50f1fb-cce8-4d53-bc1a-fbe63d690131"},{"ParentStepIdentifier":"2f6ba92d-dc7b-4172-a1ce-dee57ab45a44","ParentWorkflowIdentifier":"03225866-4b3d-4a75-878e-a43681ade1b1","Name":"HasApprovalLink","Value":null},{"ParentStepIdentifier":"2f6ba92d-dc7b-4172-a1ce-dee57ab45a44","ParentWorkflowIdentifier":"03225866-4b3d-4a75-878e-a43681ade1b1","Name":"ListLoopDelimiter","Value":","},{"ParentStepIdentifier":"2f6ba92d-dc7b-4172-a1ce-dee57ab45a44","ParentWorkflowIdentifier":"03225866-4b3d-4a75-878e-a43681ade1b1","Name":"ListLoopItems","Value":null},{"ParentStepIdentifier":"2f6ba92d-dc7b-4172-a1ce-dee57ab45a44","ParentWorkflowIdentifier":"03225866-4b3d-4a75-878e-a43681ade1b1","Name":"LoopType","Value":"1"},{"ParentStepIdentifier":"2f6ba92d-dc7b-4172-a1ce-dee57ab45a44","ParentWorkflowIdentifier":"03225866-4b3d-4a75-878e-a43681ade1b1","Name":"MessageToAssignee","Value":null},{"ParentStepIdentifier":"2f6ba92d-dc7b-4172-a1ce-dee57ab45a44","ParentWorkflowIdentifier":"03225866-4b3d-4a75-878e-a43681ade1b1","Name":"PendingActionTimeout","Value":null},{"ParentStepIdentifier":"2f6ba92d-dc7b-4172-a1ce-dee57ab45a44","ParentWorkflowIdentifier":"03225866-4b3d-4a75-878e-a43681ade1b1","Name":"SelectedScopeName","Value":"All entities"}],"AutoSkipOnFailure":false,"IsDebugMockData":false,"StepDebugData":null,"ParentStepContainerId":null,"IsTouchedByAi":false,"StartLoopStepIdentifier":"2f6ba92d-dc7b-4172-a1ce-dee57ab45a44","ParallelActions":[]},{"Identifier":"34653ef5-15fd-4792-bde6-274c9dbedcc3","OriginalStepIdentifier":"ddfe5fec-72e4-4976-bb32-c20ca10b79f2","ParentWorkflowIdentifier":"03225866-4b3d-4a75-878e-a43681ade1b1","ParentStepIdentifiers":[],"ParentStepIdentifier":"","PreviousResultCondition":"{}","InstanceName":"Manual IOC - JIRA Issue Creation Input Block","IsAutomatic":false,"Name":"Manual IOC - JIRA Issue Creation Input Block - Cyware Intel Exchange","IsSkippable":false,"Description":"Fetch the IOC fields as input for Cyware IOC - JIRA Issue Creation playbook.","ActionProvider":"Flow","ActionName":"NestedAction","Type":5,"Integration":"Siemplify","Parameters":[{"ParentStepIdentifier":"34653ef5-15fd-4792-bde6-274c9dbedcc3","ParentWorkflowIdentifier":"03225866-4b3d-4a75-878e-a43681ade1b1","Name":"AssignedUsers","Value":null},{"ParentStepIdentifier":"34653ef5-15fd-4792-bde6-274c9dbedcc3","ParentWorkflowIdentifier":"03225866-4b3d-4a75-878e-a43681ade1b1","Name":"HasApprovalLink","Value":null},{"ParentStepIdentifier":"34653ef5-15fd-4792-bde6-274c9dbedcc3","ParentWorkflowIdentifier":"03225866-4b3d-4a75-878e-a43681ade1b1","Name":"MessageToAssignee","Value":null},{"ParentStepIdentifier":"34653ef5-15fd-4792-bde6-274c9dbedcc3","ParentWorkflowIdentifier":"03225866-4b3d-4a75-878e-a43681ade1b1","Name":"NestedWorkflowIdentifier","Value":"1559b488-0e82-426d-b38a-9e00d5f078e5"},{"ParentStepIdentifier":"34653ef5-15fd-4792-bde6-274c9dbedcc3","ParentWorkflowIdentifier":"03225866-4b3d-4a75-878e-a43681ade1b1","Name":"NestedWorkflowInputs","Value":"[{\"FieldName\":\"IOC Fields\",\"Value\":\"custom_attributes\"},{\"FieldName\":\"Jira Project Key\",\"Value\":\"ABCD\"}]"},{"ParentStepIdentifier":"34653ef5-15fd-4792-bde6-274c9dbedcc3","ParentWorkflowIdentifier":"03225866-4b3d-4a75-878e-a43681ade1b1","Name":"PendingActionTimeout","Value":null},{"ParentStepIdentifier":"34653ef5-15fd-4792-bde6-274c9dbedcc3","ParentWorkflowIdentifier":"03225866-4b3d-4a75-878e-a43681ade1b1","Name":"UseEntitiesLoopScope","Value":"true"}],"AutoSkipOnFailure":false,"IsDebugMockData":false,"StepDebugData":null,"ParentStepContainerId":null,"IsTouchedByAi":false,"StartLoopStepIdentifier":null,"ParallelActions":[]},{"Identifier":"364b783d-322a-4038-81a1-045d41ab6b56","OriginalStepIdentifier":"fc13ec56-adff-4765-8193-d2396e81df5f","ParentWorkflowIdentifier":"03225866-4b3d-4a75-878e-a43681ade1b1","ParentStepIdentifiers":["d0a704ef-b597-4409-89a7-0986b1176daa"],"ParentStepIdentifier":"d0a704ef-b597-4409-89a7-0986b1176daa","PreviousResultCondition":"{\"d0a704ef-b597-4409-89a7-0986b1176daa\":\"1\"}","InstanceName":"Jira_Create Issue_2","IsAutomatic":true,"Name":"Jira_Create Issue","IsSkippable":false,"Description":"Create an issue in a project. (Jira username could be: name, mail, etc...). For new Jira Api, action will try to find a match for the assignee to assign an issue based on User email or displayName field.","ActionProvider":"Scripts","ActionName":"Jira_Create Issue","Type":0,"Integration":"Jira","Parameters":[{"ParentStepIdentifier":"364b783d-322a-4038-81a1-045d41ab6b56","ParentWorkflowIdentifier":"03225866-4b3d-4a75-878e-a43681ade1b1","Name":"AssignedUsers","Value":null},{"ParentStepIdentifier":"364b783d-322a-4038-81a1-045d41ab6b56","ParentWorkflowIdentifier":"03225866-4b3d-4a75-878e-a43681ade1b1","Name":"DynamicInjectionInstancePlaceholder","Value":""},{"ParentStepIdentifier":"364b783d-322a-4038-81a1-045d41ab6b56","ParentWorkflowIdentifier":"03225866-4b3d-4a75-878e-a43681ade1b1","Name":"FallbackIntegrationInstance","Value":null},{"ParentStepIdentifier":"364b783d-322a-4038-81a1-045d41ab6b56","ParentWorkflowIdentifier":"03225866-4b3d-4a75-878e-a43681ade1b1","Name":"FetchInstanceByName","Value":"false"},{"ParentStepIdentifier":"364b783d-322a-4038-81a1-045d41ab6b56","ParentWorkflowIdentifier":"03225866-4b3d-4a75-878e-a43681ade1b1","Name":"HasApprovalLink","Value":null},{"ParentStepIdentifier":"364b783d-322a-4038-81a1-045d41ab6b56","ParentWorkflowIdentifier":"03225866-4b3d-4a75-878e-a43681ade1b1","Name":"IntegrationInstance","Value":"AutomaticEnvironment"},{"ParentStepIdentifier":"364b783d-322a-4038-81a1-045d41ab6b56","ParentWorkflowIdentifier":"03225866-4b3d-4a75-878e-a43681ade1b1","Name":"MessageToAssignee","Value":null},{"ParentStepIdentifier":"364b783d-322a-4038-81a1-045d41ab6b56","ParentWorkflowIdentifier":"03225866-4b3d-4a75-878e-a43681ade1b1","Name":"PendingActionTimeout","Value":null},{"ParentStepIdentifier":"364b783d-322a-4038-81a1-045d41ab6b56","ParentWorkflowIdentifier":"03225866-4b3d-4a75-878e-a43681ade1b1","Name":"RetryConfiguration","Value":"{\"Enabled\":false,\"IntervalInSeconds\":30,\"NumberOfRetries\":1}"},{"ParentStepIdentifier":"364b783d-322a-4038-81a1-045d41ab6b56","ParentWorkflowIdentifier":"03225866-4b3d-4a75-878e-a43681ade1b1","Name":"ScriptName","Value":"Jira_Create Issue"},{"ParentStepIdentifier":"364b783d-322a-4038-81a1-045d41ab6b56","ParentWorkflowIdentifier":"03225866-4b3d-4a75-878e-a43681ade1b1","Name":"ScriptParametersEntityFields","Value":"{\"Project Key\":\"[Manual IOC - JIRA Issue Creation Input Block.Extract Input.JsonResult| \\\"data.jira_project_key\\\"]\\n\",\"Summary\":\"[Cyware Intel Exchange_Get IOC Details_1.JsonResult| \\\"results.name\\\"] - [Cyware Intel Exchange_Get IOC Details_1.JsonResult| \\\"results.id\\\"]\",\"Description\":\"\",\"Issue Type\":\"Task\",\"Jira Username\":\"\",\"Assignee\":\"\",\"Components\":\"\",\"Labels\":\"\",\"Custom Fields\":\"\"}"},{"ParentStepIdentifier":"364b783d-322a-4038-81a1-045d41ab6b56","ParentWorkflowIdentifier":"03225866-4b3d-4a75-878e-a43681ade1b1","Name":"SelectedScopeName","Value":"All entities"},{"ParentStepIdentifier":"364b783d-322a-4038-81a1-045d41ab6b56","ParentWorkflowIdentifier":"03225866-4b3d-4a75-878e-a43681ade1b1","Name":"UseEntitiesLoopScope","Value":"true"}],"AutoSkipOnFailure":false,"IsDebugMockData":false,"StepDebugData":null,"ParentStepContainerId":null,"IsTouchedByAi":false,"StartLoopStepIdentifier":"2f6ba92d-dc7b-4172-a1ce-dee57ab45a44","ParallelActions":[]},{"Identifier":"a282fc87-0841-4ac7-8529-280289157501","OriginalStepIdentifier":"c9714d70-e7f6-4628-8388-4d6d1e6916f9","ParentWorkflowIdentifier":"03225866-4b3d-4a75-878e-a43681ade1b1","ParentStepIdentifiers":["2f6ba92d-dc7b-4172-a1ce-dee57ab45a44"],"ParentStepIdentifier":"2f6ba92d-dc7b-4172-a1ce-dee57ab45a44","PreviousResultCondition":"{}","InstanceName":"Cyware Intel Exchange_Get IOC Details_1","IsAutomatic":true,"Name":"Cyware Intel Exchange_Get IOC Details","IsSkippable":false,"Description":"This Action performs a lookup for threat data objects in Intel Exchange and retrieves the details of the objects, such as basic details, enriched data, and relations.","ActionProvider":"Scripts","ActionName":"Cyware Intel Exchange_Get IOC Details","Type":0,"Integration":"Cyware Intel Exchange","Parameters":[{"ParentStepIdentifier":"a282fc87-0841-4ac7-8529-280289157501","ParentWorkflowIdentifier":"03225866-4b3d-4a75-878e-a43681ade1b1","Name":"AssignedUsers","Value":null},{"ParentStepIdentifier":"a282fc87-0841-4ac7-8529-280289157501","ParentWorkflowIdentifier":"03225866-4b3d-4a75-878e-a43681ade1b1","Name":"DynamicInjectionInstancePlaceholder","Value":""},{"ParentStepIdentifier":"a282fc87-0841-4ac7-8529-280289157501","ParentWorkflowIdentifier":"03225866-4b3d-4a75-878e-a43681ade1b1","Name":"FallbackIntegrationInstance","Value":null},{"ParentStepIdentifier":"a282fc87-0841-4ac7-8529-280289157501","ParentWorkflowIdentifier":"03225866-4b3d-4a75-878e-a43681ade1b1","Name":"FetchInstanceByName","Value":"false"},{"ParentStepIdentifier":"a282fc87-0841-4ac7-8529-280289157501","ParentWorkflowIdentifier":"03225866-4b3d-4a75-878e-a43681ade1b1","Name":"HasApprovalLink","Value":null},{"ParentStepIdentifier":"a282fc87-0841-4ac7-8529-280289157501","ParentWorkflowIdentifier":"03225866-4b3d-4a75-878e-a43681ade1b1","Name":"IntegrationInstance","Value":"AutomaticEnvironment"},{"ParentStepIdentifier":"a282fc87-0841-4ac7-8529-280289157501","ParentWorkflowIdentifier":"03225866-4b3d-4a75-878e-a43681ade1b1","Name":"MessageToAssignee","Value":null},{"ParentStepIdentifier":"a282fc87-0841-4ac7-8529-280289157501","ParentWorkflowIdentifier":"03225866-4b3d-4a75-878e-a43681ade1b1","Name":"PendingActionTimeout","Value":null},{"ParentStepIdentifier":"a282fc87-0841-4ac7-8529-280289157501","ParentWorkflowIdentifier":"03225866-4b3d-4a75-878e-a43681ade1b1","Name":"RetryConfiguration","Value":"{\"Enabled\":false,\"IntervalInSeconds\":30,\"NumberOfRetries\":1}"},{"ParentStepIdentifier":"a282fc87-0841-4ac7-8529-280289157501","ParentWorkflowIdentifier":"03225866-4b3d-4a75-878e-a43681ade1b1","Name":"ScriptName","Value":"Cyware Intel Exchange_Get IOC Details"},{"ParentStepIdentifier":"a282fc87-0841-4ac7-8529-280289157501","ParentWorkflowIdentifier":"03225866-4b3d-4a75-878e-a43681ade1b1","Name":"ScriptParametersEntityFields","Value":"{\"Enrichment Data\":true,\"Relation Data\":true,\"Fields\":\"id,name,manual_review,confidence_score,[Manual IOC - JIRA Issue Creation Input Block.Extract Input.JsonResult| \\\"data.ioc_fields\\\"]\"}"},{"ParentStepIdentifier":"a282fc87-0841-4ac7-8529-280289157501","ParentWorkflowIdentifier":"03225866-4b3d-4a75-878e-a43681ade1b1","Name":"SelectedScopeName","Value":"All entities"},{"ParentStepIdentifier":"a282fc87-0841-4ac7-8529-280289157501","ParentWorkflowIdentifier":"03225866-4b3d-4a75-878e-a43681ade1b1","Name":"UseEntitiesLoopScope","Value":"true"}],"AutoSkipOnFailure":false,"IsDebugMockData":false,"StepDebugData":null,"ParentStepContainerId":null,"IsTouchedByAi":false,"StartLoopStepIdentifier":"2f6ba92d-dc7b-4172-a1ce-dee57ab45a44","ParallelActions":[]},{"Identifier":"d0a704ef-b597-4409-89a7-0986b1176daa","OriginalStepIdentifier":"4649546e-1fbc-467f-908d-0176e4f58351","ParentWorkflowIdentifier":"03225866-4b3d-4a75-878e-a43681ade1b1","ParentStepIdentifiers":["a282fc87-0841-4ac7-8529-280289157501"],"ParentStepIdentifier":"a282fc87-0841-4ac7-8529-280289157501","PreviousResultCondition":"{}","InstanceName":"Check Condition","IsAutomatic":true,"Name":"Condition","IsSkippable":false,"Description":"This condition determines the progress of the playbook. Conditions are built based on cases data (cases, alerts, vents, entities and environment properties) as-well as data that comes back from previous playbook steps.","ActionProvider":"Flow","ActionName":"IfFlowCondition","Type":4,"Integration":"Flow","Parameters":[{"ParentStepIdentifier":"d0a704ef-b597-4409-89a7-0986b1176daa","ParentWorkflowIdentifier":"03225866-4b3d-4a75-878e-a43681ade1b1","Name":"AssignedUsers","Value":null},{"ParentStepIdentifier":"d0a704ef-b597-4409-89a7-0986b1176daa","ParentWorkflowIdentifier":"03225866-4b3d-4a75-878e-a43681ade1b1","Name":"Branches","Value":"[{\"LogicalOperator\":0,\"Conditions\":[{\"Operator\":0,\"FieldName\":\"[Cyware Intel Exchange_Get IOC Details_1.JsonResult| \\\"results.manual_review\\\" | toLower()]\",\"Type\":7,\"Value\":\"true\",\"CustomOperatorName\":null},{\"Operator\":3,\"FieldName\":\"[Cyware Intel Exchange_Get IOC Details_1.JsonResult| \\\"results.confidence_score\\\"]\",\"Type\":7,\"Value\":\"69\",\"CustomOperatorName\":null}],\"Order\":1,\"IsDefaultBranch\":false,\"Name\":\"Branch\"},{\"LogicalOperator\":0,\"Conditions\":[],\"Order\":2,\"IsDefaultBranch\":true,\"Name\":\"Branch\"}]"},{"ParentStepIdentifier":"d0a704ef-b597-4409-89a7-0986b1176daa","ParentWorkflowIdentifier":"03225866-4b3d-4a75-878e-a43681ade1b1","Name":"ErrorFallbackBranch","Value":null},{"ParentStepIdentifier":"d0a704ef-b597-4409-89a7-0986b1176daa","ParentWorkflowIdentifier":"03225866-4b3d-4a75-878e-a43681ade1b1","Name":"HasApprovalLink","Value":null},{"ParentStepIdentifier":"d0a704ef-b597-4409-89a7-0986b1176daa","ParentWorkflowIdentifier":"03225866-4b3d-4a75-878e-a43681ade1b1","Name":"MessageToAssignee","Value":null},{"ParentStepIdentifier":"d0a704ef-b597-4409-89a7-0986b1176daa","ParentWorkflowIdentifier":"03225866-4b3d-4a75-878e-a43681ade1b1","Name":"PendingActionTimeout","Value":null},{"ParentStepIdentifier":"d0a704ef-b597-4409-89a7-0986b1176daa","ParentWorkflowIdentifier":"03225866-4b3d-4a75-878e-a43681ade1b1","Name":"SelectedScopeName","Value":"All entities"},{"ParentStepIdentifier":"d0a704ef-b597-4409-89a7-0986b1176daa","ParentWorkflowIdentifier":"03225866-4b3d-4a75-878e-a43681ade1b1","Name":"UseEntitiesLoopScope","Value":"true"}],"AutoSkipOnFailure":false,"IsDebugMockData":false,"StepDebugData":null,"ParentStepContainerId":null,"IsTouchedByAi":false,"StartLoopStepIdentifier":"2f6ba92d-dc7b-4172-a1ce-dee57ab45a44","ParallelActions":[]},{"Identifier":"fc50f1fb-cce8-4d53-bc1a-fbe63d690131","OriginalStepIdentifier":"3eca5dcb-1379-4b46-86c1-b306d667c25b","ParentWorkflowIdentifier":"03225866-4b3d-4a75-878e-a43681ade1b1","ParentStepIdentifiers":["d0a704ef-b597-4409-89a7-0986b1176daa","364b783d-322a-4038-81a1-045d41ab6b56"],"ParentStepIdentifier":"d0a704ef-b597-4409-89a7-0986b1176daa;364b783d-322a-4038-81a1-045d41ab6b56","PreviousResultCondition":"{\"d0a704ef-b597-4409-89a7-0986b1176daa\":\"2\"}","InstanceName":"For Each Loop_1_End","IsAutomatic":true,"Name":"For Each Loop","IsSkippable":false,"Description":"This returns the results of the loop","ActionProvider":"Flow","ActionName":"ForEachEndLoop","Type":9,"Integration":"Loop","Parameters":[],"AutoSkipOnFailure":false,"IsDebugMockData":false,"StepDebugData":null,"ParentStepContainerId":null,"IsTouchedByAi":false,"StartLoopStepIdentifier":"2f6ba92d-dc7b-4172-a1ce-dee57ab45a44","ParallelActions":[]}],"Triggers":[{"Identifier":"f7d1c147-b798-4309-a769-e85b32d9a717","IsEnabled":false,"DefinitionIdentifier":"03225866-4b3d-4a75-878e-a43681ade1b1","Type":3,"WorkflowName":null,"LogicalOperator":0,"Conditions":[{"FieldName":"","MatchType":0,"Value":"Cyware Intel Exchange","CustomOperatorName":null}],"ReactionLogicalOperator":1,"ReactionConditions":null,"Environments":["*"]}],"OverviewTemplates":[],"Permissions":[],"Environments":["*"]}}