{"CategoryName":"CywareIntelExchangePlaybooks","OverviewTemplatesDetails":[],"WidgetTemplates":[],"Definition":{"Identifier":"ec5441e1-92bb-4c96-8581-203b88d69759","IsEnable":false,"Version":0.0,"IsArchived":false,"IsAutomatic":true,"Name":"Dynamic Tags Classification on IOCs - Cyware Intel Exchange","Category":12,"Description":"This playbook is designed to add tags to IOC based on Confidence Score.","ExecutionScope":1,"Priority":2,"Creator":"2ad92bfc-4521-467b-afef-7163569481dc","VersionCreator":null,"VersionComment":null,"OriginalWorkflowIdentifier":"8e8d7c34-62b7-4bf0-a7f7-47ac0883a137","TemplateName":null,"PlaybookType":0,"IsDebugMode":false,"DebugBaseAlertIdentifier":null,"DebugAlertIdentifier":null,"SimulationClone":false,"DefaultAccessLevel":2,"CreationSource":1,"Steps":[{"Identifier":"0a93b877-5705-438e-a6bb-940ff87e83a4","OriginalStepIdentifier":"6e4ecfd9-81e9-45b7-83cb-6a74d3582dc7","ParentWorkflowIdentifier":"ec5441e1-92bb-4c96-8581-203b88d69759","ParentStepIdentifiers":["7d8a0ecb-f965-4e6c-91f1-e774421571a7"],"ParentStepIdentifier":"7d8a0ecb-f965-4e6c-91f1-e774421571a7","PreviousResultCondition":"{\n  \"7d8a0ecb-f965-4e6c-91f1-e774421571a7\": \"1\"\n}","InstanceName":"Manage Tags in IOCs - high","IsAutomatic":true,"Name":"Cyware Intel Exchange_Manage Tags in IOCs","IsSkippable":false,"Description":"This action is used to perform add/remove tags operation on IOCs.","ActionProvider":"Scripts","ActionName":"Cyware Intel Exchange_Manage Tags in IOCs","Type":0,"Integration":"Cyware Intel Exchange","Parameters":[{"ParentStepIdentifier":"0a93b877-5705-438e-a6bb-940ff87e83a4","ParentWorkflowIdentifier":"ec5441e1-92bb-4c96-8581-203b88d69759","Name":"AssignedUsers","Value":null},{"ParentStepIdentifier":"0a93b877-5705-438e-a6bb-940ff87e83a4","ParentWorkflowIdentifier":"ec5441e1-92bb-4c96-8581-203b88d69759","Name":"DynamicInjectionInstancePlaceholder","Value":""},{"ParentStepIdentifier":"0a93b877-5705-438e-a6bb-940ff87e83a4","ParentWorkflowIdentifier":"ec5441e1-92bb-4c96-8581-203b88d69759","Name":"FallbackIntegrationInstance","Value":null},{"ParentStepIdentifier":"0a93b877-5705-438e-a6bb-940ff87e83a4","ParentWorkflowIdentifier":"ec5441e1-92bb-4c96-8581-203b88d69759","Name":"FetchInstanceByName","Value":"false"},{"ParentStepIdentifier":"0a93b877-5705-438e-a6bb-940ff87e83a4","ParentWorkflowIdentifier":"ec5441e1-92bb-4c96-8581-203b88d69759","Name":"HasApprovalLink","Value":null},{"ParentStepIdentifier":"0a93b877-5705-438e-a6bb-940ff87e83a4","ParentWorkflowIdentifier":"ec5441e1-92bb-4c96-8581-203b88d69759","Name":"IntegrationInstance","Value":"AutomaticEnvironment"},{"ParentStepIdentifier":"0a93b877-5705-438e-a6bb-940ff87e83a4","ParentWorkflowIdentifier":"ec5441e1-92bb-4c96-8581-203b88d69759","Name":"MessageToAssignee","Value":null},{"ParentStepIdentifier":"0a93b877-5705-438e-a6bb-940ff87e83a4","ParentWorkflowIdentifier":"ec5441e1-92bb-4c96-8581-203b88d69759","Name":"PendingActionTimeout","Value":null},{"ParentStepIdentifier":"0a93b877-5705-438e-a6bb-940ff87e83a4","ParentWorkflowIdentifier":"ec5441e1-92bb-4c96-8581-203b88d69759","Name":"RetryConfiguration","Value":"{\"Enabled\":false,\"IntervalInSeconds\":30,\"NumberOfRetries\":1}"},{"ParentStepIdentifier":"0a93b877-5705-438e-a6bb-940ff87e83a4","ParentWorkflowIdentifier":"ec5441e1-92bb-4c96-8581-203b88d69759","Name":"ScriptName","Value":"Cyware Intel Exchange_Manage Tags in IOCs"},{"ParentStepIdentifier":"0a93b877-5705-438e-a6bb-940ff87e83a4","ParentWorkflowIdentifier":"ec5441e1-92bb-4c96-8581-203b88d69759","Name":"ScriptParametersEntityFields","Value":"{\"Tags\":\"High Risk - Google SecOps\",\"Operation Type\":\"Add Tag\"}"},{"ParentStepIdentifier":"0a93b877-5705-438e-a6bb-940ff87e83a4","ParentWorkflowIdentifier":"ec5441e1-92bb-4c96-8581-203b88d69759","Name":"SelectedScopeName","Value":"All entities"},{"ParentStepIdentifier":"0a93b877-5705-438e-a6bb-940ff87e83a4","ParentWorkflowIdentifier":"ec5441e1-92bb-4c96-8581-203b88d69759","Name":"UseEntitiesLoopScope","Value":"true"}],"AutoSkipOnFailure":false,"IsDebugMockData":false,"StepDebugData":{"CreationTimeUnixTimeInMs":0,"ModificationTimeUnixTimeInMs":0,"OriginalWorkflowIdentifier":"8e8d7c34-62b7-4bf0-a7f7-47ac0883a137","OriginalStepIdentifier":"6e4ecfd9-81e9-45b7-83cb-6a74d3582dc7","ResultValue":"","ResultJson":"","ScopeEntitiesEnrichmentData":[],"ScopeEntitiesEnrichmentDataJson":"[]"},"ParentStepContainerId":null,"IsTouchedByAi":false,"StartLoopStepIdentifier":"1d16ad08-9c23-48de-a856-72bd646f3be1","ParallelActions":[]},{"Identifier":"1186e21c-10b7-41f2-ba01-d008f5da739c","OriginalStepIdentifier":"ef99fc47-eab6-448a-8caf-45447095161e","ParentWorkflowIdentifier":"ec5441e1-92bb-4c96-8581-203b88d69759","ParentStepIdentifiers":["7d8a0ecb-f965-4e6c-91f1-e774421571a7"],"ParentStepIdentifier":"7d8a0ecb-f965-4e6c-91f1-e774421571a7","PreviousResultCondition":"{\n  \"7d8a0ecb-f965-4e6c-91f1-e774421571a7\": \"3\"\n}","InstanceName":"Case Comment_4","IsAutomatic":true,"Name":"Siemplify_Case Comment","IsSkippable":false,"Description":"Add a comment to the case the current alert has been grouped to","ActionProvider":"Scripts","ActionName":"Siemplify_Case Comment","Type":0,"Integration":"Siemplify","Parameters":[{"ParentStepIdentifier":"1186e21c-10b7-41f2-ba01-d008f5da739c","ParentWorkflowIdentifier":"ec5441e1-92bb-4c96-8581-203b88d69759","Name":"AssignedUsers","Value":null},{"ParentStepIdentifier":"1186e21c-10b7-41f2-ba01-d008f5da739c","ParentWorkflowIdentifier":"ec5441e1-92bb-4c96-8581-203b88d69759","Name":"DynamicInjectionInstancePlaceholder","Value":""},{"ParentStepIdentifier":"1186e21c-10b7-41f2-ba01-d008f5da739c","ParentWorkflowIdentifier":"ec5441e1-92bb-4c96-8581-203b88d69759","Name":"FallbackIntegrationInstance","Value":null},{"ParentStepIdentifier":"1186e21c-10b7-41f2-ba01-d008f5da739c","ParentWorkflowIdentifier":"ec5441e1-92bb-4c96-8581-203b88d69759","Name":"FetchInstanceByName","Value":"false"},{"ParentStepIdentifier":"1186e21c-10b7-41f2-ba01-d008f5da739c","ParentWorkflowIdentifier":"ec5441e1-92bb-4c96-8581-203b88d69759","Name":"HasApprovalLink","Value":"false"},{"ParentStepIdentifier":"1186e21c-10b7-41f2-ba01-d008f5da739c","ParentWorkflowIdentifier":"ec5441e1-92bb-4c96-8581-203b88d69759","Name":"IntegrationInstance","Value":"AutomaticEnvironment"},{"ParentStepIdentifier":"1186e21c-10b7-41f2-ba01-d008f5da739c","ParentWorkflowIdentifier":"ec5441e1-92bb-4c96-8581-203b88d69759","Name":"MessageToAssignee","Value":null},{"ParentStepIdentifier":"1186e21c-10b7-41f2-ba01-d008f5da739c","ParentWorkflowIdentifier":"ec5441e1-92bb-4c96-8581-203b88d69759","Name":"PendingActionTimeout","Value":null},{"ParentStepIdentifier":"1186e21c-10b7-41f2-ba01-d008f5da739c","ParentWorkflowIdentifier":"ec5441e1-92bb-4c96-8581-203b88d69759","Name":"RetryConfiguration","Value":"{\"Enabled\":false,\"IntervalInSeconds\":30,\"NumberOfRetries\":1}"},{"ParentStepIdentifier":"1186e21c-10b7-41f2-ba01-d008f5da739c","ParentWorkflowIdentifier":"ec5441e1-92bb-4c96-8581-203b88d69759","Name":"ScriptName","Value":"Siemplify_Case Comment"},{"ParentStepIdentifier":"1186e21c-10b7-41f2-ba01-d008f5da739c","ParentWorkflowIdentifier":"ec5441e1-92bb-4c96-8581-203b88d69759","Name":"ScriptParametersEntityFields","Value":"{\"Comment\":\"No tag has been added for the IOC - [Loop.Entity.Identifier] on Cyware Intel Exchange as the confidence score is 0.\"}"},{"ParentStepIdentifier":"1186e21c-10b7-41f2-ba01-d008f5da739c","ParentWorkflowIdentifier":"ec5441e1-92bb-4c96-8581-203b88d69759","Name":"SelectedScopeName","Value":"All entities"},{"ParentStepIdentifier":"1186e21c-10b7-41f2-ba01-d008f5da739c","ParentWorkflowIdentifier":"ec5441e1-92bb-4c96-8581-203b88d69759","Name":"UseEntitiesLoopScope","Value":"true"}],"AutoSkipOnFailure":false,"IsDebugMockData":false,"StepDebugData":null,"ParentStepContainerId":null,"IsTouchedByAi":false,"StartLoopStepIdentifier":"1d16ad08-9c23-48de-a856-72bd646f3be1","ParallelActions":[]},{"Identifier":"15570b23-1f3a-4041-b569-239378a26215","OriginalStepIdentifier":"6ee45d23-ffe6-48d7-aea9-78ce95f5c987","ParentWorkflowIdentifier":"ec5441e1-92bb-4c96-8581-203b88d69759","ParentStepIdentifiers":["d8531ab9-6659-4aa6-8b9d-f47ba8b16a2b"],"ParentStepIdentifier":"d8531ab9-6659-4aa6-8b9d-f47ba8b16a2b","PreviousResultCondition":"{}","InstanceName":"Check Tag added - low","IsAutomatic":true,"Name":"Condition","IsSkippable":false,"Description":"This condition determines the progress of the playbook. Conditions are built based on cases data (cases, alerts, vents, entities and environment properties) as-well as data that comes back from previous playbook steps.","ActionProvider":"Flow","ActionName":"IfFlowCondition","Type":4,"Integration":"Flow","Parameters":[{"ParentStepIdentifier":"15570b23-1f3a-4041-b569-239378a26215","ParentWorkflowIdentifier":"ec5441e1-92bb-4c96-8581-203b88d69759","Name":"AssignedUsers","Value":null},{"ParentStepIdentifier":"15570b23-1f3a-4041-b569-239378a26215","ParentWorkflowIdentifier":"ec5441e1-92bb-4c96-8581-203b88d69759","Name":"Branches","Value":"[{\"LogicalOperator\":0,\"Conditions\":[{\"Operator\":1,\"FieldName\":\"[Manage Tags in IOCs - low.JsonResult| \\\"message\\\"]\",\"Type\":7,\"Value\":\"Action Successfully Executed\",\"CustomOperatorName\":null}],\"Order\":1,\"IsDefaultBranch\":false,\"Name\":\"Is tag added\"},{\"LogicalOperator\":0,\"Conditions\":[],\"Order\":2,\"IsDefaultBranch\":true,\"Name\":\"Branch\"}]"},{"ParentStepIdentifier":"15570b23-1f3a-4041-b569-239378a26215","ParentWorkflowIdentifier":"ec5441e1-92bb-4c96-8581-203b88d69759","Name":"ErrorFallbackBranch","Value":null},{"ParentStepIdentifier":"15570b23-1f3a-4041-b569-239378a26215","ParentWorkflowIdentifier":"ec5441e1-92bb-4c96-8581-203b88d69759","Name":"HasApprovalLink","Value":"false"},{"ParentStepIdentifier":"15570b23-1f3a-4041-b569-239378a26215","ParentWorkflowIdentifier":"ec5441e1-92bb-4c96-8581-203b88d69759","Name":"MessageToAssignee","Value":null},{"ParentStepIdentifier":"15570b23-1f3a-4041-b569-239378a26215","ParentWorkflowIdentifier":"ec5441e1-92bb-4c96-8581-203b88d69759","Name":"PendingActionTimeout","Value":null},{"ParentStepIdentifier":"15570b23-1f3a-4041-b569-239378a26215","ParentWorkflowIdentifier":"ec5441e1-92bb-4c96-8581-203b88d69759","Name":"SelectedScopeName","Value":"All entities"},{"ParentStepIdentifier":"15570b23-1f3a-4041-b569-239378a26215","ParentWorkflowIdentifier":"ec5441e1-92bb-4c96-8581-203b88d69759","Name":"UseEntitiesLoopScope","Value":"true"}],"AutoSkipOnFailure":false,"IsDebugMockData":false,"StepDebugData":null,"ParentStepContainerId":null,"IsTouchedByAi":false,"StartLoopStepIdentifier":"1d16ad08-9c23-48de-a856-72bd646f3be1","ParallelActions":[]},{"Identifier":"15b5bc1a-2ae8-4a69-ada2-aa56de15b374","OriginalStepIdentifier":"bfe8a8d3-3929-4418-8734-970dbfc7a316","ParentWorkflowIdentifier":"ec5441e1-92bb-4c96-8581-203b88d69759","ParentStepIdentifiers":["7d8a0ecb-f965-4e6c-91f1-e774421571a7"],"ParentStepIdentifier":"7d8a0ecb-f965-4e6c-91f1-e774421571a7","PreviousResultCondition":"{\n  \"7d8a0ecb-f965-4e6c-91f1-e774421571a7\": \"4\"\n}","InstanceName":"Manage Tags in IOCs - medium","IsAutomatic":true,"Name":"Cyware Intel Exchange_Manage Tags in IOCs","IsSkippable":false,"Description":"This action is used to perform add/remove tags operation on IOCs.","ActionProvider":"Scripts","ActionName":"Cyware Intel Exchange_Manage Tags in IOCs","Type":0,"Integration":"Cyware Intel Exchange","Parameters":[{"ParentStepIdentifier":"15b5bc1a-2ae8-4a69-ada2-aa56de15b374","ParentWorkflowIdentifier":"ec5441e1-92bb-4c96-8581-203b88d69759","Name":"AssignedUsers","Value":null},{"ParentStepIdentifier":"15b5bc1a-2ae8-4a69-ada2-aa56de15b374","ParentWorkflowIdentifier":"ec5441e1-92bb-4c96-8581-203b88d69759","Name":"DynamicInjectionInstancePlaceholder","Value":""},{"ParentStepIdentifier":"15b5bc1a-2ae8-4a69-ada2-aa56de15b374","ParentWorkflowIdentifier":"ec5441e1-92bb-4c96-8581-203b88d69759","Name":"FallbackIntegrationInstance","Value":null},{"ParentStepIdentifier":"15b5bc1a-2ae8-4a69-ada2-aa56de15b374","ParentWorkflowIdentifier":"ec5441e1-92bb-4c96-8581-203b88d69759","Name":"FetchInstanceByName","Value":"false"},{"ParentStepIdentifier":"15b5bc1a-2ae8-4a69-ada2-aa56de15b374","ParentWorkflowIdentifier":"ec5441e1-92bb-4c96-8581-203b88d69759","Name":"HasApprovalLink","Value":"false"},{"ParentStepIdentifier":"15b5bc1a-2ae8-4a69-ada2-aa56de15b374","ParentWorkflowIdentifier":"ec5441e1-92bb-4c96-8581-203b88d69759","Name":"IntegrationInstance","Value":"AutomaticEnvironment"},{"ParentStepIdentifier":"15b5bc1a-2ae8-4a69-ada2-aa56de15b374","ParentWorkflowIdentifier":"ec5441e1-92bb-4c96-8581-203b88d69759","Name":"MessageToAssignee","Value":null},{"ParentStepIdentifier":"15b5bc1a-2ae8-4a69-ada2-aa56de15b374","ParentWorkflowIdentifier":"ec5441e1-92bb-4c96-8581-203b88d69759","Name":"PendingActionTimeout","Value":null},{"ParentStepIdentifier":"15b5bc1a-2ae8-4a69-ada2-aa56de15b374","ParentWorkflowIdentifier":"ec5441e1-92bb-4c96-8581-203b88d69759","Name":"RetryConfiguration","Value":"{\"Enabled\":false,\"IntervalInSeconds\":30,\"NumberOfRetries\":1}"},{"ParentStepIdentifier":"15b5bc1a-2ae8-4a69-ada2-aa56de15b374","ParentWorkflowIdentifier":"ec5441e1-92bb-4c96-8581-203b88d69759","Name":"ScriptName","Value":"Cyware Intel Exchange_Manage Tags in IOCs"},{"ParentStepIdentifier":"15b5bc1a-2ae8-4a69-ada2-aa56de15b374","ParentWorkflowIdentifier":"ec5441e1-92bb-4c96-8581-203b88d69759","Name":"ScriptParametersEntityFields","Value":"{\"Tags\":\"Medium Risk - Google SecOps\",\"Operation Type\":\"Add Tag\"}"},{"ParentStepIdentifier":"15b5bc1a-2ae8-4a69-ada2-aa56de15b374","ParentWorkflowIdentifier":"ec5441e1-92bb-4c96-8581-203b88d69759","Name":"SelectedScopeName","Value":"All entities"},{"ParentStepIdentifier":"15b5bc1a-2ae8-4a69-ada2-aa56de15b374","ParentWorkflowIdentifier":"ec5441e1-92bb-4c96-8581-203b88d69759","Name":"UseEntitiesLoopScope","Value":"true"}],"AutoSkipOnFailure":false,"IsDebugMockData":false,"StepDebugData":{"CreationTimeUnixTimeInMs":0,"ModificationTimeUnixTimeInMs":0,"OriginalWorkflowIdentifier":"8e8d7c34-62b7-4bf0-a7f7-47ac0883a137","OriginalStepIdentifier":"bfe8a8d3-3929-4418-8734-970dbfc7a316","ResultValue":"","ResultJson":"","ScopeEntitiesEnrichmentData":[],"ScopeEntitiesEnrichmentDataJson":"[]"},"ParentStepContainerId":null,"IsTouchedByAi":false,"StartLoopStepIdentifier":"1d16ad08-9c23-48de-a856-72bd646f3be1","ParallelActions":[]},{"Identifier":"1d16ad08-9c23-48de-a856-72bd646f3be1","OriginalStepIdentifier":"4bea1268-a695-4111-8f22-72526e7d98f7","ParentWorkflowIdentifier":"ec5441e1-92bb-4c96-8581-203b88d69759","ParentStepIdentifiers":[],"ParentStepIdentifier":"","PreviousResultCondition":null,"InstanceName":"For Each Loop_1_Start","IsAutomatic":true,"Name":"For Each Loop","IsSkippable":false,"Description":"Use a for-each loop to iterate over an array of entities, events or list items and execute action or series of actions","ActionProvider":"Flow","ActionName":"ForEachStartLoop","Type":8,"Integration":"Loop","Parameters":[{"ParentStepIdentifier":"1d16ad08-9c23-48de-a856-72bd646f3be1","ParentWorkflowIdentifier":"ec5441e1-92bb-4c96-8581-203b88d69759","Name":"AssignedUsers","Value":null},{"ParentStepIdentifier":"1d16ad08-9c23-48de-a856-72bd646f3be1","ParentWorkflowIdentifier":"ec5441e1-92bb-4c96-8581-203b88d69759","Name":"EndLoopStepIdentifier","Value":"655faa6f-4b74-4954-8794-09da2ac9e295"},{"ParentStepIdentifier":"1d16ad08-9c23-48de-a856-72bd646f3be1","ParentWorkflowIdentifier":"ec5441e1-92bb-4c96-8581-203b88d69759","Name":"HasApprovalLink","Value":null},{"ParentStepIdentifier":"1d16ad08-9c23-48de-a856-72bd646f3be1","ParentWorkflowIdentifier":"ec5441e1-92bb-4c96-8581-203b88d69759","Name":"ListLoopDelimiter","Value":","},{"ParentStepIdentifier":"1d16ad08-9c23-48de-a856-72bd646f3be1","ParentWorkflowIdentifier":"ec5441e1-92bb-4c96-8581-203b88d69759","Name":"ListLoopItems","Value":null},{"ParentStepIdentifier":"1d16ad08-9c23-48de-a856-72bd646f3be1","ParentWorkflowIdentifier":"ec5441e1-92bb-4c96-8581-203b88d69759","Name":"LoopType","Value":"1"},{"ParentStepIdentifier":"1d16ad08-9c23-48de-a856-72bd646f3be1","ParentWorkflowIdentifier":"ec5441e1-92bb-4c96-8581-203b88d69759","Name":"MessageToAssignee","Value":null},{"ParentStepIdentifier":"1d16ad08-9c23-48de-a856-72bd646f3be1","ParentWorkflowIdentifier":"ec5441e1-92bb-4c96-8581-203b88d69759","Name":"PendingActionTimeout","Value":null},{"ParentStepIdentifier":"1d16ad08-9c23-48de-a856-72bd646f3be1","ParentWorkflowIdentifier":"ec5441e1-92bb-4c96-8581-203b88d69759","Name":"SelectedScopeName","Value":"All entities"}],"AutoSkipOnFailure":false,"IsDebugMockData":false,"StepDebugData":null,"ParentStepContainerId":null,"IsTouchedByAi":false,"StartLoopStepIdentifier":"1d16ad08-9c23-48de-a856-72bd646f3be1","ParallelActions":[]},{"Identifier":"275dec92-a1f5-404e-9f1e-dc5fc8d90cb9","OriginalStepIdentifier":"a2e6613c-c268-4fb2-9b06-e70fb9e2d59b","ParentWorkflowIdentifier":"ec5441e1-92bb-4c96-8581-203b88d69759","ParentStepIdentifiers":["0a93b877-5705-438e-a6bb-940ff87e83a4"],"ParentStepIdentifier":"0a93b877-5705-438e-a6bb-940ff87e83a4","PreviousResultCondition":"{}","InstanceName":"Check Tag added - high","IsAutomatic":true,"Name":"Condition","IsSkippable":false,"Description":"This condition determines the progress of the playbook. Conditions are built based on cases data (cases, alerts, vents, entities and environment properties) as-well as data that comes back from previous playbook steps.","ActionProvider":"Flow","ActionName":"IfFlowCondition","Type":4,"Integration":"Flow","Parameters":[{"ParentStepIdentifier":"275dec92-a1f5-404e-9f1e-dc5fc8d90cb9","ParentWorkflowIdentifier":"ec5441e1-92bb-4c96-8581-203b88d69759","Name":"AssignedUsers","Value":null},{"ParentStepIdentifier":"275dec92-a1f5-404e-9f1e-dc5fc8d90cb9","ParentWorkflowIdentifier":"ec5441e1-92bb-4c96-8581-203b88d69759","Name":"Branches","Value":"[{\"LogicalOperator\":0,\"Conditions\":[{\"Operator\":1,\"FieldName\":\"[Manage Tags in IOCs - high.JsonResult| \\\"message\\\"]\",\"Type\":7,\"Value\":\"Action Successfully Executed\",\"CustomOperatorName\":null}],\"Order\":1,\"IsDefaultBranch\":false,\"Name\":\"Is tag added\"},{\"LogicalOperator\":0,\"Conditions\":[],\"Order\":2,\"IsDefaultBranch\":true,\"Name\":\"Branch\"}]"},{"ParentStepIdentifier":"275dec92-a1f5-404e-9f1e-dc5fc8d90cb9","ParentWorkflowIdentifier":"ec5441e1-92bb-4c96-8581-203b88d69759","Name":"ErrorFallbackBranch","Value":null},{"ParentStepIdentifier":"275dec92-a1f5-404e-9f1e-dc5fc8d90cb9","ParentWorkflowIdentifier":"ec5441e1-92bb-4c96-8581-203b88d69759","Name":"HasApprovalLink","Value":null},{"ParentStepIdentifier":"275dec92-a1f5-404e-9f1e-dc5fc8d90cb9","ParentWorkflowIdentifier":"ec5441e1-92bb-4c96-8581-203b88d69759","Name":"MessageToAssignee","Value":null},{"ParentStepIdentifier":"275dec92-a1f5-404e-9f1e-dc5fc8d90cb9","ParentWorkflowIdentifier":"ec5441e1-92bb-4c96-8581-203b88d69759","Name":"PendingActionTimeout","Value":null},{"ParentStepIdentifier":"275dec92-a1f5-404e-9f1e-dc5fc8d90cb9","ParentWorkflowIdentifier":"ec5441e1-92bb-4c96-8581-203b88d69759","Name":"SelectedScopeName","Value":"All entities"},{"ParentStepIdentifier":"275dec92-a1f5-404e-9f1e-dc5fc8d90cb9","ParentWorkflowIdentifier":"ec5441e1-92bb-4c96-8581-203b88d69759","Name":"UseEntitiesLoopScope","Value":"true"}],"AutoSkipOnFailure":false,"IsDebugMockData":false,"StepDebugData":null,"ParentStepContainerId":null,"IsTouchedByAi":false,"StartLoopStepIdentifier":"1d16ad08-9c23-48de-a856-72bd646f3be1","ParallelActions":[]},{"Identifier":"2ccbfef7-3f20-409f-b3de-a031cfd1dbde","OriginalStepIdentifier":"3d704064-b078-4d74-a8fa-bde05d8aec7c","ParentWorkflowIdentifier":"ec5441e1-92bb-4c96-8581-203b88d69759","ParentStepIdentifiers":["9242cfc3-1233-443d-b61e-79fccb74a806"],"ParentStepIdentifier":"9242cfc3-1233-443d-b61e-79fccb74a806","PreviousResultCondition":"{\n  \"9242cfc3-1233-443d-b61e-79fccb74a806\": \"1\"\n}","InstanceName":"Case Comment_2","IsAutomatic":true,"Name":"Siemplify_Case Comment","IsSkippable":false,"Description":"Add a comment to the case the current alert has been grouped to","ActionProvider":"Scripts","ActionName":"Siemplify_Case Comment","Type":0,"Integration":"Siemplify","Parameters":[{"ParentStepIdentifier":"2ccbfef7-3f20-409f-b3de-a031cfd1dbde","ParentWorkflowIdentifier":"ec5441e1-92bb-4c96-8581-203b88d69759","Name":"AssignedUsers","Value":null},{"ParentStepIdentifier":"2ccbfef7-3f20-409f-b3de-a031cfd1dbde","ParentWorkflowIdentifier":"ec5441e1-92bb-4c96-8581-203b88d69759","Name":"DynamicInjectionInstancePlaceholder","Value":""},{"ParentStepIdentifier":"2ccbfef7-3f20-409f-b3de-a031cfd1dbde","ParentWorkflowIdentifier":"ec5441e1-92bb-4c96-8581-203b88d69759","Name":"FallbackIntegrationInstance","Value":null},{"ParentStepIdentifier":"2ccbfef7-3f20-409f-b3de-a031cfd1dbde","ParentWorkflowIdentifier":"ec5441e1-92bb-4c96-8581-203b88d69759","Name":"FetchInstanceByName","Value":"false"},{"ParentStepIdentifier":"2ccbfef7-3f20-409f-b3de-a031cfd1dbde","ParentWorkflowIdentifier":"ec5441e1-92bb-4c96-8581-203b88d69759","Name":"HasApprovalLink","Value":"false"},{"ParentStepIdentifier":"2ccbfef7-3f20-409f-b3de-a031cfd1dbde","ParentWorkflowIdentifier":"ec5441e1-92bb-4c96-8581-203b88d69759","Name":"IntegrationInstance","Value":"AutomaticEnvironment"},{"ParentStepIdentifier":"2ccbfef7-3f20-409f-b3de-a031cfd1dbde","ParentWorkflowIdentifier":"ec5441e1-92bb-4c96-8581-203b88d69759","Name":"MessageToAssignee","Value":null},{"ParentStepIdentifier":"2ccbfef7-3f20-409f-b3de-a031cfd1dbde","ParentWorkflowIdentifier":"ec5441e1-92bb-4c96-8581-203b88d69759","Name":"PendingActionTimeout","Value":null},{"ParentStepIdentifier":"2ccbfef7-3f20-409f-b3de-a031cfd1dbde","ParentWorkflowIdentifier":"ec5441e1-92bb-4c96-8581-203b88d69759","Name":"RetryConfiguration","Value":"{\"Enabled\":false,\"IntervalInSeconds\":30,\"NumberOfRetries\":1}"},{"ParentStepIdentifier":"2ccbfef7-3f20-409f-b3de-a031cfd1dbde","ParentWorkflowIdentifier":"ec5441e1-92bb-4c96-8581-203b88d69759","Name":"ScriptName","Value":"Siemplify_Case Comment"},{"ParentStepIdentifier":"2ccbfef7-3f20-409f-b3de-a031cfd1dbde","ParentWorkflowIdentifier":"ec5441e1-92bb-4c96-8581-203b88d69759","Name":"ScriptParametersEntityFields","Value":"{\"Comment\":\"Added tag \\\"Medium Risk - Google SecOps\\\" for the IOC - [Loop.Entity.Identifier] on Cyware Intel Exchange.\"}"},{"ParentStepIdentifier":"2ccbfef7-3f20-409f-b3de-a031cfd1dbde","ParentWorkflowIdentifier":"ec5441e1-92bb-4c96-8581-203b88d69759","Name":"SelectedScopeName","Value":"All entities"},{"ParentStepIdentifier":"2ccbfef7-3f20-409f-b3de-a031cfd1dbde","ParentWorkflowIdentifier":"ec5441e1-92bb-4c96-8581-203b88d69759","Name":"UseEntitiesLoopScope","Value":"true"}],"AutoSkipOnFailure":false,"IsDebugMockData":false,"StepDebugData":null,"ParentStepContainerId":null,"IsTouchedByAi":false,"StartLoopStepIdentifier":"1d16ad08-9c23-48de-a856-72bd646f3be1","ParallelActions":[]},{"Identifier":"3b254ea8-5756-4aa5-a043-b72e45e391d2","OriginalStepIdentifier":"c0f9a8d1-e70a-4308-8a02-93018c781909","ParentWorkflowIdentifier":"ec5441e1-92bb-4c96-8581-203b88d69759","ParentStepIdentifiers":["74ee6ba6-0da6-47c2-95ac-880cc8cdecf1"],"ParentStepIdentifier":"74ee6ba6-0da6-47c2-95ac-880cc8cdecf1","PreviousResultCondition":"{}","InstanceName":"Check IOC Exists","IsAutomatic":true,"Name":"Condition","IsSkippable":false,"Description":"This condition determines the progress of the playbook. Conditions are built based on cases data (cases, alerts, vents, entities and environment properties) as-well as data that comes back from previous playbook steps.","ActionProvider":"Flow","ActionName":"IfFlowCondition","Type":4,"Integration":"Flow","Parameters":[{"ParentStepIdentifier":"3b254ea8-5756-4aa5-a043-b72e45e391d2","ParentWorkflowIdentifier":"ec5441e1-92bb-4c96-8581-203b88d69759","Name":"AssignedUsers","Value":null},{"ParentStepIdentifier":"3b254ea8-5756-4aa5-a043-b72e45e391d2","ParentWorkflowIdentifier":"ec5441e1-92bb-4c96-8581-203b88d69759","Name":"Branches","Value":"[{\"LogicalOperator\":0,\"Conditions\":[{\"Operator\":8,\"FieldName\":\"[Get IOC Details.JsonResult| \\\"results\\\"]\\n\",\"Type\":7,\"Value\":\"\",\"CustomOperatorName\":null}],\"Order\":1,\"IsDefaultBranch\":false,\"Name\":\"Check IOC Exists\"},{\"LogicalOperator\":0,\"Conditions\":[],\"Order\":2,\"IsDefaultBranch\":true,\"Name\":\"Branch\"}]"},{"ParentStepIdentifier":"3b254ea8-5756-4aa5-a043-b72e45e391d2","ParentWorkflowIdentifier":"ec5441e1-92bb-4c96-8581-203b88d69759","Name":"ErrorFallbackBranch","Value":null},{"ParentStepIdentifier":"3b254ea8-5756-4aa5-a043-b72e45e391d2","ParentWorkflowIdentifier":"ec5441e1-92bb-4c96-8581-203b88d69759","Name":"HasApprovalLink","Value":null},{"ParentStepIdentifier":"3b254ea8-5756-4aa5-a043-b72e45e391d2","ParentWorkflowIdentifier":"ec5441e1-92bb-4c96-8581-203b88d69759","Name":"MessageToAssignee","Value":null},{"ParentStepIdentifier":"3b254ea8-5756-4aa5-a043-b72e45e391d2","ParentWorkflowIdentifier":"ec5441e1-92bb-4c96-8581-203b88d69759","Name":"PendingActionTimeout","Value":null},{"ParentStepIdentifier":"3b254ea8-5756-4aa5-a043-b72e45e391d2","ParentWorkflowIdentifier":"ec5441e1-92bb-4c96-8581-203b88d69759","Name":"SelectedScopeName","Value":"All entities"},{"ParentStepIdentifier":"3b254ea8-5756-4aa5-a043-b72e45e391d2","ParentWorkflowIdentifier":"ec5441e1-92bb-4c96-8581-203b88d69759","Name":"UseEntitiesLoopScope","Value":"true"}],"AutoSkipOnFailure":false,"IsDebugMockData":false,"StepDebugData":null,"ParentStepContainerId":null,"IsTouchedByAi":false,"StartLoopStepIdentifier":"1d16ad08-9c23-48de-a856-72bd646f3be1","ParallelActions":[]},{"Identifier":"60d7dc6d-27d4-4420-81d5-fa8417635e1c","OriginalStepIdentifier":"48867910-b322-4b49-9e74-45e3a6512ddf","ParentWorkflowIdentifier":"ec5441e1-92bb-4c96-8581-203b88d69759","ParentStepIdentifiers":["275dec92-a1f5-404e-9f1e-dc5fc8d90cb9"],"ParentStepIdentifier":"275dec92-a1f5-404e-9f1e-dc5fc8d90cb9","PreviousResultCondition":"{\n  \"275dec92-a1f5-404e-9f1e-dc5fc8d90cb9\": \"1\"\n}","InstanceName":"Case Comment 3","IsAutomatic":true,"Name":"Siemplify_Case Comment","IsSkippable":false,"Description":"Add a comment to the case the current alert has been grouped to","ActionProvider":"Scripts","ActionName":"Siemplify_Case Comment","Type":0,"Integration":"Siemplify","Parameters":[{"ParentStepIdentifier":"60d7dc6d-27d4-4420-81d5-fa8417635e1c","ParentWorkflowIdentifier":"ec5441e1-92bb-4c96-8581-203b88d69759","Name":"AssignedUsers","Value":null},{"ParentStepIdentifier":"60d7dc6d-27d4-4420-81d5-fa8417635e1c","ParentWorkflowIdentifier":"ec5441e1-92bb-4c96-8581-203b88d69759","Name":"DynamicInjectionInstancePlaceholder","Value":""},{"ParentStepIdentifier":"60d7dc6d-27d4-4420-81d5-fa8417635e1c","ParentWorkflowIdentifier":"ec5441e1-92bb-4c96-8581-203b88d69759","Name":"FallbackIntegrationInstance","Value":null},{"ParentStepIdentifier":"60d7dc6d-27d4-4420-81d5-fa8417635e1c","ParentWorkflowIdentifier":"ec5441e1-92bb-4c96-8581-203b88d69759","Name":"FetchInstanceByName","Value":"false"},{"ParentStepIdentifier":"60d7dc6d-27d4-4420-81d5-fa8417635e1c","ParentWorkflowIdentifier":"ec5441e1-92bb-4c96-8581-203b88d69759","Name":"HasApprovalLink","Value":"false"},{"ParentStepIdentifier":"60d7dc6d-27d4-4420-81d5-fa8417635e1c","ParentWorkflowIdentifier":"ec5441e1-92bb-4c96-8581-203b88d69759","Name":"IntegrationInstance","Value":"AutomaticEnvironment"},{"ParentStepIdentifier":"60d7dc6d-27d4-4420-81d5-fa8417635e1c","ParentWorkflowIdentifier":"ec5441e1-92bb-4c96-8581-203b88d69759","Name":"MessageToAssignee","Value":null},{"ParentStepIdentifier":"60d7dc6d-27d4-4420-81d5-fa8417635e1c","ParentWorkflowIdentifier":"ec5441e1-92bb-4c96-8581-203b88d69759","Name":"PendingActionTimeout","Value":null},{"ParentStepIdentifier":"60d7dc6d-27d4-4420-81d5-fa8417635e1c","ParentWorkflowIdentifier":"ec5441e1-92bb-4c96-8581-203b88d69759","Name":"RetryConfiguration","Value":"{\"Enabled\":false,\"IntervalInSeconds\":30,\"NumberOfRetries\":1}"},{"ParentStepIdentifier":"60d7dc6d-27d4-4420-81d5-fa8417635e1c","ParentWorkflowIdentifier":"ec5441e1-92bb-4c96-8581-203b88d69759","Name":"ScriptName","Value":"Siemplify_Case Comment"},{"ParentStepIdentifier":"60d7dc6d-27d4-4420-81d5-fa8417635e1c","ParentWorkflowIdentifier":"ec5441e1-92bb-4c96-8581-203b88d69759","Name":"ScriptParametersEntityFields","Value":"{\"Comment\":\"Added tag \\\"High Risk - Google SecOps\\\" for the IOC - [Loop.Entity.Identifier] on Cyware Intel Exchange.\"}"},{"ParentStepIdentifier":"60d7dc6d-27d4-4420-81d5-fa8417635e1c","ParentWorkflowIdentifier":"ec5441e1-92bb-4c96-8581-203b88d69759","Name":"SelectedScopeName","Value":"All entities"},{"ParentStepIdentifier":"60d7dc6d-27d4-4420-81d5-fa8417635e1c","ParentWorkflowIdentifier":"ec5441e1-92bb-4c96-8581-203b88d69759","Name":"UseEntitiesLoopScope","Value":"true"}],"AutoSkipOnFailure":false,"IsDebugMockData":false,"StepDebugData":null,"ParentStepContainerId":null,"IsTouchedByAi":false,"StartLoopStepIdentifier":"1d16ad08-9c23-48de-a856-72bd646f3be1","ParallelActions":[]},{"Identifier":"655faa6f-4b74-4954-8794-09da2ac9e295","OriginalStepIdentifier":"4b374a1f-1b33-4cac-b08d-c7f279fa318e","ParentWorkflowIdentifier":"ec5441e1-92bb-4c96-8581-203b88d69759","ParentStepIdentifiers":["9554d42d-e115-4544-9e64-330bc68f1c1b","60d7dc6d-27d4-4420-81d5-fa8417635e1c","2ccbfef7-3f20-409f-b3de-a031cfd1dbde","c1f370ca-65a9-47bf-b93b-fb1742f9f8d5","275dec92-a1f5-404e-9f1e-dc5fc8d90cb9","15570b23-1f3a-4041-b569-239378a26215","9242cfc3-1233-443d-b61e-79fccb74a806","1186e21c-10b7-41f2-ba01-d008f5da739c"],"ParentStepIdentifier":"9554d42d-e115-4544-9e64-330bc68f1c1b;60d7dc6d-27d4-4420-81d5-fa8417635e1c;2ccbfef7-3f20-409f-b3de-a031cfd1dbde;c1f370ca-65a9-47bf-b93b-fb1742f9f8d5;275dec92-a1f5-404e-9f1e-dc5fc8d90cb9;15570b23-1f3a-4041-b569-239378a26215;9242cfc3-1233-443d-b61e-79fccb74a806;1186e21c-10b7-41f2-ba01-d008f5da739c","PreviousResultCondition":"{\n  \"275dec92-a1f5-404e-9f1e-dc5fc8d90cb9\": \"2\",\n  \"15570b23-1f3a-4041-b569-239378a26215\": \"2\",\n  \"9242cfc3-1233-443d-b61e-79fccb74a806\": \"2\"\n}","InstanceName":"For Each Loop_1_End","IsAutomatic":true,"Name":"For Each Loop","IsSkippable":false,"Description":"This returns the results of the loop","ActionProvider":"Flow","ActionName":"ForEachEndLoop","Type":9,"Integration":"Loop","Parameters":[],"AutoSkipOnFailure":false,"IsDebugMockData":false,"StepDebugData":null,"ParentStepContainerId":null,"IsTouchedByAi":false,"StartLoopStepIdentifier":"1d16ad08-9c23-48de-a856-72bd646f3be1","ParallelActions":[]},{"Identifier":"74ee6ba6-0da6-47c2-95ac-880cc8cdecf1","OriginalStepIdentifier":"5fefcd74-eb1d-4033-88ea-8271f62a6d5a","ParentWorkflowIdentifier":"ec5441e1-92bb-4c96-8581-203b88d69759","ParentStepIdentifiers":["1d16ad08-9c23-48de-a856-72bd646f3be1"],"ParentStepIdentifier":"1d16ad08-9c23-48de-a856-72bd646f3be1","PreviousResultCondition":"{}","InstanceName":"Get IOC Details","IsAutomatic":true,"Name":"Cyware Intel Exchange_Get IOC Details","IsSkippable":false,"Description":"This Action performs a lookup for threat data objects in Intel Exchange and retrieves the details of the objects, such as basic details, enriched data, and relations.","ActionProvider":"Scripts","ActionName":"Cyware Intel Exchange_Get IOC Details","Type":0,"Integration":"Cyware Intel Exchange","Parameters":[{"ParentStepIdentifier":"74ee6ba6-0da6-47c2-95ac-880cc8cdecf1","ParentWorkflowIdentifier":"ec5441e1-92bb-4c96-8581-203b88d69759","Name":"AssignedUsers","Value":null},{"ParentStepIdentifier":"74ee6ba6-0da6-47c2-95ac-880cc8cdecf1","ParentWorkflowIdentifier":"ec5441e1-92bb-4c96-8581-203b88d69759","Name":"DynamicInjectionInstancePlaceholder","Value":""},{"ParentStepIdentifier":"74ee6ba6-0da6-47c2-95ac-880cc8cdecf1","ParentWorkflowIdentifier":"ec5441e1-92bb-4c96-8581-203b88d69759","Name":"FallbackIntegrationInstance","Value":null},{"ParentStepIdentifier":"74ee6ba6-0da6-47c2-95ac-880cc8cdecf1","ParentWorkflowIdentifier":"ec5441e1-92bb-4c96-8581-203b88d69759","Name":"FetchInstanceByName","Value":"false"},{"ParentStepIdentifier":"74ee6ba6-0da6-47c2-95ac-880cc8cdecf1","ParentWorkflowIdentifier":"ec5441e1-92bb-4c96-8581-203b88d69759","Name":"HasApprovalLink","Value":null},{"ParentStepIdentifier":"74ee6ba6-0da6-47c2-95ac-880cc8cdecf1","ParentWorkflowIdentifier":"ec5441e1-92bb-4c96-8581-203b88d69759","Name":"IntegrationInstance","Value":"AutomaticEnvironment"},{"ParentStepIdentifier":"74ee6ba6-0da6-47c2-95ac-880cc8cdecf1","ParentWorkflowIdentifier":"ec5441e1-92bb-4c96-8581-203b88d69759","Name":"MessageToAssignee","Value":null},{"ParentStepIdentifier":"74ee6ba6-0da6-47c2-95ac-880cc8cdecf1","ParentWorkflowIdentifier":"ec5441e1-92bb-4c96-8581-203b88d69759","Name":"PendingActionTimeout","Value":null},{"ParentStepIdentifier":"74ee6ba6-0da6-47c2-95ac-880cc8cdecf1","ParentWorkflowIdentifier":"ec5441e1-92bb-4c96-8581-203b88d69759","Name":"RetryConfiguration","Value":"{\"Enabled\":false,\"IntervalInSeconds\":30,\"NumberOfRetries\":1}"},{"ParentStepIdentifier":"74ee6ba6-0da6-47c2-95ac-880cc8cdecf1","ParentWorkflowIdentifier":"ec5441e1-92bb-4c96-8581-203b88d69759","Name":"ScriptName","Value":"Cyware Intel Exchange_Get IOC Details"},{"ParentStepIdentifier":"74ee6ba6-0da6-47c2-95ac-880cc8cdecf1","ParentWorkflowIdentifier":"ec5441e1-92bb-4c96-8581-203b88d69759","Name":"ScriptParametersEntityFields","Value":"{\"Enrichment Data\":false,\"Relation Data\":false,\"Fields\":\"id,name,confidence_score\"}"},{"ParentStepIdentifier":"74ee6ba6-0da6-47c2-95ac-880cc8cdecf1","ParentWorkflowIdentifier":"ec5441e1-92bb-4c96-8581-203b88d69759","Name":"SelectedScopeName","Value":"All entities"},{"ParentStepIdentifier":"74ee6ba6-0da6-47c2-95ac-880cc8cdecf1","ParentWorkflowIdentifier":"ec5441e1-92bb-4c96-8581-203b88d69759","Name":"UseEntitiesLoopScope","Value":"true"}],"AutoSkipOnFailure":false,"IsDebugMockData":false,"StepDebugData":{"CreationTimeUnixTimeInMs":0,"ModificationTimeUnixTimeInMs":0,"OriginalWorkflowIdentifier":"8e8d7c34-62b7-4bf0-a7f7-47ac0883a137","OriginalStepIdentifier":"5fefcd74-eb1d-4033-88ea-8271f62a6d5a","ResultValue":"","ResultJson":"","ScopeEntitiesEnrichmentData":[],"ScopeEntitiesEnrichmentDataJson":"[]"},"ParentStepContainerId":null,"IsTouchedByAi":false,"StartLoopStepIdentifier":"1d16ad08-9c23-48de-a856-72bd646f3be1","ParallelActions":[]},{"Identifier":"7d8a0ecb-f965-4e6c-91f1-e774421571a7","OriginalStepIdentifier":"155611b7-b6cb-470a-bace-8106f475f649","ParentWorkflowIdentifier":"ec5441e1-92bb-4c96-8581-203b88d69759","ParentStepIdentifiers":["3b254ea8-5756-4aa5-a043-b72e45e391d2"],"ParentStepIdentifier":"3b254ea8-5756-4aa5-a043-b72e45e391d2","PreviousResultCondition":"{\n  \"3b254ea8-5756-4aa5-a043-b72e45e391d2\": \"1\"\n}","InstanceName":"Check Confidence Score","IsAutomatic":true,"Name":"Condition","IsSkippable":false,"Description":"This condition determines the progress of the playbook. Conditions are built based on cases data (cases, alerts, vents, entities and environment properties) as-well as data that comes back from previous playbook steps.","ActionProvider":"Flow","ActionName":"IfFlowCondition","Type":4,"Integration":"Flow","Parameters":[{"ParentStepIdentifier":"7d8a0ecb-f965-4e6c-91f1-e774421571a7","ParentWorkflowIdentifier":"ec5441e1-92bb-4c96-8581-203b88d69759","Name":"AssignedUsers","Value":null},{"ParentStepIdentifier":"7d8a0ecb-f965-4e6c-91f1-e774421571a7","ParentWorkflowIdentifier":"ec5441e1-92bb-4c96-8581-203b88d69759","Name":"Branches","Value":"[{\"LogicalOperator\":0,\"Conditions\":[{\"Operator\":3,\"FieldName\":\"[Get IOC Details.JsonResult| \\\"results.confidence_score\\\" | getByIndex(\\\"0\\\")]\",\"Type\":7,\"Value\":\"69\",\"CustomOperatorName\":null}],\"Order\":1,\"IsDefaultBranch\":false,\"Name\":\"Confidence Score > 69\"},{\"LogicalOperator\":0,\"Conditions\":[],\"Order\":4,\"IsDefaultBranch\":true,\"Name\":\"Branch\"},{\"LogicalOperator\":0,\"Conditions\":[{\"Operator\":4,\"FieldName\":\"[Get IOC Details.JsonResult| \\\"results.confidence_score\\\" | getByIndex(\\\"0\\\")]\",\"Type\":7,\"Value\":\"30\",\"CustomOperatorName\":null},{\"Operator\":3,\"FieldName\":\"[Get IOC Details.JsonResult| \\\"results.confidence_score\\\" | getByIndex(\\\"0\\\")]\",\"Type\":7,\"Value\":\"0\",\"CustomOperatorName\":null}],\"Order\":2,\"IsDefaultBranch\":false,\"Name\":\"0 < Confidence Score < 30\"},{\"LogicalOperator\":0,\"Conditions\":[{\"Operator\":0,\"FieldName\":\"[Get IOC Details.JsonResult| \\\"results.confidence_score\\\" | getByIndex(\\\"0\\\")]\",\"Type\":7,\"Value\":\"0\",\"CustomOperatorName\":null}],\"Order\":3,\"IsDefaultBranch\":false,\"Name\":\"Confidence Score = 0\"}]"},{"ParentStepIdentifier":"7d8a0ecb-f965-4e6c-91f1-e774421571a7","ParentWorkflowIdentifier":"ec5441e1-92bb-4c96-8581-203b88d69759","Name":"ErrorFallbackBranch","Value":null},{"ParentStepIdentifier":"7d8a0ecb-f965-4e6c-91f1-e774421571a7","ParentWorkflowIdentifier":"ec5441e1-92bb-4c96-8581-203b88d69759","Name":"HasApprovalLink","Value":"false"},{"ParentStepIdentifier":"7d8a0ecb-f965-4e6c-91f1-e774421571a7","ParentWorkflowIdentifier":"ec5441e1-92bb-4c96-8581-203b88d69759","Name":"MessageToAssignee","Value":null},{"ParentStepIdentifier":"7d8a0ecb-f965-4e6c-91f1-e774421571a7","ParentWorkflowIdentifier":"ec5441e1-92bb-4c96-8581-203b88d69759","Name":"PendingActionTimeout","Value":null},{"ParentStepIdentifier":"7d8a0ecb-f965-4e6c-91f1-e774421571a7","ParentWorkflowIdentifier":"ec5441e1-92bb-4c96-8581-203b88d69759","Name":"SelectedScopeName","Value":"All entities"},{"ParentStepIdentifier":"7d8a0ecb-f965-4e6c-91f1-e774421571a7","ParentWorkflowIdentifier":"ec5441e1-92bb-4c96-8581-203b88d69759","Name":"UseEntitiesLoopScope","Value":"true"}],"AutoSkipOnFailure":false,"IsDebugMockData":false,"StepDebugData":null,"ParentStepContainerId":null,"IsTouchedByAi":false,"StartLoopStepIdentifier":"1d16ad08-9c23-48de-a856-72bd646f3be1","ParallelActions":[]},{"Identifier":"9242cfc3-1233-443d-b61e-79fccb74a806","OriginalStepIdentifier":"a97e36d3-1a8a-49e5-a855-eeb08178d213","ParentWorkflowIdentifier":"ec5441e1-92bb-4c96-8581-203b88d69759","ParentStepIdentifiers":["15b5bc1a-2ae8-4a69-ada2-aa56de15b374"],"ParentStepIdentifier":"15b5bc1a-2ae8-4a69-ada2-aa56de15b374","PreviousResultCondition":"{}","InstanceName":"Check Tag added - medium","IsAutomatic":true,"Name":"Condition","IsSkippable":false,"Description":"This condition determines the progress of the playbook. Conditions are built based on cases data (cases, alerts, vents, entities and environment properties) as-well as data that comes back from previous playbook steps.","ActionProvider":"Flow","ActionName":"IfFlowCondition","Type":4,"Integration":"Flow","Parameters":[{"ParentStepIdentifier":"9242cfc3-1233-443d-b61e-79fccb74a806","ParentWorkflowIdentifier":"ec5441e1-92bb-4c96-8581-203b88d69759","Name":"AssignedUsers","Value":null},{"ParentStepIdentifier":"9242cfc3-1233-443d-b61e-79fccb74a806","ParentWorkflowIdentifier":"ec5441e1-92bb-4c96-8581-203b88d69759","Name":"Branches","Value":"[{\"LogicalOperator\":0,\"Conditions\":[{\"Operator\":1,\"FieldName\":\"[Manage Tags in IOCs - medium.JsonResult| \\\"message\\\"]\",\"Type\":7,\"Value\":\"Action Successfully Executed\",\"CustomOperatorName\":null}],\"Order\":1,\"IsDefaultBranch\":false,\"Name\":\"Is tag added\"},{\"LogicalOperator\":0,\"Conditions\":[],\"Order\":2,\"IsDefaultBranch\":true,\"Name\":\"Branch\"}]"},{"ParentStepIdentifier":"9242cfc3-1233-443d-b61e-79fccb74a806","ParentWorkflowIdentifier":"ec5441e1-92bb-4c96-8581-203b88d69759","Name":"ErrorFallbackBranch","Value":null},{"ParentStepIdentifier":"9242cfc3-1233-443d-b61e-79fccb74a806","ParentWorkflowIdentifier":"ec5441e1-92bb-4c96-8581-203b88d69759","Name":"HasApprovalLink","Value":"false"},{"ParentStepIdentifier":"9242cfc3-1233-443d-b61e-79fccb74a806","ParentWorkflowIdentifier":"ec5441e1-92bb-4c96-8581-203b88d69759","Name":"MessageToAssignee","Value":null},{"ParentStepIdentifier":"9242cfc3-1233-443d-b61e-79fccb74a806","ParentWorkflowIdentifier":"ec5441e1-92bb-4c96-8581-203b88d69759","Name":"PendingActionTimeout","Value":null},{"ParentStepIdentifier":"9242cfc3-1233-443d-b61e-79fccb74a806","ParentWorkflowIdentifier":"ec5441e1-92bb-4c96-8581-203b88d69759","Name":"SelectedScopeName","Value":"All entities"},{"ParentStepIdentifier":"9242cfc3-1233-443d-b61e-79fccb74a806","ParentWorkflowIdentifier":"ec5441e1-92bb-4c96-8581-203b88d69759","Name":"UseEntitiesLoopScope","Value":"true"}],"AutoSkipOnFailure":false,"IsDebugMockData":false,"StepDebugData":null,"ParentStepContainerId":null,"IsTouchedByAi":false,"StartLoopStepIdentifier":"1d16ad08-9c23-48de-a856-72bd646f3be1","ParallelActions":[]},{"Identifier":"9554d42d-e115-4544-9e64-330bc68f1c1b","OriginalStepIdentifier":"307a86b1-8a80-457a-b8ab-6943538c6564","ParentWorkflowIdentifier":"ec5441e1-92bb-4c96-8581-203b88d69759","ParentStepIdentifiers":["3b254ea8-5756-4aa5-a043-b72e45e391d2"],"ParentStepIdentifier":"3b254ea8-5756-4aa5-a043-b72e45e391d2","PreviousResultCondition":"{\n  \"3b254ea8-5756-4aa5-a043-b72e45e391d2\": \"2\"\n}","InstanceName":"Case Comment_1","IsAutomatic":true,"Name":"Siemplify_Case Comment","IsSkippable":false,"Description":"Add a comment to the case the current alert has been grouped to","ActionProvider":"Scripts","ActionName":"Siemplify_Case Comment","Type":0,"Integration":"Siemplify","Parameters":[{"ParentStepIdentifier":"9554d42d-e115-4544-9e64-330bc68f1c1b","ParentWorkflowIdentifier":"ec5441e1-92bb-4c96-8581-203b88d69759","Name":"AssignedUsers","Value":null},{"ParentStepIdentifier":"9554d42d-e115-4544-9e64-330bc68f1c1b","ParentWorkflowIdentifier":"ec5441e1-92bb-4c96-8581-203b88d69759","Name":"DynamicInjectionInstancePlaceholder","Value":""},{"ParentStepIdentifier":"9554d42d-e115-4544-9e64-330bc68f1c1b","ParentWorkflowIdentifier":"ec5441e1-92bb-4c96-8581-203b88d69759","Name":"FallbackIntegrationInstance","Value":null},{"ParentStepIdentifier":"9554d42d-e115-4544-9e64-330bc68f1c1b","ParentWorkflowIdentifier":"ec5441e1-92bb-4c96-8581-203b88d69759","Name":"FetchInstanceByName","Value":"false"},{"ParentStepIdentifier":"9554d42d-e115-4544-9e64-330bc68f1c1b","ParentWorkflowIdentifier":"ec5441e1-92bb-4c96-8581-203b88d69759","Name":"HasApprovalLink","Value":null},{"ParentStepIdentifier":"9554d42d-e115-4544-9e64-330bc68f1c1b","ParentWorkflowIdentifier":"ec5441e1-92bb-4c96-8581-203b88d69759","Name":"IntegrationInstance","Value":"AutomaticEnvironment"},{"ParentStepIdentifier":"9554d42d-e115-4544-9e64-330bc68f1c1b","ParentWorkflowIdentifier":"ec5441e1-92bb-4c96-8581-203b88d69759","Name":"MessageToAssignee","Value":null},{"ParentStepIdentifier":"9554d42d-e115-4544-9e64-330bc68f1c1b","ParentWorkflowIdentifier":"ec5441e1-92bb-4c96-8581-203b88d69759","Name":"PendingActionTimeout","Value":null},{"ParentStepIdentifier":"9554d42d-e115-4544-9e64-330bc68f1c1b","ParentWorkflowIdentifier":"ec5441e1-92bb-4c96-8581-203b88d69759","Name":"RetryConfiguration","Value":"{\"Enabled\":false,\"IntervalInSeconds\":30,\"NumberOfRetries\":1}"},{"ParentStepIdentifier":"9554d42d-e115-4544-9e64-330bc68f1c1b","ParentWorkflowIdentifier":"ec5441e1-92bb-4c96-8581-203b88d69759","Name":"ScriptName","Value":"Siemplify_Case Comment"},{"ParentStepIdentifier":"9554d42d-e115-4544-9e64-330bc68f1c1b","ParentWorkflowIdentifier":"ec5441e1-92bb-4c96-8581-203b88d69759","Name":"ScriptParametersEntityFields","Value":"{\"Comment\":\"IOC - [Loop.Entity.Identifier] does not exist on Cyware Intel Exchange.\"}"},{"ParentStepIdentifier":"9554d42d-e115-4544-9e64-330bc68f1c1b","ParentWorkflowIdentifier":"ec5441e1-92bb-4c96-8581-203b88d69759","Name":"SelectedScopeName","Value":"All entities"},{"ParentStepIdentifier":"9554d42d-e115-4544-9e64-330bc68f1c1b","ParentWorkflowIdentifier":"ec5441e1-92bb-4c96-8581-203b88d69759","Name":"UseEntitiesLoopScope","Value":"true"}],"AutoSkipOnFailure":false,"IsDebugMockData":false,"StepDebugData":{"CreationTimeUnixTimeInMs":0,"ModificationTimeUnixTimeInMs":0,"OriginalWorkflowIdentifier":"8e8d7c34-62b7-4bf0-a7f7-47ac0883a137","OriginalStepIdentifier":"307a86b1-8a80-457a-b8ab-6943538c6564","ResultValue":"","ResultJson":"","ScopeEntitiesEnrichmentData":[],"ScopeEntitiesEnrichmentDataJson":"[]"},"ParentStepContainerId":null,"IsTouchedByAi":false,"StartLoopStepIdentifier":"1d16ad08-9c23-48de-a856-72bd646f3be1","ParallelActions":[]},{"Identifier":"c1f370ca-65a9-47bf-b93b-fb1742f9f8d5","OriginalStepIdentifier":"9f279fa7-2bac-4a79-8203-3373676f6f3b","ParentWorkflowIdentifier":"ec5441e1-92bb-4c96-8581-203b88d69759","ParentStepIdentifiers":["15570b23-1f3a-4041-b569-239378a26215"],"ParentStepIdentifier":"15570b23-1f3a-4041-b569-239378a26215","PreviousResultCondition":"{\n  \"15570b23-1f3a-4041-b569-239378a26215\": \"1\"\n}","InstanceName":"Case Comment_3","IsAutomatic":true,"Name":"Siemplify_Case Comment","IsSkippable":false,"Description":"Add a comment to the case the current alert has been grouped to","ActionProvider":"Scripts","ActionName":"Siemplify_Case Comment","Type":0,"Integration":"Siemplify","Parameters":[{"ParentStepIdentifier":"c1f370ca-65a9-47bf-b93b-fb1742f9f8d5","ParentWorkflowIdentifier":"ec5441e1-92bb-4c96-8581-203b88d69759","Name":"AssignedUsers","Value":null},{"ParentStepIdentifier":"c1f370ca-65a9-47bf-b93b-fb1742f9f8d5","ParentWorkflowIdentifier":"ec5441e1-92bb-4c96-8581-203b88d69759","Name":"DynamicInjectionInstancePlaceholder","Value":""},{"ParentStepIdentifier":"c1f370ca-65a9-47bf-b93b-fb1742f9f8d5","ParentWorkflowIdentifier":"ec5441e1-92bb-4c96-8581-203b88d69759","Name":"FallbackIntegrationInstance","Value":null},{"ParentStepIdentifier":"c1f370ca-65a9-47bf-b93b-fb1742f9f8d5","ParentWorkflowIdentifier":"ec5441e1-92bb-4c96-8581-203b88d69759","Name":"FetchInstanceByName","Value":"false"},{"ParentStepIdentifier":"c1f370ca-65a9-47bf-b93b-fb1742f9f8d5","ParentWorkflowIdentifier":"ec5441e1-92bb-4c96-8581-203b88d69759","Name":"HasApprovalLink","Value":"false"},{"ParentStepIdentifier":"c1f370ca-65a9-47bf-b93b-fb1742f9f8d5","ParentWorkflowIdentifier":"ec5441e1-92bb-4c96-8581-203b88d69759","Name":"IntegrationInstance","Value":"AutomaticEnvironment"},{"ParentStepIdentifier":"c1f370ca-65a9-47bf-b93b-fb1742f9f8d5","ParentWorkflowIdentifier":"ec5441e1-92bb-4c96-8581-203b88d69759","Name":"MessageToAssignee","Value":null},{"ParentStepIdentifier":"c1f370ca-65a9-47bf-b93b-fb1742f9f8d5","ParentWorkflowIdentifier":"ec5441e1-92bb-4c96-8581-203b88d69759","Name":"PendingActionTimeout","Value":null},{"ParentStepIdentifier":"c1f370ca-65a9-47bf-b93b-fb1742f9f8d5","ParentWorkflowIdentifier":"ec5441e1-92bb-4c96-8581-203b88d69759","Name":"RetryConfiguration","Value":"{\"Enabled\":false,\"IntervalInSeconds\":30,\"NumberOfRetries\":1}"},{"ParentStepIdentifier":"c1f370ca-65a9-47bf-b93b-fb1742f9f8d5","ParentWorkflowIdentifier":"ec5441e1-92bb-4c96-8581-203b88d69759","Name":"ScriptName","Value":"Siemplify_Case Comment"},{"ParentStepIdentifier":"c1f370ca-65a9-47bf-b93b-fb1742f9f8d5","ParentWorkflowIdentifier":"ec5441e1-92bb-4c96-8581-203b88d69759","Name":"ScriptParametersEntityFields","Value":"{\"Comment\":\"Added tag \\\"Low Risk - Google SecOps\\\" for the IOC - [Loop.Entity.Identifier] on Cyware Intel Exchange.\"}"},{"ParentStepIdentifier":"c1f370ca-65a9-47bf-b93b-fb1742f9f8d5","ParentWorkflowIdentifier":"ec5441e1-92bb-4c96-8581-203b88d69759","Name":"SelectedScopeName","Value":"All entities"},{"ParentStepIdentifier":"c1f370ca-65a9-47bf-b93b-fb1742f9f8d5","ParentWorkflowIdentifier":"ec5441e1-92bb-4c96-8581-203b88d69759","Name":"UseEntitiesLoopScope","Value":"true"}],"AutoSkipOnFailure":false,"IsDebugMockData":false,"StepDebugData":null,"ParentStepContainerId":null,"IsTouchedByAi":false,"StartLoopStepIdentifier":"1d16ad08-9c23-48de-a856-72bd646f3be1","ParallelActions":[]},{"Identifier":"d8531ab9-6659-4aa6-8b9d-f47ba8b16a2b","OriginalStepIdentifier":"8ae57e9a-1848-434b-9735-d4f8d5fb0e07","ParentWorkflowIdentifier":"ec5441e1-92bb-4c96-8581-203b88d69759","ParentStepIdentifiers":["7d8a0ecb-f965-4e6c-91f1-e774421571a7"],"ParentStepIdentifier":"7d8a0ecb-f965-4e6c-91f1-e774421571a7","PreviousResultCondition":"{\n  \"7d8a0ecb-f965-4e6c-91f1-e774421571a7\": \"2\"\n}","InstanceName":"Manage Tags in IOCs - low","IsAutomatic":true,"Name":"Cyware Intel Exchange_Manage Tags in IOCs","IsSkippable":false,"Description":"This action is used to perform add/remove tags operation on IOCs.","ActionProvider":"Scripts","ActionName":"Cyware Intel Exchange_Manage Tags in IOCs","Type":0,"Integration":"Cyware Intel Exchange","Parameters":[{"ParentStepIdentifier":"d8531ab9-6659-4aa6-8b9d-f47ba8b16a2b","ParentWorkflowIdentifier":"ec5441e1-92bb-4c96-8581-203b88d69759","Name":"AssignedUsers","Value":null},{"ParentStepIdentifier":"d8531ab9-6659-4aa6-8b9d-f47ba8b16a2b","ParentWorkflowIdentifier":"ec5441e1-92bb-4c96-8581-203b88d69759","Name":"DynamicInjectionInstancePlaceholder","Value":""},{"ParentStepIdentifier":"d8531ab9-6659-4aa6-8b9d-f47ba8b16a2b","ParentWorkflowIdentifier":"ec5441e1-92bb-4c96-8581-203b88d69759","Name":"FallbackIntegrationInstance","Value":null},{"ParentStepIdentifier":"d8531ab9-6659-4aa6-8b9d-f47ba8b16a2b","ParentWorkflowIdentifier":"ec5441e1-92bb-4c96-8581-203b88d69759","Name":"FetchInstanceByName","Value":"false"},{"ParentStepIdentifier":"d8531ab9-6659-4aa6-8b9d-f47ba8b16a2b","ParentWorkflowIdentifier":"ec5441e1-92bb-4c96-8581-203b88d69759","Name":"HasApprovalLink","Value":"false"},{"ParentStepIdentifier":"d8531ab9-6659-4aa6-8b9d-f47ba8b16a2b","ParentWorkflowIdentifier":"ec5441e1-92bb-4c96-8581-203b88d69759","Name":"IntegrationInstance","Value":"AutomaticEnvironment"},{"ParentStepIdentifier":"d8531ab9-6659-4aa6-8b9d-f47ba8b16a2b","ParentWorkflowIdentifier":"ec5441e1-92bb-4c96-8581-203b88d69759","Name":"MessageToAssignee","Value":null},{"ParentStepIdentifier":"d8531ab9-6659-4aa6-8b9d-f47ba8b16a2b","ParentWorkflowIdentifier":"ec5441e1-92bb-4c96-8581-203b88d69759","Name":"PendingActionTimeout","Value":null},{"ParentStepIdentifier":"d8531ab9-6659-4aa6-8b9d-f47ba8b16a2b","ParentWorkflowIdentifier":"ec5441e1-92bb-4c96-8581-203b88d69759","Name":"RetryConfiguration","Value":"{\"Enabled\":false,\"IntervalInSeconds\":30,\"NumberOfRetries\":1}"},{"ParentStepIdentifier":"d8531ab9-6659-4aa6-8b9d-f47ba8b16a2b","ParentWorkflowIdentifier":"ec5441e1-92bb-4c96-8581-203b88d69759","Name":"ScriptName","Value":"Cyware Intel Exchange_Manage Tags in IOCs"},{"ParentStepIdentifier":"d8531ab9-6659-4aa6-8b9d-f47ba8b16a2b","ParentWorkflowIdentifier":"ec5441e1-92bb-4c96-8581-203b88d69759","Name":"ScriptParametersEntityFields","Value":"{\"Tags\":\" Low Risk - Google SecOps\",\"Operation Type\":\"Add Tag\"}"},{"ParentStepIdentifier":"d8531ab9-6659-4aa6-8b9d-f47ba8b16a2b","ParentWorkflowIdentifier":"ec5441e1-92bb-4c96-8581-203b88d69759","Name":"SelectedScopeName","Value":"All entities"},{"ParentStepIdentifier":"d8531ab9-6659-4aa6-8b9d-f47ba8b16a2b","ParentWorkflowIdentifier":"ec5441e1-92bb-4c96-8581-203b88d69759","Name":"UseEntitiesLoopScope","Value":"true"}],"AutoSkipOnFailure":false,"IsDebugMockData":false,"StepDebugData":{"CreationTimeUnixTimeInMs":0,"ModificationTimeUnixTimeInMs":0,"OriginalWorkflowIdentifier":"8e8d7c34-62b7-4bf0-a7f7-47ac0883a137","OriginalStepIdentifier":"8ae57e9a-1848-434b-9735-d4f8d5fb0e07","ResultValue":"","ResultJson":"","ScopeEntitiesEnrichmentData":[],"ScopeEntitiesEnrichmentDataJson":"[]"},"ParentStepContainerId":null,"IsTouchedByAi":false,"StartLoopStepIdentifier":"1d16ad08-9c23-48de-a856-72bd646f3be1","ParallelActions":[]}],"Triggers":[{"Identifier":"30a17d74-51d4-4b1e-b869-4fc143996538","IsEnabled":false,"DefinitionIdentifier":"ec5441e1-92bb-4c96-8581-203b88d69759","Type":3,"WorkflowName":null,"LogicalOperator":0,"Conditions":[{"FieldName":"","MatchType":0,"Value":"Cyware Intel Exchange","CustomOperatorName":null}],"ReactionLogicalOperator":1,"ReactionConditions":null,"Environments":["*"]}],"OverviewTemplates":[],"Permissions":[],"Environments":["*"]}}