{"CategoryName":"CywareIntelExchangePlaybooks","OverviewTemplatesDetails":[],"WidgetTemplates":[],"Definition":{"Identifier":"e8a4d311-4585-4bf5-bfdb-6a318a466ef2","IsEnable":false,"Version":0.0,"IsArchived":false,"IsAutomatic":false,"Name":"Add-Remove IOC from Allowed List - Cyware Intel Exchange","Category":12,"Description":"Add or remove IOC from allowed list based on confidence score of IOC in Cyware Intel Exchange.","ExecutionScope":1,"Priority":1,"Creator":"2ad92bfc-4521-467b-afef-7163569481dc","VersionCreator":null,"VersionComment":null,"OriginalWorkflowIdentifier":"408fa0ff-8973-4a8b-b781-58d962971953","TemplateName":null,"PlaybookType":0,"IsDebugMode":false,"DebugBaseAlertIdentifier":null,"DebugAlertIdentifier":null,"SimulationClone":false,"DefaultAccessLevel":2,"CreationSource":1,"Steps":[{"Identifier":"0606ba9a-cbdc-4001-9b79-c71fdbd45958","OriginalStepIdentifier":"3ed077d9-305e-4be1-8b5e-023c46561b12","ParentWorkflowIdentifier":"e8a4d311-4585-4bf5-bfdb-6a318a466ef2","ParentStepIdentifiers":["56350d18-cba0-4fb5-a4d1-903a88009715"],"ParentStepIdentifier":"56350d18-cba0-4fb5-a4d1-903a88009715","PreviousResultCondition":"{}","InstanceName":"Get IOC Details","IsAutomatic":true,"Name":"Cyware Intel Exchange_Get IOC Details","IsSkippable":false,"Description":"This Action performs a lookup for threat data objects in Intel Exchange and retrieves the details of the objects, such as basic details, enriched data, and relations.","ActionProvider":"Scripts","ActionName":"Cyware Intel Exchange_Get IOC Details","Type":0,"Integration":"Cyware Intel Exchange","Parameters":[{"ParentStepIdentifier":"0606ba9a-cbdc-4001-9b79-c71fdbd45958","ParentWorkflowIdentifier":"e8a4d311-4585-4bf5-bfdb-6a318a466ef2","Name":"AssignedUsers","Value":null},{"ParentStepIdentifier":"0606ba9a-cbdc-4001-9b79-c71fdbd45958","ParentWorkflowIdentifier":"e8a4d311-4585-4bf5-bfdb-6a318a466ef2","Name":"DynamicInjectionInstancePlaceholder","Value":""},{"ParentStepIdentifier":"0606ba9a-cbdc-4001-9b79-c71fdbd45958","ParentWorkflowIdentifier":"e8a4d311-4585-4bf5-bfdb-6a318a466ef2","Name":"FallbackIntegrationInstance","Value":null},{"ParentStepIdentifier":"0606ba9a-cbdc-4001-9b79-c71fdbd45958","ParentWorkflowIdentifier":"e8a4d311-4585-4bf5-bfdb-6a318a466ef2","Name":"FetchInstanceByName","Value":"false"},{"ParentStepIdentifier":"0606ba9a-cbdc-4001-9b79-c71fdbd45958","ParentWorkflowIdentifier":"e8a4d311-4585-4bf5-bfdb-6a318a466ef2","Name":"HasApprovalLink","Value":null},{"ParentStepIdentifier":"0606ba9a-cbdc-4001-9b79-c71fdbd45958","ParentWorkflowIdentifier":"e8a4d311-4585-4bf5-bfdb-6a318a466ef2","Name":"IntegrationInstance","Value":"AutomaticEnvironment"},{"ParentStepIdentifier":"0606ba9a-cbdc-4001-9b79-c71fdbd45958","ParentWorkflowIdentifier":"e8a4d311-4585-4bf5-bfdb-6a318a466ef2","Name":"MessageToAssignee","Value":null},{"ParentStepIdentifier":"0606ba9a-cbdc-4001-9b79-c71fdbd45958","ParentWorkflowIdentifier":"e8a4d311-4585-4bf5-bfdb-6a318a466ef2","Name":"PendingActionTimeout","Value":null},{"ParentStepIdentifier":"0606ba9a-cbdc-4001-9b79-c71fdbd45958","ParentWorkflowIdentifier":"e8a4d311-4585-4bf5-bfdb-6a318a466ef2","Name":"RetryConfiguration","Value":"{\"Enabled\":false,\"IntervalInSeconds\":30,\"NumberOfRetries\":1}"},{"ParentStepIdentifier":"0606ba9a-cbdc-4001-9b79-c71fdbd45958","ParentWorkflowIdentifier":"e8a4d311-4585-4bf5-bfdb-6a318a466ef2","Name":"ScriptName","Value":"Cyware Intel Exchange_Get IOC Details"},{"ParentStepIdentifier":"0606ba9a-cbdc-4001-9b79-c71fdbd45958","ParentWorkflowIdentifier":"e8a4d311-4585-4bf5-bfdb-6a318a466ef2","Name":"ScriptParametersEntityFields","Value":"{\"Enrichment Data\":false,\"Relation Data\":false,\"Fields\":\"id,name,confidence_score\"}"},{"ParentStepIdentifier":"0606ba9a-cbdc-4001-9b79-c71fdbd45958","ParentWorkflowIdentifier":"e8a4d311-4585-4bf5-bfdb-6a318a466ef2","Name":"SelectedScopeName","Value":"All entities"},{"ParentStepIdentifier":"0606ba9a-cbdc-4001-9b79-c71fdbd45958","ParentWorkflowIdentifier":"e8a4d311-4585-4bf5-bfdb-6a318a466ef2","Name":"UseEntitiesLoopScope","Value":"true"}],"AutoSkipOnFailure":false,"IsDebugMockData":false,"StepDebugData":null,"ParentStepContainerId":null,"IsTouchedByAi":false,"StartLoopStepIdentifier":"56350d18-cba0-4fb5-a4d1-903a88009715","ParallelActions":[]},{"Identifier":"0d270b57-1617-44b8-aec1-476e60a9fa13","OriginalStepIdentifier":"0b422047-f2a6-4b98-8b01-276169ee10f3","ParentWorkflowIdentifier":"e8a4d311-4585-4bf5-bfdb-6a318a466ef2","ParentStepIdentifiers":["eeea037d-9cec-49e1-b46b-95a12a6270b9"],"ParentStepIdentifier":"eeea037d-9cec-49e1-b46b-95a12a6270b9","PreviousResultCondition":"{\"eeea037d-9cec-49e1-b46b-95a12a6270b9\":\"2\"}","InstanceName":"Add-Remove Indicator in Allowed List Block - Cyware Intel Exchange_2","IsAutomatic":true,"Name":"Add-Remove IOC from Allowed List Block - Cyware Intel Exchange","IsSkippable":false,"Description":"An embedded workflow that can receive inputs and \n\nSimulator\nPlaybook\n\n\n\n\nreturn an output.","ActionProvider":"Flow","ActionName":"NestedAction","Type":5,"Integration":"Siemplify","Parameters":[{"ParentStepIdentifier":"0d270b57-1617-44b8-aec1-476e60a9fa13","ParentWorkflowIdentifier":"e8a4d311-4585-4bf5-bfdb-6a318a466ef2","Name":"AssignedUsers","Value":null},{"ParentStepIdentifier":"0d270b57-1617-44b8-aec1-476e60a9fa13","ParentWorkflowIdentifier":"e8a4d311-4585-4bf5-bfdb-6a318a466ef2","Name":"HasApprovalLink","Value":"false"},{"ParentStepIdentifier":"0d270b57-1617-44b8-aec1-476e60a9fa13","ParentWorkflowIdentifier":"e8a4d311-4585-4bf5-bfdb-6a318a466ef2","Name":"MessageToAssignee","Value":null},{"ParentStepIdentifier":"0d270b57-1617-44b8-aec1-476e60a9fa13","ParentWorkflowIdentifier":"e8a4d311-4585-4bf5-bfdb-6a318a466ef2","Name":"NestedWorkflowIdentifier","Value":"93cfbb38-b489-4cf9-8707-9ae33b1589a4"},{"ParentStepIdentifier":"0d270b57-1617-44b8-aec1-476e60a9fa13","ParentWorkflowIdentifier":"e8a4d311-4585-4bf5-bfdb-6a318a466ef2","Name":"NestedWorkflowInputs","Value":"[{\"FieldName\":\"Confidence Score\",\"Value\":\"[Get IOC Details.JsonResult| \\\"results.confidence_score\\\" | getByIndex(\\\"0\\\")]\"},{\"FieldName\":\"IOC Value\",\"Value\":\"[Loop.Entity.Identifier]\"},{\"FieldName\":\"IOC Type\",\"Value\":\"domain-name\"}]"},{"ParentStepIdentifier":"0d270b57-1617-44b8-aec1-476e60a9fa13","ParentWorkflowIdentifier":"e8a4d311-4585-4bf5-bfdb-6a318a466ef2","Name":"PendingActionTimeout","Value":null},{"ParentStepIdentifier":"0d270b57-1617-44b8-aec1-476e60a9fa13","ParentWorkflowIdentifier":"e8a4d311-4585-4bf5-bfdb-6a318a466ef2","Name":"UseEntitiesLoopScope","Value":"true"}],"AutoSkipOnFailure":false,"IsDebugMockData":false,"StepDebugData":null,"ParentStepContainerId":null,"IsTouchedByAi":false,"StartLoopStepIdentifier":"56350d18-cba0-4fb5-a4d1-903a88009715","ParallelActions":[]},{"Identifier":"2898f12e-5ea6-4be1-a52e-9acebfb31a13","OriginalStepIdentifier":"2e67320e-74f1-4eb0-8b13-bbf4731b30f9","ParentWorkflowIdentifier":"e8a4d311-4585-4bf5-bfdb-6a318a466ef2","ParentStepIdentifiers":["eeea037d-9cec-49e1-b46b-95a12a6270b9"],"ParentStepIdentifier":"eeea037d-9cec-49e1-b46b-95a12a6270b9","PreviousResultCondition":"{\"eeea037d-9cec-49e1-b46b-95a12a6270b9\":\"3\"}","InstanceName":"Add-Remove Indicator in Allowed List Block - Cyware Intel Exchange_3","IsAutomatic":true,"Name":"Add-Remove IOC from Allowed List Block - Cyware Intel Exchange","IsSkippable":false,"Description":"An embedded workflow that can receive inputs and \n\nSimulator\nPlaybook\n\n\n\n\nreturn an output.","ActionProvider":"Flow","ActionName":"NestedAction","Type":5,"Integration":"Siemplify","Parameters":[{"ParentStepIdentifier":"2898f12e-5ea6-4be1-a52e-9acebfb31a13","ParentWorkflowIdentifier":"e8a4d311-4585-4bf5-bfdb-6a318a466ef2","Name":"AssignedUsers","Value":null},{"ParentStepIdentifier":"2898f12e-5ea6-4be1-a52e-9acebfb31a13","ParentWorkflowIdentifier":"e8a4d311-4585-4bf5-bfdb-6a318a466ef2","Name":"HasApprovalLink","Value":"false"},{"ParentStepIdentifier":"2898f12e-5ea6-4be1-a52e-9acebfb31a13","ParentWorkflowIdentifier":"e8a4d311-4585-4bf5-bfdb-6a318a466ef2","Name":"MessageToAssignee","Value":null},{"ParentStepIdentifier":"2898f12e-5ea6-4be1-a52e-9acebfb31a13","ParentWorkflowIdentifier":"e8a4d311-4585-4bf5-bfdb-6a318a466ef2","Name":"NestedWorkflowIdentifier","Value":"93cfbb38-b489-4cf9-8707-9ae33b1589a4"},{"ParentStepIdentifier":"2898f12e-5ea6-4be1-a52e-9acebfb31a13","ParentWorkflowIdentifier":"e8a4d311-4585-4bf5-bfdb-6a318a466ef2","Name":"NestedWorkflowInputs","Value":"[{\"FieldName\":\"Confidence Score\",\"Value\":\"[Get IOC Details.JsonResult| \\\"results.confidence_score\\\" | getByIndex(\\\"0\\\")]\"},{\"FieldName\":\"IOC Value\",\"Value\":\"[Loop.Entity.Identifier]\"},{\"FieldName\":\"IOC Type\",\"Value\":\"email-addr\"}]"},{"ParentStepIdentifier":"2898f12e-5ea6-4be1-a52e-9acebfb31a13","ParentWorkflowIdentifier":"e8a4d311-4585-4bf5-bfdb-6a318a466ef2","Name":"PendingActionTimeout","Value":null},{"ParentStepIdentifier":"2898f12e-5ea6-4be1-a52e-9acebfb31a13","ParentWorkflowIdentifier":"e8a4d311-4585-4bf5-bfdb-6a318a466ef2","Name":"UseEntitiesLoopScope","Value":"true"}],"AutoSkipOnFailure":false,"IsDebugMockData":false,"StepDebugData":null,"ParentStepContainerId":null,"IsTouchedByAi":false,"StartLoopStepIdentifier":"56350d18-cba0-4fb5-a4d1-903a88009715","ParallelActions":[]},{"Identifier":"2b2065dc-a2f9-43a8-8245-ef06c1c05c50","OriginalStepIdentifier":"a3e2d93b-37d6-46c7-8bab-efbc9e19539d","ParentWorkflowIdentifier":"e8a4d311-4585-4bf5-bfdb-6a318a466ef2","ParentStepIdentifiers":["950595a0-e8a1-44cd-8f79-9ebb1aa277e6"],"ParentStepIdentifier":"950595a0-e8a1-44cd-8f79-9ebb1aa277e6","PreviousResultCondition":"{\"950595a0-e8a1-44cd-8f79-9ebb1aa277e6\":\"2\"}","InstanceName":"Add-Remove IOC from Allowed List Block - Cyware Intel Exchange_1","IsAutomatic":true,"Name":"Add-Remove IOC from Allowed List Block - Cyware Intel Exchange","IsSkippable":false,"Description":"An embedded workflow that can receive inputs and \n\nSimulator\nPlaybook\n\n\n\n\nreturn an output.","ActionProvider":"Flow","ActionName":"NestedAction","Type":5,"Integration":"Siemplify","Parameters":[{"ParentStepIdentifier":"2b2065dc-a2f9-43a8-8245-ef06c1c05c50","ParentWorkflowIdentifier":"e8a4d311-4585-4bf5-bfdb-6a318a466ef2","Name":"AssignedUsers","Value":null},{"ParentStepIdentifier":"2b2065dc-a2f9-43a8-8245-ef06c1c05c50","ParentWorkflowIdentifier":"e8a4d311-4585-4bf5-bfdb-6a318a466ef2","Name":"HasApprovalLink","Value":"false"},{"ParentStepIdentifier":"2b2065dc-a2f9-43a8-8245-ef06c1c05c50","ParentWorkflowIdentifier":"e8a4d311-4585-4bf5-bfdb-6a318a466ef2","Name":"MessageToAssignee","Value":null},{"ParentStepIdentifier":"2b2065dc-a2f9-43a8-8245-ef06c1c05c50","ParentWorkflowIdentifier":"e8a4d311-4585-4bf5-bfdb-6a318a466ef2","Name":"NestedWorkflowIdentifier","Value":"93cfbb38-b489-4cf9-8707-9ae33b1589a4"},{"ParentStepIdentifier":"2b2065dc-a2f9-43a8-8245-ef06c1c05c50","ParentWorkflowIdentifier":"e8a4d311-4585-4bf5-bfdb-6a318a466ef2","Name":"NestedWorkflowInputs","Value":"[{\"FieldName\":\"Confidence Score\",\"Value\":\"[Get IOC Details.JsonResult| \\\"results.confidence_score\\\" | getByIndex(\\\"0\\\")]\"},{\"FieldName\":\"IOC Value\",\"Value\":\"[Loop.Entity.Identifier]\"},{\"FieldName\":\"IOC Type\",\"Value\":\"ipv6-addr\"}]"},{"ParentStepIdentifier":"2b2065dc-a2f9-43a8-8245-ef06c1c05c50","ParentWorkflowIdentifier":"e8a4d311-4585-4bf5-bfdb-6a318a466ef2","Name":"PendingActionTimeout","Value":null},{"ParentStepIdentifier":"2b2065dc-a2f9-43a8-8245-ef06c1c05c50","ParentWorkflowIdentifier":"e8a4d311-4585-4bf5-bfdb-6a318a466ef2","Name":"UseEntitiesLoopScope","Value":"true"}],"AutoSkipOnFailure":false,"IsDebugMockData":false,"StepDebugData":null,"ParentStepContainerId":null,"IsTouchedByAi":false,"StartLoopStepIdentifier":"56350d18-cba0-4fb5-a4d1-903a88009715","ParallelActions":[]},{"Identifier":"463e86bd-fdc8-4698-86dc-c8f32b640494","OriginalStepIdentifier":"2e3612f9-e030-493b-bc97-aa6442f9d3d7","ParentWorkflowIdentifier":"e8a4d311-4585-4bf5-bfdb-6a318a466ef2","ParentStepIdentifiers":["eeea037d-9cec-49e1-b46b-95a12a6270b9"],"ParentStepIdentifier":"eeea037d-9cec-49e1-b46b-95a12a6270b9","PreviousResultCondition":"{\"eeea037d-9cec-49e1-b46b-95a12a6270b9\":\"5\"}","InstanceName":"Case Comment 2","IsAutomatic":true,"Name":"Siemplify_Case Comment","IsSkippable":false,"Description":"Add a comment to the case the current alert has been grouped to","ActionProvider":"Scripts","ActionName":"Siemplify_Case Comment","Type":0,"Integration":"Siemplify","Parameters":[{"ParentStepIdentifier":"463e86bd-fdc8-4698-86dc-c8f32b640494","ParentWorkflowIdentifier":"e8a4d311-4585-4bf5-bfdb-6a318a466ef2","Name":"AssignedUsers","Value":null},{"ParentStepIdentifier":"463e86bd-fdc8-4698-86dc-c8f32b640494","ParentWorkflowIdentifier":"e8a4d311-4585-4bf5-bfdb-6a318a466ef2","Name":"DynamicInjectionInstancePlaceholder","Value":""},{"ParentStepIdentifier":"463e86bd-fdc8-4698-86dc-c8f32b640494","ParentWorkflowIdentifier":"e8a4d311-4585-4bf5-bfdb-6a318a466ef2","Name":"FallbackIntegrationInstance","Value":null},{"ParentStepIdentifier":"463e86bd-fdc8-4698-86dc-c8f32b640494","ParentWorkflowIdentifier":"e8a4d311-4585-4bf5-bfdb-6a318a466ef2","Name":"FetchInstanceByName","Value":"false"},{"ParentStepIdentifier":"463e86bd-fdc8-4698-86dc-c8f32b640494","ParentWorkflowIdentifier":"e8a4d311-4585-4bf5-bfdb-6a318a466ef2","Name":"HasApprovalLink","Value":"false"},{"ParentStepIdentifier":"463e86bd-fdc8-4698-86dc-c8f32b640494","ParentWorkflowIdentifier":"e8a4d311-4585-4bf5-bfdb-6a318a466ef2","Name":"IntegrationInstance","Value":"AutomaticEnvironment"},{"ParentStepIdentifier":"463e86bd-fdc8-4698-86dc-c8f32b640494","ParentWorkflowIdentifier":"e8a4d311-4585-4bf5-bfdb-6a318a466ef2","Name":"MessageToAssignee","Value":null},{"ParentStepIdentifier":"463e86bd-fdc8-4698-86dc-c8f32b640494","ParentWorkflowIdentifier":"e8a4d311-4585-4bf5-bfdb-6a318a466ef2","Name":"PendingActionTimeout","Value":null},{"ParentStepIdentifier":"463e86bd-fdc8-4698-86dc-c8f32b640494","ParentWorkflowIdentifier":"e8a4d311-4585-4bf5-bfdb-6a318a466ef2","Name":"RetryConfiguration","Value":"{\"Enabled\":false,\"IntervalInSeconds\":30,\"NumberOfRetries\":1}"},{"ParentStepIdentifier":"463e86bd-fdc8-4698-86dc-c8f32b640494","ParentWorkflowIdentifier":"e8a4d311-4585-4bf5-bfdb-6a318a466ef2","Name":"ScriptName","Value":"Siemplify_Case Comment"},{"ParentStepIdentifier":"463e86bd-fdc8-4698-86dc-c8f32b640494","ParentWorkflowIdentifier":"e8a4d311-4585-4bf5-bfdb-6a318a466ef2","Name":"ScriptParametersEntityFields","Value":"{\"Comment\":\"For IOC - [Loop.Entity.Identifier], IOC Type - [Entity.Type] is unsupported for the playbook.\"}"},{"ParentStepIdentifier":"463e86bd-fdc8-4698-86dc-c8f32b640494","ParentWorkflowIdentifier":"e8a4d311-4585-4bf5-bfdb-6a318a466ef2","Name":"SelectedScopeName","Value":"All entities"},{"ParentStepIdentifier":"463e86bd-fdc8-4698-86dc-c8f32b640494","ParentWorkflowIdentifier":"e8a4d311-4585-4bf5-bfdb-6a318a466ef2","Name":"UseEntitiesLoopScope","Value":"true"}],"AutoSkipOnFailure":false,"IsDebugMockData":false,"StepDebugData":null,"ParentStepContainerId":null,"IsTouchedByAi":false,"StartLoopStepIdentifier":"56350d18-cba0-4fb5-a4d1-903a88009715","ParallelActions":[]},{"Identifier":"4fdb8204-d28d-48ba-9984-1f3aef671edd","OriginalStepIdentifier":"8bd80d89-673b-4d40-85c4-6b8fc2bb3287","ParentWorkflowIdentifier":"e8a4d311-4585-4bf5-bfdb-6a318a466ef2","ParentStepIdentifiers":["70350be1-d62e-45a3-9c20-671d2b256e14"],"ParentStepIdentifier":"70350be1-d62e-45a3-9c20-671d2b256e14","PreviousResultCondition":"{\"70350be1-d62e-45a3-9c20-671d2b256e14\":\"2\"}","InstanceName":"Case Comment","IsAutomatic":true,"Name":"Siemplify_Case Comment","IsSkippable":false,"Description":"Add a comment to the case the current alert has been grouped to","ActionProvider":"Scripts","ActionName":"Siemplify_Case Comment","Type":0,"Integration":"Siemplify","Parameters":[{"ParentStepIdentifier":"4fdb8204-d28d-48ba-9984-1f3aef671edd","ParentWorkflowIdentifier":"e8a4d311-4585-4bf5-bfdb-6a318a466ef2","Name":"AssignedUsers","Value":null},{"ParentStepIdentifier":"4fdb8204-d28d-48ba-9984-1f3aef671edd","ParentWorkflowIdentifier":"e8a4d311-4585-4bf5-bfdb-6a318a466ef2","Name":"DynamicInjectionInstancePlaceholder","Value":""},{"ParentStepIdentifier":"4fdb8204-d28d-48ba-9984-1f3aef671edd","ParentWorkflowIdentifier":"e8a4d311-4585-4bf5-bfdb-6a318a466ef2","Name":"FallbackIntegrationInstance","Value":null},{"ParentStepIdentifier":"4fdb8204-d28d-48ba-9984-1f3aef671edd","ParentWorkflowIdentifier":"e8a4d311-4585-4bf5-bfdb-6a318a466ef2","Name":"FetchInstanceByName","Value":"false"},{"ParentStepIdentifier":"4fdb8204-d28d-48ba-9984-1f3aef671edd","ParentWorkflowIdentifier":"e8a4d311-4585-4bf5-bfdb-6a318a466ef2","Name":"HasApprovalLink","Value":null},{"ParentStepIdentifier":"4fdb8204-d28d-48ba-9984-1f3aef671edd","ParentWorkflowIdentifier":"e8a4d311-4585-4bf5-bfdb-6a318a466ef2","Name":"IntegrationInstance","Value":"AutomaticEnvironment"},{"ParentStepIdentifier":"4fdb8204-d28d-48ba-9984-1f3aef671edd","ParentWorkflowIdentifier":"e8a4d311-4585-4bf5-bfdb-6a318a466ef2","Name":"MessageToAssignee","Value":null},{"ParentStepIdentifier":"4fdb8204-d28d-48ba-9984-1f3aef671edd","ParentWorkflowIdentifier":"e8a4d311-4585-4bf5-bfdb-6a318a466ef2","Name":"PendingActionTimeout","Value":null},{"ParentStepIdentifier":"4fdb8204-d28d-48ba-9984-1f3aef671edd","ParentWorkflowIdentifier":"e8a4d311-4585-4bf5-bfdb-6a318a466ef2","Name":"RetryConfiguration","Value":"{\"Enabled\":false,\"IntervalInSeconds\":30,\"NumberOfRetries\":1}"},{"ParentStepIdentifier":"4fdb8204-d28d-48ba-9984-1f3aef671edd","ParentWorkflowIdentifier":"e8a4d311-4585-4bf5-bfdb-6a318a466ef2","Name":"ScriptName","Value":"Siemplify_Case Comment"},{"ParentStepIdentifier":"4fdb8204-d28d-48ba-9984-1f3aef671edd","ParentWorkflowIdentifier":"e8a4d311-4585-4bf5-bfdb-6a318a466ef2","Name":"ScriptParametersEntityFields","Value":"{\"Comment\":\"IOC - [Loop.Entity.Identifier] does not exist in Cyware Intel Exchange.\"}"},{"ParentStepIdentifier":"4fdb8204-d28d-48ba-9984-1f3aef671edd","ParentWorkflowIdentifier":"e8a4d311-4585-4bf5-bfdb-6a318a466ef2","Name":"SelectedScopeName","Value":"All entities"},{"ParentStepIdentifier":"4fdb8204-d28d-48ba-9984-1f3aef671edd","ParentWorkflowIdentifier":"e8a4d311-4585-4bf5-bfdb-6a318a466ef2","Name":"UseEntitiesLoopScope","Value":"true"}],"AutoSkipOnFailure":false,"IsDebugMockData":false,"StepDebugData":{"CreationTimeUnixTimeInMs":0,"ModificationTimeUnixTimeInMs":0,"OriginalWorkflowIdentifier":"408fa0ff-8973-4a8b-b781-58d962971953","OriginalStepIdentifier":"8bd80d89-673b-4d40-85c4-6b8fc2bb3287","ResultValue":"","ResultJson":"","ScopeEntitiesEnrichmentData":[],"ScopeEntitiesEnrichmentDataJson":"[]"},"ParentStepContainerId":null,"IsTouchedByAi":false,"StartLoopStepIdentifier":"56350d18-cba0-4fb5-a4d1-903a88009715","ParallelActions":[]},{"Identifier":"56350d18-cba0-4fb5-a4d1-903a88009715","OriginalStepIdentifier":"33267ebe-8280-42e9-8a5a-ca60f4f1ac8d","ParentWorkflowIdentifier":"e8a4d311-4585-4bf5-bfdb-6a318a466ef2","ParentStepIdentifiers":[],"ParentStepIdentifier":"","PreviousResultCondition":"{}","InstanceName":"Iterate Entities_Start","IsAutomatic":true,"Name":"For Each Loop","IsSkippable":false,"Description":"Use a for-each loop to iterate over an array of entities, events or list items and execute action or series of actions","ActionProvider":"Flow","ActionName":"ForEachStartLoop","Type":8,"Integration":"Loop","Parameters":[{"ParentStepIdentifier":"56350d18-cba0-4fb5-a4d1-903a88009715","ParentWorkflowIdentifier":"e8a4d311-4585-4bf5-bfdb-6a318a466ef2","Name":"AssignedUsers","Value":null},{"ParentStepIdentifier":"56350d18-cba0-4fb5-a4d1-903a88009715","ParentWorkflowIdentifier":"e8a4d311-4585-4bf5-bfdb-6a318a466ef2","Name":"EndLoopStepIdentifier","Value":"a6dd9839-7e68-4cd1-9468-12e32beec044"},{"ParentStepIdentifier":"56350d18-cba0-4fb5-a4d1-903a88009715","ParentWorkflowIdentifier":"e8a4d311-4585-4bf5-bfdb-6a318a466ef2","Name":"HasApprovalLink","Value":null},{"ParentStepIdentifier":"56350d18-cba0-4fb5-a4d1-903a88009715","ParentWorkflowIdentifier":"e8a4d311-4585-4bf5-bfdb-6a318a466ef2","Name":"ListLoopDelimiter","Value":","},{"ParentStepIdentifier":"56350d18-cba0-4fb5-a4d1-903a88009715","ParentWorkflowIdentifier":"e8a4d311-4585-4bf5-bfdb-6a318a466ef2","Name":"ListLoopItems","Value":null},{"ParentStepIdentifier":"56350d18-cba0-4fb5-a4d1-903a88009715","ParentWorkflowIdentifier":"e8a4d311-4585-4bf5-bfdb-6a318a466ef2","Name":"LoopType","Value":"1"},{"ParentStepIdentifier":"56350d18-cba0-4fb5-a4d1-903a88009715","ParentWorkflowIdentifier":"e8a4d311-4585-4bf5-bfdb-6a318a466ef2","Name":"MessageToAssignee","Value":null},{"ParentStepIdentifier":"56350d18-cba0-4fb5-a4d1-903a88009715","ParentWorkflowIdentifier":"e8a4d311-4585-4bf5-bfdb-6a318a466ef2","Name":"PendingActionTimeout","Value":null},{"ParentStepIdentifier":"56350d18-cba0-4fb5-a4d1-903a88009715","ParentWorkflowIdentifier":"e8a4d311-4585-4bf5-bfdb-6a318a466ef2","Name":"SelectedScopeName","Value":"All entities"}],"AutoSkipOnFailure":false,"IsDebugMockData":false,"StepDebugData":null,"ParentStepContainerId":null,"IsTouchedByAi":false,"StartLoopStepIdentifier":"56350d18-cba0-4fb5-a4d1-903a88009715","ParallelActions":[]},{"Identifier":"567d7414-2b31-439b-a121-9d4d24c183e5","OriginalStepIdentifier":"8e9620a1-d307-4549-819f-ac6aefbf10c0","ParentWorkflowIdentifier":"e8a4d311-4585-4bf5-bfdb-6a318a466ef2","ParentStepIdentifiers":["eeea037d-9cec-49e1-b46b-95a12a6270b9"],"ParentStepIdentifier":"eeea037d-9cec-49e1-b46b-95a12a6270b9","PreviousResultCondition":"{\"eeea037d-9cec-49e1-b46b-95a12a6270b9\":\"1\"}","InstanceName":"Add-Remove Indicator in Allowed List Block - Cyware Intel Exchange_1","IsAutomatic":true,"Name":"Add-Remove IOC from Allowed List Block - Cyware Intel Exchange","IsSkippable":false,"Description":"An embedded workflow that can receive inputs and \n\nSimulator\nPlaybook\n\n\n\n\nreturn an output.","ActionProvider":"Flow","ActionName":"NestedAction","Type":5,"Integration":"Siemplify","Parameters":[{"ParentStepIdentifier":"567d7414-2b31-439b-a121-9d4d24c183e5","ParentWorkflowIdentifier":"e8a4d311-4585-4bf5-bfdb-6a318a466ef2","Name":"AssignedUsers","Value":null},{"ParentStepIdentifier":"567d7414-2b31-439b-a121-9d4d24c183e5","ParentWorkflowIdentifier":"e8a4d311-4585-4bf5-bfdb-6a318a466ef2","Name":"HasApprovalLink","Value":null},{"ParentStepIdentifier":"567d7414-2b31-439b-a121-9d4d24c183e5","ParentWorkflowIdentifier":"e8a4d311-4585-4bf5-bfdb-6a318a466ef2","Name":"MessageToAssignee","Value":null},{"ParentStepIdentifier":"567d7414-2b31-439b-a121-9d4d24c183e5","ParentWorkflowIdentifier":"e8a4d311-4585-4bf5-bfdb-6a318a466ef2","Name":"NestedWorkflowIdentifier","Value":"93cfbb38-b489-4cf9-8707-9ae33b1589a4"},{"ParentStepIdentifier":"567d7414-2b31-439b-a121-9d4d24c183e5","ParentWorkflowIdentifier":"e8a4d311-4585-4bf5-bfdb-6a318a466ef2","Name":"NestedWorkflowInputs","Value":"[{\"FieldName\":\"Confidence Score\",\"Value\":\"[Get IOC Details.JsonResult| \\\"results.confidence_score\\\" | getByIndex(\\\"0\\\")]\\n\"},{\"FieldName\":\"IOC Value\",\"Value\":\"[Loop.Entity.Identifier]\"},{\"FieldName\":\"IOC Type\",\"Value\":\"url\"}]"},{"ParentStepIdentifier":"567d7414-2b31-439b-a121-9d4d24c183e5","ParentWorkflowIdentifier":"e8a4d311-4585-4bf5-bfdb-6a318a466ef2","Name":"PendingActionTimeout","Value":null},{"ParentStepIdentifier":"567d7414-2b31-439b-a121-9d4d24c183e5","ParentWorkflowIdentifier":"e8a4d311-4585-4bf5-bfdb-6a318a466ef2","Name":"UseEntitiesLoopScope","Value":"true"}],"AutoSkipOnFailure":false,"IsDebugMockData":false,"StepDebugData":null,"ParentStepContainerId":null,"IsTouchedByAi":false,"StartLoopStepIdentifier":"56350d18-cba0-4fb5-a4d1-903a88009715","ParallelActions":[]},{"Identifier":"70350be1-d62e-45a3-9c20-671d2b256e14","OriginalStepIdentifier":"eccdecab-08cc-45b5-a469-76e68dd801d6","ParentWorkflowIdentifier":"e8a4d311-4585-4bf5-bfdb-6a318a466ef2","ParentStepIdentifiers":["0606ba9a-cbdc-4001-9b79-c71fdbd45958"],"ParentStepIdentifier":"0606ba9a-cbdc-4001-9b79-c71fdbd45958","PreviousResultCondition":"{}","InstanceName":"Check IOC exists","IsAutomatic":true,"Name":"Condition","IsSkippable":false,"Description":"Check IOC exists in Cyware Intel Exchange.","ActionProvider":"Flow","ActionName":"IfFlowCondition","Type":4,"Integration":"Flow","Parameters":[{"ParentStepIdentifier":"70350be1-d62e-45a3-9c20-671d2b256e14","ParentWorkflowIdentifier":"e8a4d311-4585-4bf5-bfdb-6a318a466ef2","Name":"AssignedUsers","Value":null},{"ParentStepIdentifier":"70350be1-d62e-45a3-9c20-671d2b256e14","ParentWorkflowIdentifier":"e8a4d311-4585-4bf5-bfdb-6a318a466ef2","Name":"Branches","Value":"[{\"LogicalOperator\":0,\"Conditions\":[{\"Operator\":8,\"FieldName\":\"[Get IOC Details.JsonResult| \\\"results\\\"]\",\"Type\":7,\"Value\":\"\",\"CustomOperatorName\":null}],\"Order\":1,\"IsDefaultBranch\":false,\"Name\":\"Check IOC exists\"},{\"LogicalOperator\":0,\"Conditions\":[],\"Order\":2,\"IsDefaultBranch\":true,\"Name\":\"Branch\"}]"},{"ParentStepIdentifier":"70350be1-d62e-45a3-9c20-671d2b256e14","ParentWorkflowIdentifier":"e8a4d311-4585-4bf5-bfdb-6a318a466ef2","Name":"ErrorFallbackBranch","Value":null},{"ParentStepIdentifier":"70350be1-d62e-45a3-9c20-671d2b256e14","ParentWorkflowIdentifier":"e8a4d311-4585-4bf5-bfdb-6a318a466ef2","Name":"HasApprovalLink","Value":null},{"ParentStepIdentifier":"70350be1-d62e-45a3-9c20-671d2b256e14","ParentWorkflowIdentifier":"e8a4d311-4585-4bf5-bfdb-6a318a466ef2","Name":"MessageToAssignee","Value":null},{"ParentStepIdentifier":"70350be1-d62e-45a3-9c20-671d2b256e14","ParentWorkflowIdentifier":"e8a4d311-4585-4bf5-bfdb-6a318a466ef2","Name":"PendingActionTimeout","Value":null},{"ParentStepIdentifier":"70350be1-d62e-45a3-9c20-671d2b256e14","ParentWorkflowIdentifier":"e8a4d311-4585-4bf5-bfdb-6a318a466ef2","Name":"SelectedScopeName","Value":"All entities"},{"ParentStepIdentifier":"70350be1-d62e-45a3-9c20-671d2b256e14","ParentWorkflowIdentifier":"e8a4d311-4585-4bf5-bfdb-6a318a466ef2","Name":"UseEntitiesLoopScope","Value":"true"}],"AutoSkipOnFailure":false,"IsDebugMockData":false,"StepDebugData":null,"ParentStepContainerId":null,"IsTouchedByAi":false,"StartLoopStepIdentifier":"56350d18-cba0-4fb5-a4d1-903a88009715","ParallelActions":[]},{"Identifier":"950595a0-e8a1-44cd-8f79-9ebb1aa277e6","OriginalStepIdentifier":"b7992364-5803-42a4-963e-2f92f4ed6b68","ParentWorkflowIdentifier":"e8a4d311-4585-4bf5-bfdb-6a318a466ef2","ParentStepIdentifiers":["d315c577-e707-4af7-915b-0cfced853563"],"ParentStepIdentifier":"d315c577-e707-4af7-915b-0cfced853563","PreviousResultCondition":"{}","InstanceName":"Check IP Type","IsAutomatic":true,"Name":"Condition","IsSkippable":false,"Description":"This condition determines the progress of the playbook. Conditions are built based on cases data (cases, alerts, vents, entities and environment properties) as-well as data that comes back from previous playbook steps.","ActionProvider":"Flow","ActionName":"IfFlowCondition","Type":4,"Integration":"Flow","Parameters":[{"ParentStepIdentifier":"950595a0-e8a1-44cd-8f79-9ebb1aa277e6","ParentWorkflowIdentifier":"e8a4d311-4585-4bf5-bfdb-6a318a466ef2","Name":"AssignedUsers","Value":null},{"ParentStepIdentifier":"950595a0-e8a1-44cd-8f79-9ebb1aa277e6","ParentWorkflowIdentifier":"e8a4d311-4585-4bf5-bfdb-6a318a466ef2","Name":"Branches","Value":"[{\"LogicalOperator\":0,\"Conditions\":[{\"Operator\":0,\"FieldName\":\"[Detect IP Type.JsonResult| \\\"IPType\\\" | getByIndex(\\\"0\\\")]\",\"Type\":7,\"Value\":\"IPV4\",\"CustomOperatorName\":null}],\"Order\":1,\"IsDefaultBranch\":false,\"Name\":\"IPV4\"},{\"LogicalOperator\":0,\"Conditions\":[],\"Order\":3,\"IsDefaultBranch\":true,\"Name\":\"Branch\"},{\"LogicalOperator\":0,\"Conditions\":[{\"Operator\":0,\"FieldName\":\"[Detect IP Type.JsonResult| \\\"IPType\\\" | getByIndex(\\\"0\\\")]\",\"Type\":7,\"Value\":\"IPV6\",\"CustomOperatorName\":null}],\"Order\":2,\"IsDefaultBranch\":false,\"Name\":\"IPV6\"}]"},{"ParentStepIdentifier":"950595a0-e8a1-44cd-8f79-9ebb1aa277e6","ParentWorkflowIdentifier":"e8a4d311-4585-4bf5-bfdb-6a318a466ef2","Name":"ErrorFallbackBranch","Value":null},{"ParentStepIdentifier":"950595a0-e8a1-44cd-8f79-9ebb1aa277e6","ParentWorkflowIdentifier":"e8a4d311-4585-4bf5-bfdb-6a318a466ef2","Name":"HasApprovalLink","Value":null},{"ParentStepIdentifier":"950595a0-e8a1-44cd-8f79-9ebb1aa277e6","ParentWorkflowIdentifier":"e8a4d311-4585-4bf5-bfdb-6a318a466ef2","Name":"MessageToAssignee","Value":null},{"ParentStepIdentifier":"950595a0-e8a1-44cd-8f79-9ebb1aa277e6","ParentWorkflowIdentifier":"e8a4d311-4585-4bf5-bfdb-6a318a466ef2","Name":"PendingActionTimeout","Value":null},{"ParentStepIdentifier":"950595a0-e8a1-44cd-8f79-9ebb1aa277e6","ParentWorkflowIdentifier":"e8a4d311-4585-4bf5-bfdb-6a318a466ef2","Name":"SelectedScopeName","Value":"All entities"},{"ParentStepIdentifier":"950595a0-e8a1-44cd-8f79-9ebb1aa277e6","ParentWorkflowIdentifier":"e8a4d311-4585-4bf5-bfdb-6a318a466ef2","Name":"UseEntitiesLoopScope","Value":"true"}],"AutoSkipOnFailure":false,"IsDebugMockData":false,"StepDebugData":null,"ParentStepContainerId":null,"IsTouchedByAi":false,"StartLoopStepIdentifier":"56350d18-cba0-4fb5-a4d1-903a88009715","ParallelActions":[]},{"Identifier":"a6dd9839-7e68-4cd1-9468-12e32beec044","OriginalStepIdentifier":"f93cc70d-149c-4e83-bbe0-9ef120b16201","ParentWorkflowIdentifier":"e8a4d311-4585-4bf5-bfdb-6a318a466ef2","ParentStepIdentifiers":["567d7414-2b31-439b-a121-9d4d24c183e5","4fdb8204-d28d-48ba-9984-1f3aef671edd","0d270b57-1617-44b8-aec1-476e60a9fa13","2898f12e-5ea6-4be1-a52e-9acebfb31a13","c4e9f0b1-db93-431f-8066-0b0ef5f3f625","463e86bd-fdc8-4698-86dc-c8f32b640494","950595a0-e8a1-44cd-8f79-9ebb1aa277e6","2b2065dc-a2f9-43a8-8245-ef06c1c05c50"],"ParentStepIdentifier":"567d7414-2b31-439b-a121-9d4d24c183e5;4fdb8204-d28d-48ba-9984-1f3aef671edd;0d270b57-1617-44b8-aec1-476e60a9fa13;2898f12e-5ea6-4be1-a52e-9acebfb31a13;c4e9f0b1-db93-431f-8066-0b0ef5f3f625;463e86bd-fdc8-4698-86dc-c8f32b640494;950595a0-e8a1-44cd-8f79-9ebb1aa277e6;2b2065dc-a2f9-43a8-8245-ef06c1c05c50","PreviousResultCondition":"{\"950595a0-e8a1-44cd-8f79-9ebb1aa277e6\":\"3\"}","InstanceName":"Iterate Entities_End","IsAutomatic":true,"Name":"For Each Loop","IsSkippable":false,"Description":"This returns the results of the loop","ActionProvider":"Flow","ActionName":"ForEachEndLoop","Type":9,"Integration":"Loop","Parameters":[],"AutoSkipOnFailure":false,"IsDebugMockData":false,"StepDebugData":null,"ParentStepContainerId":null,"IsTouchedByAi":false,"StartLoopStepIdentifier":"56350d18-cba0-4fb5-a4d1-903a88009715","ParallelActions":[]},{"Identifier":"c4e9f0b1-db93-431f-8066-0b0ef5f3f625","OriginalStepIdentifier":"1b245689-90d8-4574-adea-1d6f53abd3bf","ParentWorkflowIdentifier":"e8a4d311-4585-4bf5-bfdb-6a318a466ef2","ParentStepIdentifiers":["950595a0-e8a1-44cd-8f79-9ebb1aa277e6"],"ParentStepIdentifier":"950595a0-e8a1-44cd-8f79-9ebb1aa277e6","PreviousResultCondition":"{\"950595a0-e8a1-44cd-8f79-9ebb1aa277e6\":\"1\"}","InstanceName":"Add-Remove Indicator in Allowed List Block - Cyware Intel Exchange_4","IsAutomatic":true,"Name":"Add-Remove IOC from Allowed List Block - Cyware Intel Exchange","IsSkippable":false,"Description":"An embedded workflow that can receive inputs and \n\nSimulator\nPlaybook\n\n\n\n\nreturn an output.","ActionProvider":"Flow","ActionName":"NestedAction","Type":5,"Integration":"Siemplify","Parameters":[{"ParentStepIdentifier":"c4e9f0b1-db93-431f-8066-0b0ef5f3f625","ParentWorkflowIdentifier":"e8a4d311-4585-4bf5-bfdb-6a318a466ef2","Name":"AssignedUsers","Value":null},{"ParentStepIdentifier":"c4e9f0b1-db93-431f-8066-0b0ef5f3f625","ParentWorkflowIdentifier":"e8a4d311-4585-4bf5-bfdb-6a318a466ef2","Name":"HasApprovalLink","Value":"false"},{"ParentStepIdentifier":"c4e9f0b1-db93-431f-8066-0b0ef5f3f625","ParentWorkflowIdentifier":"e8a4d311-4585-4bf5-bfdb-6a318a466ef2","Name":"MessageToAssignee","Value":null},{"ParentStepIdentifier":"c4e9f0b1-db93-431f-8066-0b0ef5f3f625","ParentWorkflowIdentifier":"e8a4d311-4585-4bf5-bfdb-6a318a466ef2","Name":"NestedWorkflowIdentifier","Value":"93cfbb38-b489-4cf9-8707-9ae33b1589a4"},{"ParentStepIdentifier":"c4e9f0b1-db93-431f-8066-0b0ef5f3f625","ParentWorkflowIdentifier":"e8a4d311-4585-4bf5-bfdb-6a318a466ef2","Name":"NestedWorkflowInputs","Value":"[{\"FieldName\":\"Confidence Score\",\"Value\":\"[Get IOC Details.JsonResult| \\\"results.confidence_score\\\" | getByIndex(\\\"0\\\")]\"},{\"FieldName\":\"IOC Value\",\"Value\":\"[Loop.Entity.Identifier]\"},{\"FieldName\":\"IOC Type\",\"Value\":\"ipv4-addr\"}]"},{"ParentStepIdentifier":"c4e9f0b1-db93-431f-8066-0b0ef5f3f625","ParentWorkflowIdentifier":"e8a4d311-4585-4bf5-bfdb-6a318a466ef2","Name":"PendingActionTimeout","Value":null},{"ParentStepIdentifier":"c4e9f0b1-db93-431f-8066-0b0ef5f3f625","ParentWorkflowIdentifier":"e8a4d311-4585-4bf5-bfdb-6a318a466ef2","Name":"UseEntitiesLoopScope","Value":"true"}],"AutoSkipOnFailure":false,"IsDebugMockData":false,"StepDebugData":null,"ParentStepContainerId":null,"IsTouchedByAi":false,"StartLoopStepIdentifier":"56350d18-cba0-4fb5-a4d1-903a88009715","ParallelActions":[]},{"Identifier":"d315c577-e707-4af7-915b-0cfced853563","OriginalStepIdentifier":"1a2b6f14-44f5-4292-a5dd-a25f186f1507","ParentWorkflowIdentifier":"e8a4d311-4585-4bf5-bfdb-6a318a466ef2","ParentStepIdentifiers":["eeea037d-9cec-49e1-b46b-95a12a6270b9"],"ParentStepIdentifier":"eeea037d-9cec-49e1-b46b-95a12a6270b9","PreviousResultCondition":"{\"eeea037d-9cec-49e1-b46b-95a12a6270b9\":\"4\"}","InstanceName":"Detect IP Type","IsAutomatic":true,"Name":"Functions_Detect IP Type","IsSkippable":false,"Description":"This action checks if an IP is an IPv4 address or IPv6 address.  IP Address entities will be enriched with IPType field.","ActionProvider":"Scripts","ActionName":"Functions_Detect IP Type","Type":0,"Integration":"Functions","Parameters":[{"ParentStepIdentifier":"d315c577-e707-4af7-915b-0cfced853563","ParentWorkflowIdentifier":"e8a4d311-4585-4bf5-bfdb-6a318a466ef2","Name":"AssignedUsers","Value":null},{"ParentStepIdentifier":"d315c577-e707-4af7-915b-0cfced853563","ParentWorkflowIdentifier":"e8a4d311-4585-4bf5-bfdb-6a318a466ef2","Name":"DynamicInjectionInstancePlaceholder","Value":""},{"ParentStepIdentifier":"d315c577-e707-4af7-915b-0cfced853563","ParentWorkflowIdentifier":"e8a4d311-4585-4bf5-bfdb-6a318a466ef2","Name":"FallbackIntegrationInstance","Value":null},{"ParentStepIdentifier":"d315c577-e707-4af7-915b-0cfced853563","ParentWorkflowIdentifier":"e8a4d311-4585-4bf5-bfdb-6a318a466ef2","Name":"FetchInstanceByName","Value":"false"},{"ParentStepIdentifier":"d315c577-e707-4af7-915b-0cfced853563","ParentWorkflowIdentifier":"e8a4d311-4585-4bf5-bfdb-6a318a466ef2","Name":"HasApprovalLink","Value":null},{"ParentStepIdentifier":"d315c577-e707-4af7-915b-0cfced853563","ParentWorkflowIdentifier":"e8a4d311-4585-4bf5-bfdb-6a318a466ef2","Name":"IntegrationInstance","Value":"AutomaticEnvironment"},{"ParentStepIdentifier":"d315c577-e707-4af7-915b-0cfced853563","ParentWorkflowIdentifier":"e8a4d311-4585-4bf5-bfdb-6a318a466ef2","Name":"MessageToAssignee","Value":null},{"ParentStepIdentifier":"d315c577-e707-4af7-915b-0cfced853563","ParentWorkflowIdentifier":"e8a4d311-4585-4bf5-bfdb-6a318a466ef2","Name":"PendingActionTimeout","Value":null},{"ParentStepIdentifier":"d315c577-e707-4af7-915b-0cfced853563","ParentWorkflowIdentifier":"e8a4d311-4585-4bf5-bfdb-6a318a466ef2","Name":"RetryConfiguration","Value":"{\"Enabled\":false,\"IntervalInSeconds\":30,\"NumberOfRetries\":1}"},{"ParentStepIdentifier":"d315c577-e707-4af7-915b-0cfced853563","ParentWorkflowIdentifier":"e8a4d311-4585-4bf5-bfdb-6a318a466ef2","Name":"ScriptName","Value":"Functions_Detect IP Type"},{"ParentStepIdentifier":"d315c577-e707-4af7-915b-0cfced853563","ParentWorkflowIdentifier":"e8a4d311-4585-4bf5-bfdb-6a318a466ef2","Name":"ScriptParametersEntityFields","Value":"{\"IP Addresses\":\"[Loop.Entity.Identifier]\"}"},{"ParentStepIdentifier":"d315c577-e707-4af7-915b-0cfced853563","ParentWorkflowIdentifier":"e8a4d311-4585-4bf5-bfdb-6a318a466ef2","Name":"SelectedScopeName","Value":"All entities"},{"ParentStepIdentifier":"d315c577-e707-4af7-915b-0cfced853563","ParentWorkflowIdentifier":"e8a4d311-4585-4bf5-bfdb-6a318a466ef2","Name":"UseEntitiesLoopScope","Value":"true"}],"AutoSkipOnFailure":false,"IsDebugMockData":false,"StepDebugData":null,"ParentStepContainerId":null,"IsTouchedByAi":false,"StartLoopStepIdentifier":"56350d18-cba0-4fb5-a4d1-903a88009715","ParallelActions":[]},{"Identifier":"eeea037d-9cec-49e1-b46b-95a12a6270b9","OriginalStepIdentifier":"eac60784-70f1-44a9-bbd0-5523daf73950","ParentWorkflowIdentifier":"e8a4d311-4585-4bf5-bfdb-6a318a466ef2","ParentStepIdentifiers":["70350be1-d62e-45a3-9c20-671d2b256e14"],"ParentStepIdentifier":"70350be1-d62e-45a3-9c20-671d2b256e14","PreviousResultCondition":"{\"70350be1-d62e-45a3-9c20-671d2b256e14\":\"1\"}","InstanceName":"Check IOC Type","IsAutomatic":true,"Name":"Condition","IsSkippable":false,"Description":"This condition determines the progress of the playbook. Conditions are built based on cases data (cases, alerts, vents, entities and environment properties) as-well as data that comes back from previous playbook steps.","ActionProvider":"Flow","ActionName":"IfFlowCondition","Type":4,"Integration":"Flow","Parameters":[{"ParentStepIdentifier":"eeea037d-9cec-49e1-b46b-95a12a6270b9","ParentWorkflowIdentifier":"e8a4d311-4585-4bf5-bfdb-6a318a466ef2","Name":"AssignedUsers","Value":null},{"ParentStepIdentifier":"eeea037d-9cec-49e1-b46b-95a12a6270b9","ParentWorkflowIdentifier":"e8a4d311-4585-4bf5-bfdb-6a318a466ef2","Name":"Branches","Value":"[{\"LogicalOperator\":0,\"Conditions\":[{\"Operator\":0,\"FieldName\":\"[Entity.Type]\",\"Type\":7,\"Value\":\"DestinationURL\",\"CustomOperatorName\":null}],\"Order\":1,\"IsDefaultBranch\":false,\"Name\":\"URL\"},{\"LogicalOperator\":0,\"Conditions\":[],\"Order\":5,\"IsDefaultBranch\":true,\"Name\":\"Branch\"},{\"LogicalOperator\":0,\"Conditions\":[{\"Operator\":0,\"FieldName\":\"[Entity.Type]\",\"Type\":7,\"Value\":\"DOMAIN\",\"CustomOperatorName\":null}],\"Order\":2,\"IsDefaultBranch\":false,\"Name\":\"Domain\"},{\"LogicalOperator\":0,\"Conditions\":[{\"Operator\":0,\"FieldName\":\"[Entity.Type]\",\"Type\":7,\"Value\":\"EMAILSUBJECT\",\"CustomOperatorName\":null}],\"Order\":3,\"IsDefaultBranch\":false,\"Name\":\"Email\"},{\"LogicalOperator\":0,\"Conditions\":[{\"Operator\":0,\"FieldName\":\"[Entity.Type]\",\"Type\":7,\"Value\":\"ADDRESS\",\"CustomOperatorName\":null}],\"Order\":4,\"IsDefaultBranch\":false,\"Name\":\"Address\"}]"},{"ParentStepIdentifier":"eeea037d-9cec-49e1-b46b-95a12a6270b9","ParentWorkflowIdentifier":"e8a4d311-4585-4bf5-bfdb-6a318a466ef2","Name":"ErrorFallbackBranch","Value":null},{"ParentStepIdentifier":"eeea037d-9cec-49e1-b46b-95a12a6270b9","ParentWorkflowIdentifier":"e8a4d311-4585-4bf5-bfdb-6a318a466ef2","Name":"HasApprovalLink","Value":null},{"ParentStepIdentifier":"eeea037d-9cec-49e1-b46b-95a12a6270b9","ParentWorkflowIdentifier":"e8a4d311-4585-4bf5-bfdb-6a318a466ef2","Name":"MessageToAssignee","Value":null},{"ParentStepIdentifier":"eeea037d-9cec-49e1-b46b-95a12a6270b9","ParentWorkflowIdentifier":"e8a4d311-4585-4bf5-bfdb-6a318a466ef2","Name":"PendingActionTimeout","Value":null},{"ParentStepIdentifier":"eeea037d-9cec-49e1-b46b-95a12a6270b9","ParentWorkflowIdentifier":"e8a4d311-4585-4bf5-bfdb-6a318a466ef2","Name":"SelectedScopeName","Value":"All entities"},{"ParentStepIdentifier":"eeea037d-9cec-49e1-b46b-95a12a6270b9","ParentWorkflowIdentifier":"e8a4d311-4585-4bf5-bfdb-6a318a466ef2","Name":"UseEntitiesLoopScope","Value":"true"}],"AutoSkipOnFailure":false,"IsDebugMockData":false,"StepDebugData":null,"ParentStepContainerId":null,"IsTouchedByAi":false,"StartLoopStepIdentifier":"56350d18-cba0-4fb5-a4d1-903a88009715","ParallelActions":[]}],"Triggers":[{"Identifier":"41e159b6-17b6-49f0-99d5-b5300415510e","IsEnabled":false,"DefinitionIdentifier":"e8a4d311-4585-4bf5-bfdb-6a318a466ef2","Type":3,"WorkflowName":null,"LogicalOperator":0,"Conditions":[{"FieldName":"","MatchType":0,"Value":"Cyware Intel Exchange","CustomOperatorName":null}],"ReactionLogicalOperator":1,"ReactionConditions":null,"Environments":["*"]}],"OverviewTemplates":[],"Permissions":[],"Environments":["*"]}}